Date,Item,Min
2026-06-09,Adamant Enchant Scroll,"1,000,000"
2026-06-09,Advance Enchant Scroll,"499,999"
2026-06-09,Advent Enchant Scroll,"19,000,000"
2026-06-09,Adversarial Enchant Scroll,"28,600,000"
2026-06-09,Agonizing Enchant Scroll,"5,000"
2026-06-09,Amplified Enchant Scroll,"29,000,000"
2026-06-09,Ancient Enchant Scroll,"7,999,999"
2026-06-09,Berserker Enchant Scroll,"50,000"
2026-06-09,Blessed Magic Elixir,"38,997"
2026-06-09,Bloodlust Enchant Scroll,"5,000,000"
2026-06-09,Bountiful Enchant Scroll,"38,400,000"
2026-06-09,Brutal Enchant Scroll,"3,000,000"
2026-06-09,Capture Enchant Scroll,"144,500"
2026-06-09,Challenging Enchant Scroll,"100,000"
2026-06-09,Chaos Enchant Scroll,"30,000"
2026-06-09,Chaotic Enchant Scroll,"1,999,999"
2026-06-09,Chaser's Enchant Scroll,"2,300,000"
2026-06-09,Clash Enchant Scroll,"5,100,000"
2026-06-09,Concentrated Enchant Scroll,"4,444,000"
2026-06-09,Concerted Enchant Scroll,"450,000"
2026-06-09,Consume Enchant Scroll,"7,350,536"
2026-06-09,Conviction Enchant Scroll,"250,000"
2026-06-09,Cool Enchant Scroll,"299,999"
2026-06-09,Dash Enchant Scroll,"100,000"
2026-06-09,Destructive Enchant Scroll,"1,000,000"
2026-06-09,Dignified Enchant Scroll,"1,750,000"
2026-06-09,Divine Punishment Enchant Scroll,"2,222,222"
2026-06-09,Enmity Enchant Scroll,"6,666,665"
2026-06-09,Enthusiastic Enchant Scroll,"1,500,000"
2026-06-09,Escalating Enchant Scroll,"30,000,000"
2026-06-09,Eternal Enchant Scroll,"27,000,000"
2026-06-09,Executing Enchant Scroll,"88,800,000"
2026-06-09,Expeditionary Enchant Scroll,"20,000"
2026-06-09,Fading Enchant Scroll,"150,000"
2026-06-09,Fate Enchant Scroll,"400,000,000"
2026-06-09,Fighting Spirit Enchant Scroll,"18,700,000"
2026-06-09,Fleet Enchant Scroll,"10,000"
2026-06-09,Forgotten Enchant Scroll,"4,000,000"
2026-06-09,Frenzy Enchant Scroll,"25,000,000"
2026-06-09,Heartless Enchant Scroll,"98,000"
2026-06-09,Hollow Enchant Scroll,"54,000,000"
2026-06-09,Immoral Enchant Scroll,"50,000"
2026-06-09,Impaling Enchant Scroll,"4,999,500"
2026-06-09,Indomitable Enchant Scroll,"22,999,999"
2026-06-09,Infinite Enchant Scroll,"350,000"
2026-06-09,Instant Enchant Scroll,"24,999,500"
2026-06-09,Irate Enchant Scroll,"6,800,000"
2026-06-09,Judgment Enchant Scroll,"9,999,500"
2026-06-09,Lament Enchant Scroll,"4,444,441"
2026-06-09,Madness Enchant Scroll,"1,900,000"
2026-06-09,Meditating Enchant Scroll,"300,000"
2026-06-09,Memorable Enchant Scroll,"50,000"
2026-06-09,Mystic Enchant Scroll,"53,996,738"
2026-06-09,Outburst Enchant Scroll,"449,999"
2026-06-09,Passion Enchant Scroll,"4,500,000"
2026-06-09,Peaceful Enchant Scroll,"200,000"
2026-06-09,Petite Enchant Scroll,"500,000"
2026-06-09,Petrify Enchant Scroll,"550,000"
2026-06-09,Praise Enchant Scroll,"35,000,000"
2026-06-09,Prophetic Enchant Scroll,"9,000,000"
2026-06-09,Raging Enchant Scroll,"749,999"
2026-06-09,Reflection Enchant Scroll,"30,000,000"
2026-06-09,Resolved Enchant Scroll,"495,000"
2026-06-09,Revenge Enchant Scroll,"5,000,000"
2026-06-09,Sealed Enchant Scroll,"150,000"
2026-06-09,Shrewd Enchant Scroll,"1,919,372"
2026-06-09,Solitude Enchant Scroll,"1,928,444"
2026-06-09,Sorrowful Enchant Scroll,"999,998"
2026-06-09,Soul Enchant Scroll,"1,000,000"
2026-06-09,Space Time Enchant Scroll,"175,000"
2026-06-09,Sparkling Enchant Scroll,"222,222"
2026-06-09,Special Dungeon: Enchant Pouch,"9,399,999"
2026-06-09,Spirited Enchant Scroll,"5,000,000"
2026-06-09,Stern Enchant Scroll,"5,500,000"
2026-06-09,Stigma Enchant Scroll,"19,000"
2026-06-09,Stylish Enchant Scroll,"17,000,616"
2026-06-09,Subdued Enchant Scroll,"500,000"
2026-06-09,Tempestuous Enchant Scroll,"15,000,000"
2026-06-09,The Dead Enchant Scroll,"200,000"
2026-06-09,Tragic Enchant Scroll,"42,000,000"
2026-06-09,Transcendent Enchant Scroll,"16,800,000"
2026-06-09,Trial Enchant Scroll,"27,000,000"
2026-06-09,Tricky Enchant Scroll,"5,000"
2026-06-09,Valor Enchant Scroll,"4,444,443"
2026-06-09,Vehement Enchant Scroll,"650,000"
2026-06-09,Veiled Enchant Scroll,"27,492,895"
2026-06-09,Victorious Enchant Scroll,"12,000,000"
2026-06-09,Wave Enchant Scroll,"40,000,000"
2026-06-09,Weeping Enchant Scroll,"99,999"
2026-06-09,Well-Balanced Enchant Scroll,"2,222,222"
2026-06-09,Wish Enchant Scroll,"487,500"
2026-06-09,Withered Enchant Scroll,"27,399,760"
2026-06-09,Charging Enchant Scroll,"1,000,000"
2026-06-09,Calm Enchant Scroll,100
2026-06-09,Significant Enchant Scroll,"3,333,333"
2026-06-09,Valor Enchant Scroll,"4,500,000"
2026-06-09,Abomination's Essence: Chest Armor,"555,800"
2026-06-09,Abomination's Essence: Grand Targe,"555,800"
2026-06-09,Abomination's Essence: Large Shield,"55,799"
2026-06-09,Abomination's Essence: Leg Armor,"734,000"
2026-06-09,Ardri's Essence: Chest Armor,"1,849,999"
2026-06-09,Ardri's Essence: Feet Armor,"1,299,999"
2026-06-09,Ardri's Essence: Hand Armor,"1,700,000"
2026-06-09,Ardri's Essence: Head Armor,"1,500,000"
2026-06-09,Ardri's Essence: Leg Armor,"1,699,997"
2026-06-09,Ardri's Essence: Weapon,"1,599,998"
2026-06-09,Astera's Essence: Chest Armor,"555,000"
2026-06-09,Astera's Essence: Feet Armor,"5,000,000"
2026-06-09,Astera's Essence: Hand Armor,"555,800"
2026-06-09,Astera's Essence: Head Armor,"4,000,000"
2026-06-09,Astera's Essence: Leg Armor,"375,900"
2026-06-09,Astera's Essence: Weapon,"200,000"
2026-06-09,Braha's Essence: Chest Armor,"200,000"
2026-06-09,Braha's Essence: Hand Armor,"200,000"
2026-06-09,Braha's Essence: Head Armor,"150,000"
2026-06-09,Braha's Essence: Shield,"140,000"
2026-06-09,Braha's Essence: Weapon,"5,000,000"
2026-06-09,Bres's Moonlight Essence,"8,400,000"
2026-06-09,Bres's Shadow Essence,"4,000,000"
2026-06-09,Dullahan's Essence: Chest Armor,"555,800"
2026-06-09,Dullahan's Essence: Feet Armor,"444,800"
2026-06-09,Dullahan's Essence: Grand Targe,"555,800"
2026-06-09,Dullahan's Essence: Hand Armor,"444,800"
2026-06-09,Dullahan's Essence: Head Armor,"550,000"
2026-06-09,Dullahan's Essence: Large Shield,"500,000"
2026-06-09,Dullahan's Essence: Leg Armor,"175,950"
2026-06-09,Dullahan's Essence: Shield,"555,000"
2026-06-09,Dullahan's Essence: Weapon,"2,255,800"
2026-06-09,Emmett's Essence,"4,000,000"
2026-06-09,Enok's Essence,"2,999,800"
2026-06-09,Eriu Fragment: Chest Armor,"3,313,375"
2026-06-09,Eriu Fragment: Head Armor,"3,000,000"
2026-06-09,Eriu Fragment: Leg Armor,"3,653,215"
2026-06-09,Eriu Fragment: Roots of Abundance,"10,000,000"
2026-06-09,Eriu Fragment: Starlight Belt,"5,900,000"
2026-06-09,Eriu Fragment: Weapon,"3,309,262"
2026-06-09,Jarnir's Essence,"4,900,000"
2026-06-09,Keen Eriu Crystal,"1,499,998"
2026-06-09,Keen Legacy Shard,"700,000"
2026-06-09,Keen Legendary Chunk,"555,800"
2026-06-09,Keen Legendary Ore,"5,000,000"
2026-06-09,Keen Succession Ore,"999,999"
2026-06-09,Keen Succession Shard,"244,444"
2026-06-09,Keen Uaithne Crystal,"3,000,000"
2026-06-09,Lightweight Eriu Crystal,"810,000"
2026-06-09,Lightweight Legacy Shard,"499,999"
2026-06-09,Lightweight Legendary Chunk,"555,800"
2026-06-09,Lightweight Legendary Ore,"1,000,000"
2026-06-09,Lightweight Legendary Shard,"8,999,999"
2026-06-09,Lightweight Succession Ore,"900,000"
2026-06-09,Lightweight Uaithne Crystal,"2,300,000"
2026-06-09,Naberius's Essence,"1,200,000"
2026-06-09,Orna's Essence: Chest Armor,"2,100,000"
2026-06-09,Orna's Essence: Feet Armor,"2,000,000"
2026-06-09,Orna's Essence: Hand Armor,"1,899,932"
2026-06-09,Orna's Essence: Head Armor,"1,400,000"
2026-06-09,Orna's Essence: Leg Armor,"2,000,000"
2026-06-09,Orna's Essence: Weapon,"2,000,000"
2026-06-09,Perfect Legendary Chunk,"555,800"
2026-06-09,Perfect Legendary Ore,"900,000"
2026-06-09,Perfect Succession Ore,"983,915"
2026-06-09,Perfect Uaithne Crystal,"2,599,901"
2026-06-09,Regina's Feather: Head Armor,"100,000"
2026-06-09,Regina's Feather: Large Shield,"2,222,800"
2026-06-09,Regina's Feather: Shield,"300,000"
2026-06-09,Regina's Feather: Weapon,"5,000,000"
2026-06-09,Robust Eriu Crystal,"2,475,000"
2026-06-09,Robust Uaithne Crystal,"786,120"
2026-06-09,Smooth Eriu Crystal,"2,519,250"
2026-06-09,Smooth Legacy Shard,"499,999"
2026-06-09,Smooth Legendary Chunk,"44,800"
2026-06-09,Smooth Legendary Ore,"555,800"
2026-06-09,Smooth Legendary Shard,"150,000"
2026-06-09,Smooth Succession Ore,"1,500,000"
2026-06-09,Smooth Succession Shard,"200,000"
2026-06-09,Smooth Uaithne Crystal,"516,986"
2026-06-09,Solid Eriu Crystal,"870,576"
2026-06-09,Solid Legacy Shard,"800,000"
2026-06-09,Solid Legendary Chunk,"555,000"
2026-06-09,Solid Legendary Ore,"444,800"
2026-06-09,Solid Legendary Shard,"1,000,000"
2026-06-09,Solid Succession Ore,"1,064,249"
2026-06-09,Solid Succession Shard,"222,800"
2026-06-09,Solid Uaithne Crystal,"839,000"
2026-06-09,Stable Eriu Crystal,"2,525,000"
2026-06-09,Stable Legacy Shard,"600,000"
2026-06-09,Stable Legendary Chunk,"555,800"
2026-06-09,Stable Legendary Shard,"9,999,999"
2026-06-09,Stable Succession Ore,"344,444"
2026-06-09,Stable Succession Shard,"7,000,000"
2026-06-09,Stable Uaithne Crystal,"3,170,000"
2026-06-09,Terminus Sentinel Essence: Hand Armor,"444,800"
2026-06-09,Terminus Sentinel Essence: Shield,"999,800"
2026-06-09,Uaithne Fragment: Chest Armor,"4,065,721"
2026-06-09,Uaithne Fragment: Feet Armor,"3,700,000"
2026-06-09,Uaithne Fragment: Hand Armor,"3,300,000"
2026-06-09,Uaithne Fragment: Head Armor,"4,850,000"
2026-06-09,Uaithne Fragment: Leg Armor,"3,099,999"
2026-06-09,Uaithne Fragment: The Cursed Belt,"6,000,000"
2026-06-09,Uaithne Fragment: The Sun's Wish,"5,000,000"
2026-06-09,Uaithne Fragment: Token of Quiet,"12,000,000"
2026-06-09,Uaithne Fragment: Token of Silence,"7,300,000"
2026-06-09,Uaithne Fragment: Weapon,"4,100,000"
2026-06-09,Dullahan's Essence,"444,800"
2026-06-09,Gorbas' Essence,"9,000,000"
2026-06-09,Lucian's Essence,"2,475,000"
2026-06-09,Morgant's Essence,"1,999,999"
2026-06-09,Orna's Essence,"2,000,000"
2026-06-09,Ragnahim's Essence,"2,000,000"
2026-06-09,Semias' Essence,"3,666,666"
2026-06-09,Spinos' Essence,"7,199,000"
2026-06-09,Sreng's Essence,"40,000,000"
2026-06-09,Uscias' Essence,"2,604,444"
2026-06-09,Greater Bronze Lion Statue,"3,000,000"
2026-06-09,Greater Mysterious Cat Statue,"2,000,000"
2026-06-09,Greater War Goddess Statue,"149,999"
2026-06-09,The Watcher's Glowing Succubus Fang,"95,000,000"
2026-06-09,The Watcher's Mysterious Cat Statue,"32,000,000"
2026-06-09,The Watcher's Rusty Mysterious Cat Statue,"4,204,267"
2026-06-09,The Watcher's Rusty Succubus Fang,"3,000,000"
2026-06-09,The Watcher's Rusty War Goddess Statue,"3,798,888"
2026-06-09,The Watcher's Rusty Werewolf Paw,"35,555,000"
2026-06-09,The Watcher's Glowing War Goddess Statue,"100,000,000"
2026-06-09,The Watcher's Glowing Werewolf Paw,"120,000,000"
2026-06-09,The Watcher's Succubus Fang,"24,000,000"
2026-06-09,The Watcher's War Goddess Statue,"26,000,000"
2026-06-09,The Watcher's Werewolf Paw,"39,000,000"
2026-06-10,Eriu Fragment: Auxiliary Equipment,"6,900,000"
2026-06-10,Eriu Fragment: Chest Armor,"3,000,000"
2026-06-10,Eriu Fragment: Head Armor,"3,307,716"
2026-06-10,Eriu Fragment: Leg Armor,"3,352,000"
2026-06-10,Eriu Fragment: Starlight Belt,"6,000,000"
2026-06-10,Eriu Fragment: Weapon,"3,300,000"
2026-06-10,Uaithne Fragment: Auxiliary Equipment,"1,500,000"
2026-06-10,Uaithne Fragment: Chest Armor,"3,700,000"
2026-06-10,Uaithne Fragment: Feet Armor,"3,750,000"
2026-06-10,Uaithne Fragment: Hand Armor,"3,500,809"
2026-06-10,Uaithne Fragment: Head Armor,"4,100,000"
2026-06-10,Uaithne Fragment: Leg Armor,"2,800,000"
2026-06-10,Uaithne Fragment: The Cursed Belt,"5,999,999"
2026-06-10,Uaithne Fragment: The Sun's Wish,"4,800,000"
2026-06-10,Uaithne Fragment: Token of Quiet,"9,700,000"
2026-06-10,Uaithne Fragment: Token of Silence,"6,750,000"
2026-06-10,Ardri's Essence,"100,000"
2026-06-10,Gorbas' Essence,"8,000,000"
2026-06-10,Lucian's Essence,"2,875,089"
2026-06-10,Morgant's Essence,"2,377,999"
2026-06-10,Orna's Essence,"1,006,642"
2026-06-10,Ragnahim's Essence,"2,000,000"
2026-06-10,Semias' Essence,"4,088,623"
2026-06-10,Spinos' Essence,"4,000,000"
2026-06-10,Sreng's Essence,"40,000,000"
2026-06-10,Uscias' Essence,"2,604,444"
2026-06-10,Ancient Erg Crystal,"4,933"
2026-06-10,Artisan's Refined Flask,"4,650"
2026-06-10,Artisan's Sturdy Flask,"58,888"
2026-06-10,Emptiness Erg Crystal,"2,700"
2026-06-10,Enhanced New Era Cloth,"46,800"
2026-06-10,Enhanced New Era Leather,"37,500"
2026-06-10,Enhanced New Era Orb,"18,750"
2026-06-10,Enhanced New Era Ore,"54,000"
2026-06-10,Eternity Erg Crystal,"10,000"
2026-06-10,Flask of Niflheim,"1,200,000"
2026-06-10,Hoarfrost Hollow Erg Crystal,"10,100"
2026-06-10,Life Erg Crystal,"6,969"
2026-06-10,Life Spirit Remnant,"13,337"
2026-06-10,Light Erg Crystal,"27,000"
2026-06-10,New Era Cloth,"39,098"
2026-06-10,New Era Leather,"33,650"
2026-06-10,New Era Orb,"9,000"
2026-06-10,New Era Ore,"9,800"
2026-06-10,Orb,"8,150"
2026-06-10,Paradise Orb,"2,776"
2026-06-10,Prairie Erg Crystal,"8,615"
2026-06-10,Rage Erg Crystal,"9,000"
2026-06-10,Sacred Erg Crystal,"8,000"
2026-06-10,Silence Erg Crystal,"3,000"
2026-06-10,Spirit Remnant,"2,295"
2026-06-10,Twilight Erg Crystal,"3,888"
2026-06-10,Uaithne Remnant,"1,079"
2026-06-10,Water Erg Crystal,"6,900"
2026-06-10,Abomination's Essence: Leg Armor,"734,000"
2026-06-10,Ardri's Essence: Leg Armor,"1,699,996"
2026-06-10,Astera's Essence: Leg Armor,"40,000"
2026-06-10,Braha's Essence: Leg Armor,"200,000"
2026-06-10,Dullahan's Essence: Leg Armor,"175,950"
2026-06-10,Lugh Lamhfada's Essence: Leg Armor,"500,000"
2026-06-10,Milletian's Essence: Leg Armor,"1,500,000"
2026-06-10,Orna's Essence: Leg Armor,"1,900,000"
2026-06-10,Uaithne Fragment: Leg Armor,"2,743,499"
2026-06-10,Bountiful Enchant Scroll,"7,800,000"
2026-06-10,Executing Enchant Scroll,"84,444,444"
2026-06-10,Fate Enchant Scroll,"440,000,000"
2026-06-10,Hollow Enchant Scroll,"52,999,900"
2026-06-10,Madness Enchant Scroll,"41,999,999"
2026-06-10,Mystic Enchant Scroll,"58,888,888"
2026-06-10,Reflection Enchant Scroll,"60,000,000"
2026-06-10,Tragic Enchant Scroll,"39,999,500"
2026-06-10,Wave Enchant Scroll,"40,000,000"
2026-06-10,Keen Uaithne Crystal,"2,777,777"
2026-06-10,Lightweight Uaithne Crystal,"3,100,000"
2026-06-10,Perfect Uaithne Crystal,"3,298,853"
2026-06-10,Robust Uaithne Crystal,"1,030,000"
2026-06-10,Smooth Uaithne Crystal,"467,988"
2026-06-10,Solid Uaithne Crystal,"800,000"
2026-06-10,Stable Uaithne Crystal,"3,192,384"
2026-06-10,Uaithne Crystal,"15,999,999"
2026-06-10,Unrelenting Uaithne Crystal,"777,776"
2026-06-10,Greater Succubus Fang,"250,000"
2026-06-11,Abyssal Shard Grade 1,"130,000"
2026-06-11,Abyssal Shard Grade 2,"700,000"
2026-06-11,Abyssal Shard Grade 3,"1,444,444"
2026-06-11,Mysterious Shard Grade 1,"79,000"
2026-06-11,Mysterious Shard Grade 2,"240,000"
2026-06-11,Mysterious Shard Grade 3,"987,650"
2026-06-11,Uaithne Crystal,"16,499,999"
2026-06-11,Adamant Enchant Scroll,"2,222,222"
2026-06-11,Advance Enchant Scroll,"979,000"
2026-06-11,Agonizing Enchant Scroll,"5,000"
2026-06-11,Ancient Enchant Scroll,"7,500,000"
2026-06-11,Armadillo Enchant Scroll,"20,000"
2026-06-11,Berserker Enchant Scroll,"4,444,444"
2026-06-11,Blessed Magic Elixir,"38,000"
2026-06-11,Bloodlust Enchant Scroll,"4,444,444"
2026-06-11,Brutal Enchant Scroll,"999,999"
2026-06-11,Calm Enchant Scroll,"221,500"
2026-06-11,Capture Enchant Scroll,"133,000"
2026-06-11,Challenging Enchant Scroll,"40,000"
2026-06-11,Chaotic Enchant Scroll,"950,000"
2026-06-11,Charging Enchant Scroll,"795,229"
2026-06-11,Chaser's Enchant Scroll,"999,999"
2026-06-11,Clash Enchant Scroll,"4,400,000"
2026-06-11,Concentrated Enchant Scroll,"2,000,000"
2026-06-11,Concerted Enchant Scroll,"100,000"
2026-06-11,Consume Enchant Scroll,"6,500,000"
2026-06-11,Conviction Enchant Scroll,"150,000"
2026-06-11,Cool Enchant Scroll,"804,000"
2026-06-11,Cyclical Enchant Scroll,"8,750,000"
2026-06-11,Dash Enchant Scroll,"80,000"
2026-06-11,Decisive Enchant Scroll,"8,000"
2026-06-11,Diamond Enchant Scroll,"10,000"
2026-06-11,Dignified Enchant Scroll,"999,999"
2026-06-11,Divine Punishment Enchant Scroll,"999,999"
2026-06-11,Echoing Enchant Scroll,"20,000"
2026-06-11,Enmity Enchant Scroll,"5,500,000"
2026-06-11,Fading Enchant Scroll,"200,000"
2026-06-11,Fleet Enchant Scroll,"10,000"
2026-06-11,Force Enchant Scroll,"20,000"
2026-06-11,Forgotten Enchant Scroll,"2,574,564"
2026-06-11,Frenzy Enchant Scroll,"1,599,000"
2026-06-11,Grinding Enchant Scroll,"200,000"
2026-06-11,Heartless Enchant Scroll,"69,500"
2026-06-11,Immoral Enchant Scroll,"50,000"
2026-06-11,Impaling Enchant Scroll,"1,999,500"
2026-06-11,Impending Enchant Scroll,"5,000"
2026-06-11,Infinite Enchant Scroll,"999,999"
2026-06-11,Irate Enchant Scroll,"8,500,000"
2026-06-11,Judgment Enchant Scroll,"9,999,500"
2026-06-11,Kobold Enchant Scroll,"99,500"
2026-06-11,Lament Enchant Scroll,"1,999,999"
2026-06-11,Madness Enchant Scroll,"8,490,000"
2026-06-11,Maelstrom Enchant Scroll,"20,000"
2026-06-11,Magic Elixir,"49,997"
2026-06-11,Magic Elixir of Life,"25,400"
2026-06-11,Magic Powder,"7,685"
2026-06-11,Meaningful Enchant Scroll,"2,000,000"
2026-06-11,Meditating Enchant Scroll,"100,000"
2026-06-11,Memorable Enchant Scroll,"50,000"
2026-06-11,Outburst Enchant Scroll,"400,000"
2026-06-11,Passion Enchant Scroll,"4,500,000"
2026-06-11,Peaceful Enchant Scroll,"80,000"
2026-06-11,Petite Enchant Scroll,"250,000"
2026-06-11,Petrify Enchant Scroll,"300,000"
2026-06-11,Prophetic Enchant Scroll,"7,500,000"
2026-06-11,Quiet Enchant Scroll,"150,000"
2026-06-11,Raging Enchant Scroll,"499,998"
2026-06-11,Resolved Enchant Scroll,"300,000"
2026-06-11,Revenge Enchant Scroll,"3,999,500"
2026-06-11,Righteous Enchant Scroll,"1,200,000"
2026-06-11,Sentinel Enchant Scroll,"75,000"
2026-06-11,Shrewd Enchant Scroll,"9,000,000"
2026-06-11,Significant Enchant Scroll,"600,000"
2026-06-11,Solitude Enchant Scroll,"9,800,000"
2026-06-11,Sorrowful Enchant Scroll,"809,999"
2026-06-11,Space Time Enchant Scroll,"100,000"
2026-06-11,Special Dungeon: Enchant Pouch,"8,650,000"
2026-06-11,Spirited Enchant Scroll,"5,000,000"
2026-06-11,Stern Enchant Scroll,"4,000,000"
2026-06-11,Subdued Enchant Scroll,"75,500"
2026-06-11,Tempestuous Enchant Scroll,"9,876,543"
2026-06-11,The Dead Enchant Scroll,"300,000"
2026-06-11,Truth Enchant Scroll,"800,000"
2026-06-11,Valor Enchant Scroll,"4,444,444"
2026-06-11,Vehement Enchant Scroll,"600,000"
2026-06-11,Victorious Enchant Scroll,"12,000,000"
2026-06-11,Weeping Enchant Scroll,"5,000"
2026-06-11,Well-Balanced Enchant Scroll,"2,222,222"
2026-06-11,Advent Enchant Scroll,"20,533,034"
2026-06-11,Adversarial Enchant Scroll,"26,420,740"
2026-06-11,Amplified Enchant Scroll,"24,444,444"
2026-06-11,Ancient Enchant Scroll,"10,500,000"
2026-06-11,Bountiful Enchant Scroll,"35,000,000"
2026-06-11,Chaser's Enchant Scroll,"30,500,000"
2026-06-11,Concentrated Enchant Scroll,"14,999,999"
2026-06-11,Dignified Enchant Scroll,"25,000,000"
2026-06-11,Enmity Enchant Scroll,"35,000,000"
2026-06-11,Escalating Enchant Scroll,"29,999,500"
2026-06-11,Eternal Enchant Scroll,"22,800,000"
2026-06-11,Executing Enchant Scroll,"79,750,000"
2026-06-11,Fading Enchant Scroll,"10,000,000"
2026-06-11,Fate Enchant Scroll,"432,123,456"
2026-06-11,Fighting Spirit Enchant Scroll,"29,992,148"
2026-06-11,Forgotten Enchant Scroll,"17,777,777"
2026-06-11,Frenzy Enchant Scroll,"25,000,000"
2026-06-11,Hollow Enchant Scroll,"48,880,000"
2026-06-11,Indomitable Enchant Scroll,"16,000,000"
2026-06-11,Instant Enchant Scroll,"22,000,000"
2026-06-11,Irate Enchant Scroll,"12,222,222"
2026-06-11,Lament Enchant Scroll,"25,000,000"
2026-06-11,Madness Enchant Scroll,"41,999,999"
2026-06-11,Mystic Enchant Scroll,"58,888,888"
2026-06-11,Praise Enchant Scroll,"32,000,000"
2026-06-11,Raging Enchant Scroll,"20,000,000"
2026-06-11,Irate Enchant Scroll,"8,500,000"
2026-06-11,Reflection Enchant Scroll,"30,500,000"
2026-06-11,Revenge Enchant Scroll,"45,000,000"
2026-06-11,Stylish Enchant Scroll,"12,869,616"
2026-06-11,Tragic Enchant Scroll,"39,999,500"
2026-06-11,Transcendent Enchant Scroll,"18,790,000"
2026-06-11,Trial Enchant Scroll,"27,777,777"
2026-06-11,Veiled Enchant Scroll,"17,555,555"
2026-06-11,Wave Enchant Scroll,"50,777,777"
2026-06-11,Withered Enchant Scroll,"25,000,000"
2026-06-11,Blue Kitty Brooch,"1,892,100"
2026-06-11,Blue Kitty Necklace,"41,500"
2026-06-11,Brilliant Kitty Necklace,"24,410,000"
2026-06-11,Copper Bracelet,"22,000"
2026-06-11,Eriu Book,"65,000,000"
2026-06-11,Fallen One's Rusty Rhod Compass,"22,000,000"
2026-06-11,Fallen One's Shiny Rhod Compass,"153,000,000"
2026-06-11,Gold Bracelet,"22,222,222"
2026-06-11,Gray Twilight Brooch,"18,999,999"
2026-06-11,Kitty Brooch,"99,123"
2026-06-11,Kitty Necklace,"80,000"
2026-06-11,Leather Bracelet,"150,000"
2026-06-11,Lord's Glowing Obsidian Bracelet,"690,000,000"
2026-06-11,Lord's Obsidian Bracelet,"395,000,000"
2026-06-11,Moonlight Sapphire Brooch,"2,100,000"
2026-06-11,Red Kitty Necklace,"777,777"
2026-06-11,Red Moon Brooch,"25,000,000"
2026-06-11,Roots of Abundance,"100,000,000"
2026-06-11,Sanctuary Earrings,"12,331,522"
2026-06-11,Shrouded Shadow,"17,777,777"
2026-06-11,Silver Bracelet,"100,000"
2026-06-11,Spirited Belt,"5,000,000"
2026-06-11,The Book of Orna,"19,000,000"
2026-06-11,The Sun's Wish,"70,000,000"
2026-06-11,The Watcher's War Goddess Statue,"24,444,333"
2026-06-11,The Watcher's Werewolf Paw,"37,000,000"
2026-06-11,The Watcher's Mysterious Cat Statue,"40,000,000"
2026-06-11,The Watcher's Rusty Mysterious Cat Statue,"4,800,000"
2026-06-11,The Watcher's Rusty Succubus Fang,"5,900,000"
2026-06-11,The Watcher's Rusty War Goddess Statue,"4,500,000"
2026-06-11,The Watcher's Rusty Werewolf Paw,"25,000,000"
2026-06-11,The Watcher's Glowing War Goddess Statue,"100,000,000"
2026-06-11,The Watcher's Glowing Werewolf Paw,"120,000,000"
2026-06-11,Token of Quiet,"66,666,666"
2026-06-11,Token of Silence,"69,999,999"
2026-06-11,Usurper's Shiny Rhod Compass,"20,000,000"
2026-06-11,Usurper's Rhod Compass,"8,800,000"
2026-06-11,Usurper's Rusty Rhod Compass,"4,785,000"
2026-06-11,White Kitty Brooch,"348,100"
2026-06-11,White Kitty Necklace,"800,000"
2026-06-13,Advance Enchant Scroll,"980,000"
2026-06-13,Advent Enchant Scroll,"23,333,333"
2026-06-13,Adversarial Enchant Scroll,"17,999,999"
2026-06-13,Amplified Enchant Scroll,"30,000,000"
2026-06-13,Ancient Enchant Scroll,"5,800,000"
2026-06-13,Barrier Enchant Scroll,"1,000,000"
2026-06-13,Berserker Enchant Scroll,"500,000"
2026-06-13,Blessed Magic Elixir,"36,180"
2026-06-13,Bloodlust Enchant Scroll,"4,500,000"
2026-06-13,Bountiful Enchant Scroll,"38,800,000"
2026-06-13,Brutal Enchant Scroll,"865,432"
2026-06-13,Capture Enchant Scroll,"100,000"
2026-06-13,Chaotic Enchant Scroll,"555,555"
2026-06-13,Charging Enchant Scroll,"800,000"
2026-06-13,Chaser's Enchant Scroll,"689,999"
2026-06-13,Clash Enchant Scroll,"3,488,888"
2026-06-13,Concentrated Enchant Scroll,"7,500,000"
2026-06-13,Concerted Enchant Scroll,"300,000"
2026-06-13,Consume Enchant Scroll,"2,000,000"
2026-06-13,Cool Enchant Scroll,"333,998"
2026-06-13,Dash Enchant Scroll,"30,000"
2026-06-13,Destructive Enchant Scroll,"2,500,000"
2026-06-13,Dignified Enchant Scroll,"1,000,000"
2026-06-13,Divine Punishment Enchant Scroll,"100,000"
2026-06-13,Echoing Enchant Scroll,"20,000"
2026-06-13,Enmity Enchant Scroll,"5,295,888"
2026-06-13,Enthusiastic Enchant Scroll,"50,000"
2026-06-13,Escalating Enchant Scroll,"26,000,000"
2026-06-13,Eternal Enchant Scroll,"20,999,999"
2026-06-13,Executing Enchant Scroll,"89,000,000"
2026-06-13,Fading Enchant Scroll,"1,000,000"
2026-06-13,Fast Enchant Scroll,"2,400,000"
2026-06-13,Fate Enchant Scroll,"425,000,000"
2026-06-13,Fighting Spirit Enchant Scroll,"24,702,148"
2026-06-13,Forgotten Enchant Scroll,"2,200,000"
2026-06-13,Frenzy Enchant Scroll,"791,615"
2026-06-13,Healthy Enchant Scroll,"9,000"
2026-06-13,Heartless Enchant Scroll,"52,500"
2026-06-13,Hollow Enchant Scroll,"44,500,000"
2026-06-13,Immoral Enchant Scroll,"20,000"
2026-06-13,Impaling Enchant Scroll,"1,200,000"
2026-06-13,Infinite Enchant Scroll,"500,000"
2026-06-13,Instant Enchant Scroll,"21,500,000"
2026-06-13,Irate Enchant Scroll,"4,100,000"
2026-06-13,Judgment Enchant Scroll,"9,999,500"
2026-06-13,Kobold Enchant Scroll,"99,500"
2026-06-13,Lament Enchant Scroll,"1,189,999"
2026-06-13,Madness Enchant Scroll,"6,000,000"
2026-06-13,Magic Elixir,"44,800"
2026-06-13,Magic Elixir of Life,"25,300"
2026-06-13,Magic Powder,"7,470"
2026-06-13,Meaningful Enchant Scroll,"1,480,012"
2026-06-13,Mystic Enchant Scroll,"58,000,000"
2026-06-13,Peaceful Enchant Scroll,"200,000"
2026-06-13,Petrify Enchant Scroll,"2,300,000"
2026-06-13,Praise Enchant Scroll,"32,999,999"
2026-06-13,Prophetic Enchant Scroll,"9,800,000"
2026-06-13,Raging Enchant Scroll,"449,998"
2026-06-13,Reflection Enchant Scroll,"29,876,543"
2026-06-13,Resolved Enchant Scroll,"100,000"
2026-06-13,Revenge Enchant Scroll,"4,399,500"
2026-06-13,Righteous Enchant Scroll,"50,000"
2026-06-13,Sealed Enchant Scroll,"555,500"
2026-06-13,Shrewd Enchant Scroll,"4,444,500"
2026-06-13,Significant Enchant Scroll,"3,000,000"
2026-06-13,Solitude Enchant Scroll,"9,500,000"
2026-06-13,Sorrowful Enchant Scroll,"3,300,000"
2026-06-13,Soul Enchant Scroll,"550,000"
2026-06-13,Space Time Enchant Scroll,"150,000"
2026-06-13,Special Dungeon: Enchant Pouch,"10,000,000"
2026-06-13,Stern Enchant Scroll,"6,460,822"
2026-06-13,Stigma Enchant Scroll,"20,000"
2026-06-13,Stylish Enchant Scroll,"12,999,999"
2026-06-13,Subdued Enchant Scroll,"75,499"
2026-06-13,Tempestuous Enchant Scroll,"9,000,000"
2026-06-13,Tragic Enchant Scroll,"44,500,000"
2026-06-13,Transcendent Enchant Scroll,"19,999,999"
2026-06-13,Trial Enchant Scroll,"24,999,999"
2026-06-13,Truth Enchant Scroll,"333,333"
2026-06-13,Valor Enchant Scroll,"2,999,999"
2026-06-13,Vehement Enchant Scroll,"381,647"
2026-06-13,Veiled Enchant Scroll,"18,000,000"
2026-06-13,Valor Enchant Scroll,"4,000,000"
2026-06-13,Wave Enchant Scroll,"48,000,000"
2026-06-13,Weeping Enchant Scroll,"5,000"
2026-06-13,Well-Balanced Enchant Scroll,"2,000,000"
2026-06-13,Wish Enchant Scroll,"776,700"
2026-06-13,Withered Enchant Scroll,"23,333,332"
2026-06-13,Abyssal Shard Grade 1,"164,000"
2026-06-13,Abyssal Shard Grade 2,"520,000"
2026-06-13,Abyssal Shard Grade 3,"1,450,000"
2026-06-13,Ancient Elemental Armor Shard,"7,000"
2026-06-13,Ancient Elemental Cloth Bundle,"7,763"
2026-06-13,Ancient Erg Crystal,"10,933"
2026-06-13,Ancient Spirit Magic Powder,"44,990"
2026-06-13,Complete Bracelet Diamond,"12,000,000"
2026-06-13,Complete Bracelet Emerald,"9,200,000"
2026-06-13,Complete Bracelet Ruby,"5,555,555"
2026-06-13,Complete Bracelet Sapphire,"7,000,000"
2026-06-13,Crescent Moon Island Power Crystal,"7,499"
2026-06-13,Element Stone,"29,990"
2026-06-13,Element Stone Catalyst,"16,000"
2026-06-13,Elemental Accessory Shard,"5,999"
2026-06-13,Elemental Armor Shard,"1,999"
2026-06-13,Elemental Cloth Bundle,"4,000"
2026-06-13,Elemental Weapon Shard,"2,500"
2026-06-13,Emptiness Erg Crystal,"10,700"
2026-06-13,Enhanced New Era Cloth,"35,000"
2026-06-13,Enhanced New Era Leather,"30,155"
2026-06-13,Enhanced New Era Orb,"22,875"
2026-06-13,Enhanced New Era Ore,"51,999"
2026-06-13,Eriu Advancement Stone: Head Armor,"66,666,666"
2026-06-13,Eriu Advancement Stone: Leg Armor,"66,666,666"
2026-06-13,Eriu Advancement Stone: Weapon,"33,999,999"
2026-06-13,Eriu Fragment: Auxiliary Equipment,"8,581,519"
2026-06-13,Eternity Erg Crystal,"13,000"
2026-06-13,Fine Bracelet Diamond,"49,995"
2026-06-13,Fine Bracelet Emerald,"20,000"
2026-06-13,Fine Bracelet Ruby,"12,222"
2026-06-13,Fine Bracelet Sapphire,"19,000"
2026-06-13,Goibhniu's Enhancement Stone,"1,900,000"
2026-06-13,Goibhniu's Stone+,"4,777,777"
2026-06-13,Hoarfrost Hollow Erg Crystal,"9,999"
2026-06-13,Inherited Power: Fragments,"7,900"
2026-06-13,Intermediate Element Stone,"298,000"
2026-06-13,Jardin Steel,"32,999"
2026-06-13,Lambent Powder,"1,800"
2026-06-13,Life Erg Crystal,"5,500"
2026-06-13,Life Spirit Remnant,"13,337"
2026-06-13,Light Erg Crystal,"23,000"
2026-06-13,Misty Summit Source,"9,999"
2026-06-13,Mysterious Shard Grade 1,"78,999"
2026-06-13,Mysterious Shard Grade 2,"366,112"
2026-06-13,Mysterious Shard Grade 3,"1,200,000"
2026-06-13,New Era Cloth,"22,000"
2026-06-13,New Era Leather,"21,000"
2026-06-13,New Era Orb,"8,110"
2026-06-13,New Era Ore,"8,919"
2026-06-13,Paradise Orb,"6,400"
2026-06-13,Prairie Erg Crystal,"40,000"
2026-06-13,Rage Erg Crystal,"18,900"
2026-06-13,Ruins Erg Crystal,"9,989"
2026-06-13,Sacred Erg Crystal,"20,000"
2026-06-13,Sealed Power: Fragments,"39,614"
2026-06-13,Ship Graveyard Power Crystal,"9,900"
2026-06-13,Silence Erg Crystal,"35,000"
2026-06-13,Spirit Magic Powder,"15,106"
2026-06-13,Spirit Remnant,"1,853"
2026-06-13,Spirit Water,"1,850"
2026-06-13,Superior Bracelet Diamond,"2,890,000"
2026-06-13,Superior Bracelet Emerald,"1,500,500"
2026-06-13,Superior Bracelet Ruby,"2,350,000"
2026-06-13,Superior Bracelet Sapphire,"3,000,000"
2026-06-13,Superior Element Stone,"999,999"
2026-06-13,Superior Enhancement Elixir,"125,000"
2026-06-13,Tarian Steel,"3,500,000"
2026-06-13,Twilight Desert Source,"9,994"
2026-06-13,Twilight Erg Crystal,"7,500"
2026-06-13,Uaithne Advancement Stone: Chest Armor,"55,555,555"
2026-06-13,Uaithne Advancement Stone: Feet Armor,"55,555,555"
2026-06-13,Uaithne Advancement Stone: Hand Armor,"55,555,555"
2026-06-13,Uaithne Advancement Stone: Head Armor,"55,555,555"
2026-06-13,Uaithne Advancement Stone: Leg Armor,"55,555,555"
2026-06-13,Uaithne Advancement Stone: Weapon,"88,888,888"
2026-06-13,Uaithne Crystal,"16,989,173"
2026-06-13,Uaithne Fragment: Auxiliary Equipment,"649,000"
2026-06-13,Unknowable Power: Fragments,"133,689"
2026-06-13,Unstable Enhancement Rune,"7,200,000"
2026-06-13,Water Erg Crystal,"30,000"
2026-06-13,Enchant Scroll Scrap: Advance,"1,600,000"
2026-06-13,Enchant Scroll Scrap: Advent,"14,000,000"
2026-06-13,Enchant Scroll Scrap: Adversarial,"20,900,000"
2026-06-13,Enchant Scroll Scrap: Amplified,"17,000,000"
2026-06-13,Enchant Scroll Scrap: Ancient,"5,999,999"
2026-06-13,Enchant Scroll Scrap: Bountiful,"19,000,000"
2026-06-13,Enchant Scroll Scrap: Brutal,"5,000,000"
2026-06-13,Enchant Scroll Scrap: Charge,"1,000,000"
2026-06-13,Enchant Scroll Scrap: Chaser's,"2,082,221"
2026-06-13,Enchant Scroll Scrap: Clash,"2,888,888"
2026-06-13,Enchant Scroll Scrap: Concentrated,"2,000,000"
2026-06-13,Enchant Scroll Scrap: Consume,"600,000"
2026-06-13,Enchant Scroll Scrap: Conviction,"5,555,555"
2026-06-13,Enchant Scroll Scrap: Cool,"750,000"
2026-06-13,Enchant Scroll Scrap: Cyclical,"9,000,000"
2026-06-13,Enchant Scroll Scrap: Destructive,"2,999,100"
2026-06-13,Enchant Scroll Scrap: Enmity,"3,900,000"
2026-06-13,Enchant Scroll Scrap: Escalating,"19,000,000"
2026-06-13,Enchant Scroll Scrap: Eternal,"13,999,999"
2026-06-13,Enchant Scroll Scrap: Executing,"54,999,999"
2026-06-13,Enchant Scroll Scrap: Fate,"154,321,098"
2026-06-13,Enchant Scroll Scrap: Fighting Spirit,"14,000,000"
2026-06-13,Enchant Scroll Scrap: Forgotten,"3,000,000"
2026-06-13,Enchant Scroll Scrap: Hollow,"26,999,999"
2026-06-13,Enchant Scroll Scrap: Impaling,"2,800,000"
2026-06-13,Enchant Scroll Scrap: Indomitable,"14,000,000"
2026-06-13,Enchant Scroll Scrap: Instant,"13,800,000"
2026-06-13,Enchant Scroll Scrap: Irate,"9,999,999"
2026-06-13,Enchant Scroll Scrap: Lament,"1,000,000"
2026-06-13,Enchant Scroll Scrap: Madness,"4,500,000"
2026-06-13,Enchant Scroll Scrap: Mystic,"39,999,999"
2026-06-13,Enchant Scroll Scrap: Petrify,"2,000,000"
2026-06-13,Enchant Scroll Scrap: Praise,"17,000,000"
2026-06-13,Enchant Scroll Scrap: Prophetic,"6,000,000"
2026-06-13,Enchant Scroll Scrap: Raging,"880,000"
2026-06-13,Enchant Scroll Scrap: Reflection,"20,000,000"
2026-06-13,Enchant Scroll Scrap: Sealed,"5,555,555"
2026-06-13,Enchant Scroll Scrap: Shrewd,"9,999,999"
2026-06-13,Enchant Scroll Scrap: Solitude,"16,000,000"
2026-06-13,Enchant Scroll Scrap: Sorrowful,"4,999,999"
2026-06-13,Enchant Scroll Scrap: Space Time,"898,000"
2026-06-13,Enchant Scroll Scrap: Stern,"8,500,000"
2026-06-13,Enchant Scroll Scrap: Stylish,"14,900,000"
2026-06-13,Enchant Scroll Scrap: Subdued,"5,555,555"
2026-06-13,Enchant Scroll Scrap: Tempestuous,"9,999,100"
2026-06-13,Enchant Scroll Scrap: Tragic,"22,499,000"
2026-06-13,Enchant Scroll Scrap: Transcendent,"13,425,426"
2026-06-13,Enchant Scroll Scrap: Trial,"18,500,000"
2026-06-13,Enchant Scroll Scrap: Twisted,"5,000,000"
2026-06-13,Enchant Scroll Scrap: Vehement,"719,999"
2026-06-13,Enchant Scroll Scrap: Veiled,"16,000,000"
2026-06-13,Enchant Scroll Scrap: Victorious,"5,999,999"
2026-06-13,Enchant Scroll Scrap: Wave,"25,000,000"
2026-06-13,Enchant Scroll Scrap: Weeping,"5,000,000"
2026-06-13,Enchant Scroll Scrap: Withered,"17,500,000"
2026-06-13,Ardri's Essence,"500,000"
2026-06-13,Eriu Fragment: Chest Armor,"3,000,000"
2026-06-13,Eriu Fragment: Head Armor,"3,543,942"
2026-06-13,Eriu Fragment: Leg Armor,"3,699,999"
2026-06-13,Eriu Fragment: Roots of Abundance,"1,881,011"
2026-06-13,Eriu Fragment: Starlight Belt,"7,300,000"
2026-06-13,Eriu Fragment: Weapon,"3,413,415"
2026-06-13,Eternal Legacy,"70,000"
2026-06-13,Gorbas' Essence,"7,490,000"
2026-06-13,Keen Eriu Crystal,"1,303,086"
2026-06-13,Keen Uaithne Crystal,"1,876,311"
2026-06-13,Lightweight Eriu Crystal,"820,692"
2026-06-13,Lightweight Uaithne Crystal,"2,350,000"
2026-06-13,Lucian's Essence,"2,600,000"
2026-06-13,Morgant's Essence,"2,377,999"
2026-06-13,Orna's Essence,"600,000"
2026-06-13,Perfect Uaithne Crystal,"2,700,000"
2026-06-13,Ragnahim's Essence,"2,000,000"
2026-06-13,Robust Eriu Crystal,"1,680,000"
2026-06-13,Robust Uaithne Crystal,"490,360"
2026-06-13,Selren's Essence,"8,000,000"
2026-06-13,Semias' Essence,"4,000,000"
2026-06-13,Smooth Eriu Crystal,"1,999,999"
2026-06-13,Smooth Uaithne Crystal,"399,999"
2026-06-13,Solid Eriu Crystal,"1,600,000"
2026-06-13,Solid Uaithne Crystal,"620,000"
2026-06-13,Spinos' Essence,"15,000,000"
2026-06-13,Sreng's Essence,"25,000,000"
2026-06-13,Stable Eriu Crystal,"2,000,000"
2026-06-13,Stable Uaithne Crystal,"2,699,000"
2026-06-13,Uaithne Fragment: Chest Armor,"3,418,949"
2026-06-13,Uaithne Fragment: Feet Armor,"29,108"
2026-06-13,Uaithne Fragment: Hand Armor,"2,800,000"
2026-06-13,Uaithne Fragment: Head Armor,"3,799,998"
2026-06-13,Uaithne Fragment: Leg Armor,"2,556,195"
2026-06-13,Uaithne Fragment: The Cursed Belt,"6,115,998"
2026-06-13,Uaithne Fragment: The Sun's Wish,"4,800,000"
2026-06-13,Uaithne Fragment: Token of Quiet,"9,500,000"
2026-06-13,Uaithne Fragment: Token of Silence,"7,777,777"
2026-06-13,Uaithne Fragment: Weapon,"3,600,000"
2026-06-13,Unrelenting Uaithne Crystal,"980,000"
2026-06-13,Uscias' Essence,"2,224,444"
2026-06-13,Twisted Enchant Scroll,"5,000,000"
2026-06-13,Abomination's Essence: Chest Armor,"555,800"
2026-06-13,Abomination's Essence: Grand Targe,"555,800"
2026-06-13,Abomination's Essence: Hand Armor,"1,850,000"
2026-06-13,Abomination's Essence: Head Armor,"1,850,000"
2026-06-13,Abomination's Essence: Leg Armor,"734,000"
2026-06-13,Abomination's Essence: Shield,"3,999,800"
2026-06-13,Abomination's Essence: Weapon,"1,850,000"
2026-06-13,Ardri's Essence: Chest Armor,"1,794,000"
2026-06-13,Ardri's Essence: Feet Armor,"1,900,000"
2026-06-13,Ardri's Essence: Hand Armor,"1,659,999"
2026-06-13,Ardri's Essence: Head Armor,"1,400,000"
2026-06-13,Ardri's Essence: Leg Armor,"1,299,999"
2026-06-13,Ardri's Essence: Weapon,"1,399,999"
2026-06-13,Astera's Essence: Chest Armor,"500,000"
2026-06-13,Astera's Essence: Feet Armor,"4,500,000"
2026-06-13,Astera's Essence: Hand Armor,"250,000"
2026-06-13,Astera's Essence: Head Armor,"1,500,000"
2026-06-13,Astera's Essence: Leg Armor,"250,000"
2026-06-13,Astera's Essence: Weapon,"440,000"
2026-06-13,Braha's Essence: Leg Armor,"200,000"
2026-06-13,Braha's Essence: Shield,"250,000"
2026-06-13,Braha's Essence: Weapon,"5,000,000"
2026-06-13,Bres's Moonlight Essence,"6,000,000"
2026-06-13,Dullahan's Essence: Chest Armor,"500,000"
2026-06-13,Dullahan's Essence: Feet Armor,"100,000"
2026-06-13,Dullahan's Essence: Grand Targe,"100,000"
2026-06-13,Dullahan's Essence: Hand Armor,"444,800"
2026-06-13,Dullahan's Essence: Head Armor,"500,000"
2026-06-13,Dullahan's Essence: Large Shield,"555,800"
2026-06-13,Dullahan's Essence: Leg Armor,"275,950"
2026-06-13,Dullahan's Essence: Shield,"500,000"
2026-06-13,Dullahan's Essence: Weapon,"5,555,555"
2026-06-13,Enok's Essence,"3,999,800"
2026-06-13,Eriu Fragment: Chest Armor,"2,802,976"
2026-06-13,Eriu Fragment: Head Armor,"3,247,619"
2026-06-13,Eriu Fragment: Leg Armor,"3,699,999"
2026-06-13,Eriu Fragment: Roots of Abundance,"16,999,999"
2026-06-13,Eriu Fragment: Starlight Belt,"7,300,000"
2026-06-13,Eriu Fragment: Weapon,"3,478,888"
2026-06-13,Jarnir's Essence,"5,000,000"
2026-06-13,Keen Eriu Crystal,"1,298,888"
2026-06-13,Keen Legacy Shard,"500,000"
2026-06-13,Keen Legendary Chunk,"550,000"
2026-06-13,Keen Legendary Ore,"899,900"
2026-06-13,Keen Succession Ore,"457,285"
2026-06-13,Keen Uaithne Crystal,"2,200,000"
2026-06-13,Lightweight Eriu Crystal,"777,777"
2026-06-13,Lightweight Legacy Shard,"489,999"
2026-06-13,Lightweight Legendary Chunk,"400,000"
2026-06-13,Lightweight Legendary Ore,"400,800"
2026-06-13,Lightweight Succession Ore,"550,000"
2026-06-13,Lightweight Uaithne Crystal,"2,184,926"
2026-06-13,Lugh Lamhfada's Essence: Feet Armor,"1,850,000"
2026-06-13,Lugh Lamhfada's Essence: Grand Targe,"500,000"
2026-06-13,Lugh Lamhfada's Essence: Leg Armor,"500,000"
2026-06-13,Lugh Lamhfada's Essence: Shield,"250,000"
2026-06-13,Milletian's Essence: Armor,"1,500,000"
2026-06-13,Milletian's Essence: Chest Armor,"1,500,000"
2026-06-13,Milletian's Essence: Feet Armor,"2,999,800"
2026-06-13,Milletian's Essence: Weapon,"4,800,000"
2026-06-13,Orna's Essence: Chest Armor,"1,850,000"
2026-06-13,Orna's Essence: Feet Armor,"1,800,000"
2026-06-13,Orna's Essence: Hand Armor,"1,700,000"
2026-06-13,Orna's Essence: Head Armor,"1,859,999"
2026-06-13,Orna's Essence: Leg Armor,"1,890,000"
2026-06-13,Orna's Essence: Weapon,"2,049,999"
2026-06-13,Perfect Legacy Shard,"1,000,000"
2026-06-13,Perfect Legendary Chunk,"555,800"
2026-06-13,Perfect Legendary Ore,"800,000"
2026-06-13,Perfect Succession Ore,"600,000"
2026-06-13,Perfect Uaithne Crystal,"2,777,777"
2026-06-13,Regina's Feather: Head Armor,"170,000"
2026-06-13,Regina's Feather: Large Shield,"2,222,800"
2026-06-13,Regina's Feather: Shield,"2,219,800"
2026-06-13,Robust Eriu Crystal,"1,672,386"
2026-06-13,Robust Uaithne Crystal,"440,000"
2026-06-13,Smooth Eriu Crystal,"1,486,549"
2026-06-13,Smooth Legacy Shard,"800,000"
2026-06-13,Smooth Legendary Chunk,"17,950"
2026-06-13,Smooth Legendary Ore,"555,800"
2026-06-13,Smooth Legendary Shard,"400,000"
2026-06-13,Smooth Succession Ore,"280,769"
2026-06-13,Smooth Succession Shard,"200,000"
2026-06-13,Smooth Uaithne Crystal,"370,000"
2026-06-13,Solid Eriu Crystal,"1,079,977"
2026-06-13,Solid Legendary Chunk,"375,850"
2026-06-13,Solid Legendary Ore,"444,800"
2026-06-13,Solid Legendary Shard,"97,950"
2026-06-13,Solid Succession Ore,"950,000"
2026-06-13,Solid Succession Shard,"222,800"
2026-06-13,Solid Uaithne Crystal,"588,888"
2026-06-13,Stable Eriu Crystal,"2,000,000"
2026-06-13,Stable Legacy Shard,"400,000"
2026-06-13,Stable Legendary Chunk,"555,800"
2026-06-13,Stable Succession Ore,"299,999"
2026-06-13,Stable Uaithne Crystal,"2,750,000"
2026-06-13,Terminus Sentinel Essence: Hand Armor,"444,800"
2026-06-13,Terminus Sentinel Essence: Large Shield,"5,000,000"
2026-06-13,Terminus Sentinel Essence: Shield,"999,800"
2026-06-13,Uaithne Fragment: Chest Armor,"3,418,949"
2026-06-13,Uaithne Fragment: Feet Armor,"291,018"
2026-06-13,Uaithne Fragment: Hand Armor,"2,779,000"
2026-06-13,Uaithne Fragment: Head Armor,"3,650,000"
2026-06-13,Uaithne Fragment: Leg Armor,"2,380,000"
2026-06-13,Uaithne Fragment: The Cursed Belt,"6,115,998"
2026-06-13,Uaithne Fragment: The Sun's Wish,"4,800,000"
2026-06-13,Uaithne Fragment: Token of Quiet,"9,500,000"
2026-06-13,Uaithne Fragment: Token of Silence,"7,777,777"
2026-06-13,Uaithne Fragment: Weapon,"3,470,000"
2026-06-13,Unrelenting Uaithne Crystal,"949,999"
2026-06-13,Gold,1
2026-06-13,Inherited Power: Fragments,"10,887"
2026-06-13,Sealed Power: Fragments,"41,249"
2026-06-13,Unknowable Power: Fragments,"135,227"
2026-06-13,Empty Bottle,100
2026-06-13,Exquisite HP Potion,"20,000"
2026-06-13,Fine HP Potion,"2,999"
2026-06-13,Superior HP Potion,"7,539"
2026-06-13,Advent Enchant Scroll,"18,833,034"
2026-06-13,Adversarial Enchant Scroll,"18,000,000"
2026-06-13,Ancient Enchant Scroll,"5,500,000"
2026-06-13,Bountiful Enchant Scroll,"38,777,777"
2026-06-13,Fighting Spirit Enchant Scroll,"23,000,000"
2026-06-13,Reflection Enchant Scroll,"29,500,000"
2026-06-14,Advance Enchant Scroll,"476,859"
2026-06-14,Advent Enchant Scroll,"16,000,000"
2026-06-14,Adversarial Enchant Scroll,"14,244,020"
2026-06-14,Amplified Enchant Scroll,"24,999,999"
2026-06-14,Ancient Enchant Scroll,"5,799,999"
2026-06-14,Barrier Enchant Scroll,"8,888,888"
2026-06-14,Berserker Enchant Scroll,"50,000"
2026-06-14,Blessed Magic Elixir,"35,000"
2026-06-14,Bloodlust Enchant Scroll,"50,000"
2026-06-14,Bountiful Enchant Scroll,"35,000,000"
2026-06-14,Brutal Enchant Scroll,"2,000,000"
2026-06-14,Calm Enchant Scroll,"499,999"
2026-06-14,Chaotic Enchant Scroll,"500,000"
2026-06-14,Chaser's Enchant Scroll,"500,000"
2026-06-14,Clash Enchant Scroll,"2,500,000"
2026-06-14,Concentrated Enchant Scroll,"4,890,000"
2026-06-14,Concerted Enchant Scroll,"230,000"
2026-06-14,Consume Enchant Scroll,"4,900,000"
2026-06-14,Conviction Enchant Scroll,"8,888,888"
2026-06-14,Cool Enchant Scroll,"790,000"
2026-06-14,Cyclical Enchant Scroll,"9,758,000"
2026-06-14,Destructive Enchant Scroll,"1,033,026"
2026-06-14,Dignified Enchant Scroll,"950,000"
2026-06-14,Echoing Enchant Scroll,"20,000"
2026-06-14,Enmity Enchant Scroll,"3,200,500"
2026-06-14,Escalating Enchant Scroll,"26,500,000"
2026-06-14,Eternal Enchant Scroll,"21,980,000"
2026-06-14,Executing Enchant Scroll,"98,000,000"
2026-06-14,Fading Enchant Scroll,"4,123,456"
2026-06-14,Fast Enchant Scroll,"1,000,000"
2026-06-14,Fate Enchant Scroll,"398,765,432"
2026-06-14,Fighting Spirit Enchant Scroll,"18,000,000"
2026-06-14,Fleet Enchant Scroll,"5,000"
2026-06-14,Force Enchant Scroll,"9,000"
2026-06-14,Forgotten Enchant Scroll,"2,574,564"
2026-06-14,Frenzy Enchant Scroll,"791,615"
2026-06-14,Healthy Enchant Scroll,"5,000"
2026-06-14,Heartless Enchant Scroll,"50,000"
2026-06-14,Hollow Enchant Scroll,"51,222,222"
2026-06-14,Impaling Enchant Scroll,"999,999"
2026-06-14,Indomitable Enchant Scroll,"14,000,000"
2026-06-14,Infinite Enchant Scroll,"500,000"
2026-06-14,Instant Enchant Scroll,"20,000,000"
2026-06-14,Irate Enchant Scroll,"4,000,000"
2026-06-14,Judgment Enchant Scroll,"9,999,500"
2026-06-14,Lament Enchant Scroll,"944,444"
2026-06-14,Madness Enchant Scroll,"41,999,999"
2026-06-14,Maelstrom Enchant Scroll,"510,000"
2026-06-14,Magic Elixir,"44,698"
2026-06-14,Magic Elixir of Life,"24,000"
2026-06-14,Magic Powder,"7,073"
2026-06-14,Meaningful Enchant Scroll,"6,666,666"
2026-06-14,Mystic Enchant Scroll,"58,888,888"
2026-06-14,Passion Enchant Scroll,"2,500,000"
2026-06-14,Peaceful Enchant Scroll,"150,000"
2026-06-14,Petrify Enchant Scroll,"1,800,000"
2026-06-14,Praise Enchant Scroll,"28,249,999"
2026-06-14,Prophetic Enchant Scroll,"13,333,333"
2026-06-14,Raging Enchant Scroll,"299,998"
2026-06-14,Reflection Enchant Scroll,"28,832,000"
2026-06-14,Reinforced Enchant Scroll,"20,000"
2026-06-14,Resolved Enchant Scroll,"100,000"
2026-06-14,Revenge Enchant Scroll,"5,000,000"
2026-06-14,Righteous Enchant Scroll,"50,000"
2026-06-14,Sealed Enchant Scroll,"555,500"
2026-06-14,Significant Enchant Scroll,"2,222,222"
2026-06-14,Solitude Enchant Scroll,"9,500,000"
2026-06-14,Sorrowful Enchant Scroll,"2,999,998"
2026-06-14,Soul Enchant Scroll,"5,000"
2026-06-14,Space Time Enchant Scroll,"50,000"
2026-06-14,Sparkling Enchant Scroll,"20,000"
2026-06-14,Special Dungeon: Enchant Pouch,"10,499,999"
2026-06-14,Spirited Enchant Scroll,"50,000"
2026-06-14,Stern Enchant Scroll,"5,000,000"
2026-06-14,Stigma Enchant Scroll,"20,000"
2026-06-14,Stylish Enchant Scroll,"15,000,000"
2026-06-14,Subdued Enchant Scroll,"100,500"
2026-06-14,Tempestuous Enchant Scroll,"9,950,000"
2026-06-14,The Dead Enchant Scroll,"275,000"
2026-06-14,Tragic Enchant Scroll,"42,500,000"
2026-06-14,Transcendent Enchant Scroll,"20,000,000"
2026-06-14,Trial Enchant Scroll,"28,888,885"
2026-06-14,Tricky Enchant Scroll,"10,000"
2026-06-14,Truth Enchant Scroll,"420,000"
2026-06-14,Twisted Enchant Scroll,"15,000,000"
2026-06-14,Valor Enchant Scroll,"4,000,000"
2026-06-14,Vehement Enchant Scroll,"381,646"
2026-06-14,Veiled Enchant Scroll,"18,072,312"
2026-06-14,Valor Enchant Scroll,"4,000,000"
2026-06-14,Victorious Enchant Scroll,"25,000,000"
2026-06-14,Warlord's Enchant Scroll,"50,000"
2026-06-14,Wave Enchant Scroll,"47,000,000"
2026-06-14,Weeping Enchant Scroll,"5,000"
2026-06-14,Well-Balanced Enchant Scroll,"920,000"
2026-06-14,Wish Enchant Scroll,"961,000"
2026-06-14,Withered Enchant Scroll,"29,000,000"
2026-06-15,Advance Enchant Scroll,"325,000"
2026-06-15,Advent Enchant Scroll,"19,777,777"
2026-06-15,Adversarial Enchant Scroll,"17,500,000"
2026-06-15,Amplified Enchant Scroll,"32,000,000"
2026-06-15,Barrier Enchant Scroll,"8,888,888"
2026-06-15,Berserker Enchant Scroll,"1,000,000"
2026-06-15,Blessed Magic Elixir,"35,090"
2026-06-15,Bloodlust Enchant Scroll,"48,000"
2026-06-15,Bountiful Enchant Scroll,"30,000,000"
2026-06-15,Brutal Enchant Scroll,"1,800,000"
2026-06-15,Calm Enchant Scroll,"300,000"
2026-06-15,Capture Enchant Scroll,"50,000"
2026-06-15,Chaser's Enchant Scroll,"3,500,000"
2026-06-15,Clash Enchant Scroll,"5,000,000"
2026-06-15,Concentrated Enchant Scroll,"4,000,000"
2026-06-15,Concerted Enchant Scroll,"1,500,000"
2026-06-15,Consume Enchant Scroll,"6,350,536"
2026-06-15,Conviction Enchant Scroll,"8,888,888"
2026-06-15,Cool Enchant Scroll,"699,999"
2026-06-15,Courageous Enchant Scroll,"2,200"
2026-06-15,Dash Enchant Scroll,"20,000"
2026-06-15,Destructive Enchant Scroll,"1,000,000"
2026-06-15,Dignified Enchant Scroll,"950,000"
2026-06-15,Dominance Enchant Scroll,"2,200"
2026-06-15,Enmity Enchant Scroll,"2,600,000"
2026-06-15,Enthusiastic Enchant Scroll,"400,000"
2026-06-15,Escalating Enchant Scroll,"29,000,000"
2026-06-15,Eternal Enchant Scroll,"18,900,000"
2026-06-15,Executing Enchant Scroll,"98,000,000"
2026-06-15,Fading Enchant Scroll,"800,000"
2026-06-15,Fast Enchant Scroll,"2,850,000"
2026-06-15,Fate Enchant Scroll,"419,420,369"
2026-06-15,Fighting Spirit Enchant Scroll,"19,300,000"
2026-06-15,Fleet Enchant Scroll,"4,000"
2026-06-15,Force Enchant Scroll,"15,000"
2026-06-15,Forgotten Enchant Scroll,"7,900,000"
2026-06-15,Frenzy Enchant Scroll,"600,000"
2026-06-15,Grinding Enchant Scroll,"200,000"
2026-06-15,Heartless Enchant Scroll,"555,500"
2026-06-15,Hollow Enchant Scroll,"51,222,221"
2026-06-15,Impaling Enchant Scroll,"2,500,000"
2026-06-15,Indomitable Enchant Scroll,"20,000,000"
2026-06-15,Instant Enchant Scroll,"18,499,999"
2026-06-15,Irate Enchant Scroll,"4,533,347"
2026-06-15,Lament Enchant Scroll,"500,000"
2026-06-15,Madness Enchant Scroll,"25,000,000"
2026-06-15,Magic Elixir,"44,499"
2026-06-15,Magic Elixir of Life,"23,998"
2026-06-15,Magic Powder,"8,999"
2026-06-15,Meaningful Enchant Scroll,"6,666,666"
2026-06-15,Mystic Enchant Scroll,"150,000,000"
2026-06-15,Outburst Enchant Scroll,"2,000,000"
2026-06-15,Passion Enchant Scroll,"2,200,000"
2026-06-15,Petrify Enchant Scroll,"1,999,999"
2026-06-15,Praise Enchant Scroll,"33,249,999"
2026-06-15,Prophetic Enchant Scroll,"12,000,000"
2026-06-15,Raging Enchant Scroll,"250,000"
2026-06-15,Reflection Enchant Scroll,"27,400,000"
2026-06-15,Resolved Enchant Scroll,"450,000"
2026-06-15,Revenge Enchant Scroll,"4,500,000"
2026-06-15,Righteous Enchant Scroll,"50,000"
2026-06-15,Sealed Enchant Scroll,"333,500"
2026-06-15,Significant Enchant Scroll,"300,000"
2026-06-15,Solitude Enchant Scroll,"8,800,000"
2026-06-15,Sorrowful Enchant Scroll,"2,749,999"
2026-06-15,Space Time Enchant Scroll,"99,999"
2026-06-15,Sparkling Enchant Scroll,"20,000"
2026-06-15,Special Dungeon: Enchant Pouch,"10,720,804"
2026-06-15,Spirited Enchant Scroll,"50,000"
2026-06-15,Stern Enchant Scroll,"4,000,000"
2026-06-15,Stigma Enchant Scroll,"20,000"
2026-06-15,Striking Enchant Scroll,"2,200"
2026-06-15,Stroll Enchant Scroll,"250,000"
2026-06-15,Stylish Enchant Scroll,"18,250,000"
2026-06-15,Subdued Enchant Scroll,"145,145"
2026-06-15,Tempestuous Enchant Scroll,"9,000,000"
2026-06-15,The Dead Enchant Scroll,"3,694,201"
2026-06-15,Tragic Enchant Scroll,"38,777,000"
2026-06-15,Transcendent Enchant Scroll,"35,000,000"
2026-06-15,Trial Enchant Scroll,"28,500,000"
2026-06-15,Tricky Enchant Scroll,"20,000"
2026-06-15,Truth Enchant Scroll,"1,500,000"
2026-06-15,Twisted Enchant Scroll,"14,000,000"
2026-06-15,Valor Enchant Scroll,"1,000,000"
2026-06-15,Vehement Enchant Scroll,"5,000,000"
2026-06-15,Veiled Enchant Scroll,"17,000,000"
2026-06-15,Victorious Enchant Scroll,"18,900,000"
2026-06-15,Wave Enchant Scroll,"46,767,676"
2026-06-15,Well-Balanced Enchant Scroll,"700,000"
2026-06-15,Wish Enchant Scroll,"1,000,000"
2026-06-15,Withered Enchant Scroll,"27,000,000"
2026-06-15,Blue Kitty Brooch,"1,500,000"
2026-06-15,Blue Kitty Necklace,"999,000"
2026-06-15,Brilliant Kitty Necklace,"18,499,999"
2026-06-15,Eriu Book,"69,999,999"
2026-06-15,Fallen One's Rhod Compass,"64,500,000"
2026-06-15,Fallen One's Rusty Rhod Compass,"21,900,000"
2026-06-15,Fallen One's Shiny Rhod Compass,"150,000,000"
2026-06-15,Fighting Belt,"19,558,225"
2026-06-15,Gray Twilight Brooch,"18,000,000"
2026-06-15,Greater Bronze Lion Statue,"900,000"
2026-06-15,Greater Mysterious Cat Statue,"7,500,000"
2026-06-15,Greater Succubus Fang,"500,000"
2026-06-15,Kitty Brooch,"95,000"
2026-06-15,Kitty Necklace,"79,000"
2026-06-15,Obsidian Kitty Necklace,"105,555,555"
2026-06-15,Red Kitty Necklace,"1,000,000"
2026-06-15,Red Moon Brooch,"25,000,000"
2026-06-15,Roots of Abundance,"84,444,444"
2026-06-15,Sanctuary Earrings,"15,228,888"
2026-06-15,Shrouded Moonlight,"18,888,225"
2026-06-15,Shrouded Shadow,"17,777,777"
2026-06-15,Spirited Belt,"5,000,000"
2026-06-15,Starlight Belt,"95,000,000"
2026-06-15,The Book of Orna,"19,000,000"
2026-06-15,The Book of Uaithne,"65,610,000"
2026-06-15,The Cursed Belt,"63,333,333"
2026-06-15,The Watcher's Werewolf Paw,"37,000,000"
2026-06-15,The Watcher's Glowing Succubus Fang,"91,000,000"
2026-06-15,The Watcher's Mysterious Cat Statue,"29,999,999"
2026-06-15,The Watcher's Rusty Mysterious Cat Statue,"5,000,000"
2026-06-15,The Watcher's Rusty Succubus Fang,"5,500,000"
2026-06-15,The Watcher's Rusty War Goddess Statue,"1,900,000"
2026-06-15,The Watcher's Rusty Werewolf Paw,"14,000,000"
2026-06-15,The Watcher's Glowing War Goddess Statue,"100,000,000"
2026-06-15,The Watcher's Glowing Werewolf Paw,"149,000,000"
2026-06-15,The Watcher's Succubus Fang,"44,444,444"
2026-06-15,The Watcher's War Goddess Statue,"21,800,000"
2026-06-15,Token of Quiet,"66,666,666"
2026-06-15,Usurper's Rhod Compass,"9,500,000"
2026-06-15,Usurper's Rusty Rhod Compass,"4,900,000"
2026-06-15,Usurper's Shiny Rhod Compass,"14,000,000"
2026-06-15,Vampire Spell Book,"1,500"
2026-06-15,White Kitty Brooch,"1,444,000"
2026-06-15,White Kitty Necklace,"850,000"
2026-06-17,Airtight Exquisite Enchant Rune,"109,000,000"
2026-06-17,Enchant Scroll Scrap: Advance,"2,452,999"
2026-06-17,Enchant Scroll Scrap: Advent,"12,500,000"
2026-06-17,Enchant Scroll Scrap: Adversarial,"18,444,444"
2026-06-17,Enchant Scroll Scrap: Amplified,"15,500,000"
2026-06-17,Enchant Scroll Scrap: Ancient,"10,000,000"
2026-06-17,Enchant Scroll Scrap: Bountiful,"21,500,000"
2026-06-17,Enchant Scroll Scrap: Brutal,"5,000,000"
2026-06-17,Enchant Scroll Scrap: Chaser's,"2,080,999"
2026-06-17,Enchant Scroll Scrap: Clash,"3,249,000"
2026-06-17,Enchant Scroll Scrap: Concentrated,"1,600,000"
2026-06-17,Enchant Scroll Scrap: Consume,"3,300,000"
2026-06-17,Enchant Scroll Scrap: Conviction,"5,555,555"
2026-06-17,Enchant Scroll Scrap: Cool,"800,000"
2026-06-17,Enchant Scroll Scrap: Destructive,"500,000"
2026-06-17,Enchant Scroll Scrap: Dignified,"925,000"
2026-06-17,Enchant Scroll Scrap: Enmity,"2,222,100"
2026-06-17,Enchant Scroll Scrap: Escalating,"15,000,000"
2026-06-17,Enchant Scroll Scrap: Eternal,"12,999,999"
2026-06-17,Enchant Scroll Scrap: Executing,"55,000,000"
2026-06-17,Enchant Scroll Scrap: Fate,"150,000,000"
2026-06-17,Enchant Scroll Scrap: Fighting Spirit,"11,200,000"
2026-06-17,Enchant Scroll Scrap: Forgotten,"4,500,000"
2026-06-17,Enchant Scroll Scrap: Impaling,"2,480,000"
2026-06-17,Enchant Scroll Scrap: Indomitable,"16,666,666"
2026-06-17,Enchant Scroll Scrap: Instant,"14,333,333"
2026-06-17,Enchant Scroll Scrap: Irate,"2,969,420"
2026-06-17,Enchant Scroll Scrap: Lament,"3,333,333"
2026-06-17,Enchant Scroll Scrap: Madness,"5,350,000"
2026-06-17,Enchant Scroll Scrap: Mystic,"39,999,999"
2026-06-17,Enchant Scroll Scrap: Petrify,"200,000"
2026-06-17,Enchant Scroll Scrap: Praise,"16,900,000"
2026-06-17,Enchant Scroll Scrap: Prophetic,"5,000,000"
2026-06-17,Enchant Scroll Scrap: Raging,"899,999"
2026-06-17,Enchant Scroll Scrap: Reflection,"19,950,000"
2026-06-17,Enchant Scroll Scrap: Revenge,"4,999,999"
2026-06-17,Enchant Scroll Scrap: Sealed,"5,555,555"
2026-06-17,Enchant Scroll Scrap: Shrewd,"3,999,999"
2026-06-17,Enchant Scroll Scrap: Solitude,"9,555,555"
2026-06-17,Enchant Scroll Scrap: Sorrowful,"2,999,998"
2026-06-17,Enchant Scroll Scrap: Stern,"3,888,888"
2026-06-17,Enchant Scroll Scrap: Stylish,"10,000,000"
2026-06-17,Enchant Scroll Scrap: Subdued,"5,555,555"
2026-06-17,Enchant Scroll Scrap: Tempestuous,"8,999,999"
2026-06-17,Enchant Scroll Scrap: Tragic,"34,500,000"
2026-06-17,Enchant Scroll Scrap: Trial,"18,888,888"
2026-06-17,Enchant Scroll Scrap: Twisted,"5,800,000"
2026-06-17,Enchant Scroll Scrap: Vehement,"3,000,000"
2026-06-17,Enchant Scroll Scrap: Veiled,"12,355,555"
2026-06-17,Enchant Scroll Scrap: Victorious,"6,500,000"
2026-06-17,Enchant Scroll Scrap: Wave,"28,000,000"
2026-06-17,Enchant Scroll Scrap: Weeping,"5,555,555"
2026-06-17,Enchant Scroll Scrap: Withered,"19,999,999"
2026-06-18,Enhancement Elixir,300
2026-06-19,Abomination's Essence: Grand Targe,"445,000"
2026-06-19,Abomination's Essence: Large Shield,"245,000"
2026-06-19,Abomination's Essence: Leg Armor,"650,000"
2026-06-19,Abomination's Essence: Shield,"2,999,800"
2026-06-19,Abyssal Shard Grade 1,"164,498"
2026-06-19,Abyssal Shard Grade 2,"520,000"
2026-06-19,Abyssal Shard Grade 3,"1,514,171"
2026-06-19,Advance Enchant Scroll,"599,999"
2026-06-19,Advent Enchant Scroll,"16,467,676"
2026-06-19,Adversarial Enchant Scroll,"18,300,000"
2026-06-19,Airtight Exquisite Enchant Rune,"100,000,000"
2026-06-19,Amplified Enchant Scroll,"22,499,999"
2026-06-19,Ancient Element Shard,"24,000"
2026-06-19,Ancient Elemental Accessory Shard,"6,990"
2026-06-19,Ancient Elemental Armor Shard,"6,990"
2026-06-19,Ancient Elemental Cloth Bundle,"7,700"
2026-06-19,Ancient Elemental Weapon Shard,"6,990"
2026-06-19,Ancient Enchant Scroll,"6,000,000"
2026-06-19,Ancient Erg Crystal,"5,033"
2026-06-19,Ancient Spirit Magic Powder,"51,999"
2026-06-19,Ancient Spirit Water,"22,999"
2026-06-19,Ardor Enchant Scroll,"250,899"
2026-06-19,Ardri's Essence,"100,000"
2026-06-19,Ardri's Essence: Chest Armor,"1,699,998"
2026-06-19,Ardri's Essence: Feet Armor,"1,600,000"
2026-06-19,Ardri's Essence: Hand Armor,"1,600,000"
2026-06-19,Ardri's Essence: Head Armor,"1,499,999"
2026-06-19,Ardri's Essence: Leg Armor,"1,399,999"
2026-06-19,Ardri's Essence: Weapon,"1,200,000"
2026-06-19,Artisan's Refined Flask,"3,000"
2026-06-19,Astera's Essence: Chest Armor,"500,000"
2026-06-19,Astera's Essence: Head Armor,"1,000,000"
2026-06-19,Astera's Essence: Weapon,"400,000"
2026-06-19,Barrier Enchant Scroll,"9,999,500"
2026-06-19,Blessed Magic Elixir,"34,470"
2026-06-19,Blue Kitty Brooch,"1,950,000"
2026-06-19,Blue Kitty Necklace,"850,000"
2026-06-19,Bountiful Enchant Scroll,"34,500,000"
2026-06-19,Braha's Essence: Chest Armor,"100,000"
2026-06-19,Braha's Essence: Grand Targe,"100,000"
2026-06-19,Braha's Essence: Hand Armor,"100,000"
2026-06-19,Braha's Essence: Large Shield,"2,000,000"
2026-06-19,Braha's Essence: Weapon,"5,000,000"
2026-06-19,Brave Enchant Scroll,"10,000"
2026-06-19,Bres's Moonlight Essence,"4,900,000"
2026-06-19,Bres's Shadow Essence,"10,000,000"
2026-06-19,Brilliant Kitty Necklace,"22,222,222"
2026-06-19,Brutal Enchant Scroll,"990,000"
2026-06-19,Capture Enchant Scroll,"50,000"
2026-06-19,Chaotic Enchant Scroll,"1,000,000"
2026-06-19,Chaser's Enchant Scroll,"789,999"
2026-06-19,Clash Enchant Scroll,"4,288,006"
2026-06-19,Cloth,"6,500"
2026-06-19,Complete Bracelet Diamond,"9,900,000"
2026-06-19,Complete Bracelet Emerald,"8,338,153"
2026-06-19,Complete Bracelet Ruby,"5,000,000"
2026-06-19,Complete Bracelet Sapphire,"6,990,000"
2026-06-19,Concerted Enchant Scroll,"1,000,000"
2026-06-19,Consume Enchant Scroll,"6,999,999"
2026-06-19,Cool Enchant Scroll,"689,995"
2026-06-19,Copper Bracelet,"21,000"
2026-06-19,Copper Ore,"2,000"
2026-06-19,Crescent Moon Island Power Crystal,"7,000"
2026-06-19,Cyclical Enchant Scroll,"9,600,000"
2026-06-19,Damascus Steel,"4,319"
2026-06-19,Dash Enchant Scroll,"300,000"
2026-06-19,Destructive Enchant Scroll,"1,515,151"
2026-06-19,Diamond Enchant Scroll,"100,000"
2026-06-19,Dignified Enchant Scroll,"1,200,000"
2026-06-19,Dullahan's Essence: Chest Armor,"500,000"
2026-06-19,Dullahan's Essence: Feet Armor,"1,333,800"
2026-06-19,Dullahan's Essence: Grand Targe,"1,333,800"
2026-06-19,Dullahan's Essence: Hand Armor,"400,000"
2026-06-19,Dullahan's Essence: Head Armor,"390,000"
2026-06-19,Dullahan's Essence: Large Shield,"1,333,800"
2026-06-19,Dullahan's Essence: Leg Armor,"150,000"
2026-06-19,Dullahan's Essence: Shield,"1,333,800"
2026-06-19,Dullahan's Essence: Weapon,"2,555,800"
2026-06-19,Element Shard,"19,999"
2026-06-19,Element Stone,"10,000"
2026-06-19,Element Stone Catalyst,"14,313"
2026-06-19,Elemental Accessory Shard,"5,000"
2026-06-19,Elemental Armor Shard,"5,356"
2026-06-19,Elemental Cloth Bundle,"4,000"
2026-06-19,Elemental Weapon Shard,"5,400"
2026-06-19,Emmett's Essence,"8,989,898"
2026-06-19,Emptiness Erg Crystal,"2,764"
2026-06-19,Enchant Scroll Scrap: Advance,"1,500,000"
2026-06-19,Enchant Scroll Scrap: Advent,"10,499,999"
2026-06-19,Enchant Scroll Scrap: Adversarial,"15,500,000"
2026-06-19,Enchant Scroll Scrap: Amplified,"1,000,000"
2026-06-19,Enchant Scroll Scrap: Ancient,"12,000,000"
2026-06-19,Enchant Scroll Scrap: Bountiful,"21,550,000"
2026-06-19,Enchant Scroll Scrap: Brutal,"5,000,000"
2026-06-19,Enchant Scroll Scrap: Calm,"200,000"
2026-06-19,Enchant Scroll Scrap: Charge,"500,000"
2026-06-19,Enchant Scroll Scrap: Chaser's,"2,000,000"
2026-06-19,Enchant Scroll Scrap: Clash,"16,999,999"
2026-06-19,Enchant Scroll Scrap: Concerted,"800,000"
2026-06-19,Enchant Scroll Scrap: Conviction,"5,555,555"
2026-06-19,Enchant Scroll Scrap: Cool,"790,000"
2026-06-19,Enchant Scroll Scrap: Destructive,"776,666"
2026-06-19,Enchant Scroll Scrap: Dignified,"500,000"
2026-06-19,Enchant Scroll Scrap: Enmity,"2,900,000"
2026-06-19,Enchant Scroll Scrap: Escalating,"17,999,999"
2026-06-19,Enchant Scroll Scrap: Eternal,"9,500,000"
2026-06-19,Enchant Scroll Scrap: Executing,"54,545,487"
2026-06-19,Enchant Scroll Scrap: Fading,"2,000,000"
2026-06-19,Enchant Scroll Scrap: Fate,"130,000,000"
2026-06-19,Enchant Scroll Scrap: Fighting Spirit,"13,899,999"
2026-06-19,Enchant Scroll Scrap: Forgotten,"4,000,000"
2026-06-19,Enchant Scroll Scrap: Frenzy,"4,000,000"
2026-06-19,Enchant Scroll Scrap: Hollow,"40,000,000"
2026-06-19,Enchant Scroll Scrap: Impaling,"2,000,000"
2026-06-19,Enchant Scroll Scrap: Indomitable,"16,666,666"
2026-06-19,Enchant Scroll Scrap: Instant,"10,000,000"
2026-06-19,Enchant Scroll Scrap: Irate,"6,999,998"
2026-06-19,Enchant Scroll Scrap: Lament,"2,400,000"
2026-06-19,Enchant Scroll Scrap: Madness,"2,600,000"
2026-06-19,Enchant Scroll Scrap: Mystic,"39,900,000"
2026-06-19,Enchant Scroll Scrap: Outburst,"850,000"
2026-06-19,Enchant Scroll Scrap: Petrify,"2,000,000"
2026-06-19,Enchant Scroll Scrap: Praise,"16,659,999"
2026-06-19,Enchant Scroll Scrap: Prophetic,"5,999,999"
2026-06-19,Enchant Scroll Scrap: Raging,"1,000,000"
2026-06-19,Enchant Scroll Scrap: Reflection,"18,000,000"
2026-06-19,Enchant Scroll Scrap: Revenge,"5,000,000"
2026-06-19,Enchant Scroll Scrap: Shrewd,"4,000,000"
2026-06-19,Enchant Scroll Scrap: Solitude,"9,288,888"
2026-06-19,Enchant Scroll Scrap: Sorrowful,"2,250,000"
2026-06-19,Enchant Scroll Scrap: Space Time,"800,000"
2026-06-19,Enchant Scroll Scrap: Stern,"14,999,999"
2026-06-19,Enchant Scroll Scrap: Stylish,"18,999,999"
2026-06-19,Enchant Scroll Scrap: Subdued,"5,555,555"
2026-06-19,Enchant Scroll Scrap: Tempestuous,"7,250,000"
2026-06-19,Enchant Scroll Scrap: Tragic,"34,000,000"
2026-06-19,Enchant Scroll Scrap: Transcendent,"12,696,969"
2026-06-19,Enchant Scroll Scrap: Trial,"18,700,000"
2026-06-19,Enchant Scroll Scrap: Twisted,"6,950,000"
2026-06-19,Enchant Scroll Scrap: Vehement,"1,200,000"
2026-06-19,Enchant Scroll Scrap: Veiled,"12,999,000"
2026-06-19,Enchant Scroll Scrap: Victorious,"6,200,000"
2026-06-19,Enchant Scroll Scrap: Wave,"28,000,000"
2026-06-19,Enchant Scroll Scrap: Withered,"16,187,996"
2026-06-19,Enhanced New Era Cloth,"48,222"
2026-06-19,Enhanced New Era Leather,"31,499"
2026-06-19,Enhanced New Era Orb,"24,000"
2026-06-19,Enhanced New Era Ore,"51,000"
2026-06-19,Enmity Enchant Scroll,"799,999"
2026-06-19,Enok's Essence,"3,999,800"
2026-06-19,Eriu Advancement Stone: Head Armor,"66,666,666"
2026-06-19,Eriu Advancement Stone: Leg Armor,"66,666,666"
2026-06-19,Eriu Advancement Stone: Weapon,"34,999,999"
2026-06-19,Eriu Book,"66,666,666"
2026-06-19,Eriu Fragment: Auxiliary Equipment,"6,500,000"
2026-06-19,Eriu Fragment: Chest Armor,"2,869,000"
2026-06-19,Eriu Fragment: Head Armor,"2,500,000"
2026-06-19,Eriu Fragment: Leg Armor,"2,600,000"
2026-06-19,Eriu Fragment: Roots of Abundance,"177,777"
2026-06-19,Eriu Fragment: Starlight Belt,"8,500,000"
2026-06-19,Eriu Fragment: Weapon,"3,713,415"
2026-06-19,Escalating Enchant Scroll,"27,000,000"
2026-06-19,Eternal Enchant Scroll,"16,500,000"
2026-06-19,Eternal Legacy,"1,000,000"
2026-06-19,Eternity Erg Crystal,"4,999"
2026-06-19,Executing Enchant Scroll,"99,000,000"
2026-06-19,Exquisite Cloth,"2,000"
2026-06-19,Exquisite HP Potion,"19,000"
2026-06-19,Fading Enchant Scroll,"140,000"
2026-06-19,Fallen One's Rhod Compass,"68,500,000"
2026-06-19,Fallen One's Rusty Rhod Compass,"19,900,000"
2026-06-19,Fallen One's Shiny Rhod Compass,"167,999,999"
2026-06-19,Fast Enchant Scroll,"1,500,000"
2026-06-19,Fate Enchant Scroll,"405,000,000"
2026-06-19,Fighting Belt,"19,558,225"
2026-06-19,Fighting Spirit Enchant Scroll,"19,910,000"
2026-06-19,Fine Bracelet Diamond,"8,888"
2026-06-19,Fine Bracelet Emerald,"50,000"
2026-06-19,Fine Bracelet Ruby,"69,888"
2026-06-19,Fine Bracelet Sapphire,"22,777"
2026-06-19,Fine Fobellow Tin,"2,999"
2026-06-19,Fine Iron Ore,"4,795"
2026-06-19,Flask of Niflheim,"1,328,214"
2026-06-19,Force Enchant Scroll,"100,000"
2026-06-19,Forgotten Enchant Scroll,"5,574,564"
2026-06-19,Frenzy Enchant Scroll,"7,999,999"
2026-06-19,Godly Cloth,"7,777"
2026-06-19,Godly Iron Ore,"1,000"
2026-06-19,Goibhniu's Enhancement Stone,"1,800,000"
2026-06-19,Goibhniu's Stone+,"4,199,998"
2026-06-19,Gold Bracelet,"21,999,999"
2026-06-19,Gray Twilight Brooch,"17,900,000"
2026-06-19,Greater Bronze Lion Statue,"900,000"
2026-06-19,Greater Mysterious Cat Statue,"7,500,000"
2026-06-19,Greater Succubus Fang,"500,000"
2026-06-19,Heavenly Leather,"22,000"
2026-06-19,Hoarfrost Hollow Erg Crystal,"8,000"
2026-06-19,Hollow Enchant Scroll,"48,500,000"
2026-06-19,Impaling Enchant Scroll,"700,000"
2026-06-19,Indomitable Enchant Scroll,"15,690,500"
2026-06-19,Inherited Power: Fragments,"8,957"
2026-06-19,Intermediate Element Stone,"350,000"
2026-06-19,Irate Enchant Scroll,"8,888,888"
2026-06-19,Iron Ore,"23,968"
2026-06-19,Jardin Steel,"33,925"
2026-06-19,Keen Eriu Crystal,"1,009,643"
2026-06-19,Keen Legacy Shard,"299,998"
2026-06-19,Keen Legendary Chunk,"350,000"
2026-06-19,Keen Succession Ore,"1,000,000"
2026-06-19,Keen Succession Shard,"500,000"
2026-06-19,Keen Uaithne Crystal,"2,474,999"
2026-06-19,Kitty Brooch,"300,000"
2026-06-19,Lambent Powder,"1,099"
2026-06-19,Lament Enchant Scroll,"1,499,997"
2026-06-19,Life Erg Crystal,"5,900"
2026-06-19,Life Spirit Remnant,"69,999"
2026-06-19,Light Erg Crystal,"8,969"
2026-06-19,Lightweight Eriu Crystal,"575,000"
2026-06-19,Lightweight Legacy Shard,"490,000"
2026-06-19,Lightweight Legendary Chunk,"300,000"
2026-06-19,Lightweight Legendary Ore,"300,000"
2026-06-19,Lightweight Succession Ore,"2,000,000"
2026-06-19,Lightweight Succession Shard,"1,500,000"
2026-06-19,Lightweight Uaithne Crystal,"2,600,000"
2026-06-19,Lord's Glowing Obsidian Bracelet,"600,000,000"
2026-06-19,Lord's Obsidian Bracelet,"375,000,000"
2026-06-19,Lucian's Essence,"1,800,000"
2026-06-19,Lugh Lamhfada's Essence: Leg Armor,"400,000"
2026-06-19,Lugh Lamhfada's Essence: Shield,"250,000"
2026-06-19,Madness Enchant Scroll,"4,900,000"
2026-06-19,Magic Elixir,"38,999"
2026-06-19,Magic Elixir of Life,"19,999"
2026-06-19,Magic Powder,"7,300"
2026-06-19,Meditating Enchant Scroll,"999,999"
2026-06-19,Milletian's Essence: Feet Armor,"2,999,800"
2026-06-19,Milletian's Essence: Leg Armor,"1,200,000"
2026-06-19,Misty Summit Source,"25,000"
2026-06-19,Moonlight Sapphire Brooch,"1,500,000"
2026-06-19,Morgant's Essence,"1,989,000"
2026-06-19,Mysterious Shard Grade 1,"81,277"
2026-06-19,Mysterious Shard Grade 2,"315,000"
2026-06-19,Mystic Enchant Scroll,"80,000,000"
2026-06-19,New Era Cloth,"31,821"
2026-06-19,New Era Leather,"27,161"
2026-06-19,New Era Orb,"4,000"
2026-06-19,New Era Ore,"7,040"
2026-06-19,New Era Stone,"6,469"
2026-06-19,Obsidian Kitty Necklace,"135,000,000"
2026-06-19,Orb,"10,902"
2026-06-19,Orna's Essence,"900,000"
2026-06-19,Orna's Essence: Chest Armor,"1,750,000"
2026-06-19,Orna's Essence: Feet Armor,"1,800,000"
2026-06-19,Orna's Essence: Hand Armor,"1,834,232"
2026-06-19,Orna's Essence: Head Armor,"2,049,997"
2026-06-19,Orna's Essence: Leg Armor,"1,890,000"
2026-06-19,Orna's Essence: Weapon,"173,128"
2026-06-19,Outburst Enchant Scroll,"500,000"
2026-06-19,Paradise Orb,"3,500"
2026-06-19,Passion Enchant Scroll,"750,000"
2026-06-19,Peaceful Enchant Scroll,"3,000,000"
2026-06-19,Perfect Legendary Chunk,"400,000"
2026-06-19,Perfect Succession Ore,"3,250,000"
2026-06-19,Perfect Uaithne Crystal,"3,700,000"
2026-06-19,Petite Enchant Scroll,"1,500"
2026-06-19,Petrify Enchant Scroll,"999,999"
2026-06-19,Prairie Erg Crystal,"8,888"
2026-06-19,Praise Enchant Scroll,"32,600,000"
2026-06-19,Prophetic Enchant Scroll,"1,000,000"
2026-06-19,Rage Erg Crystal,"18,999"
2026-06-19,Raging Enchant Scroll,"1,999,999"
2026-06-19,Red Kitty Necklace,"1,000,000"
2026-06-19,Red Moon Brooch,"25,000,000"
2026-06-19,Reflection Enchant Scroll,"28,800,000"
2026-06-19,Regina's Feather: Head Armor,"170,000"
2026-06-19,Regina's Feather: Large Shield,"2,000,000"
2026-06-19,Regina's Feather: Shield,"500,000"
2026-06-19,Resistant Enchant Scroll,"50,000"
2026-06-19,Resolved Enchant Scroll,"500,000"
2026-06-19,Revenge Enchant Scroll,"7,990,000"
2026-06-19,Robust Eriu Crystal,"1,555,555"
2026-06-19,Robust Uaithne Crystal,"800,000"
2026-06-19,Roots of Abundance,"81,000,000"
2026-06-19,Ruins Erg Crystal,"8,880"
2026-06-19,Sacred Erg Crystal,"6,666"
2026-06-19,Sanctuary Earrings,"15,228,888"
2026-06-19,Sealed Power: Fragments,"39,000"
2026-06-19,Semias' Essence,"3,136,313"
2026-06-19,Seraphic Feathers Brooch,"14,999,999"
2026-06-19,Ship Graveyard Power Crystal,"9,800"
2026-06-19,Shrewd Enchant Scroll,"7,000,000"
2026-06-19,Shrouded Moonlight,"16,000,000"
2026-06-19,Significant Enchant Scroll,"199,900"
2026-06-19,Silver Bracelet,"67,676"
2026-06-19,Smooth Eriu Crystal,"1,548,000"
2026-06-19,Smooth Legacy Shard,"700,000"
2026-06-19,Smooth Legendary Chunk,"1,000,000"
2026-06-19,Smooth Legendary Ore,"1,999,800"
2026-06-19,Smooth Legendary Shard,"100,000"
2026-06-19,Smooth Succession Ore,"246,253"
2026-06-19,Smooth Succession Shard,"500,000"
2026-06-19,Smooth Uaithne Crystal,"291,983"
2026-06-19,Solid Eriu Crystal,"697,000"
2026-06-19,Solid Legacy Shard,"700,000"
2026-06-19,Solid Legendary Chunk,"350,000"
2026-06-19,Solid Legendary Ore,"1,999,800"
2026-06-19,Solid Legendary Shard,"97,950"
2026-06-19,Solid Succession Ore,"1,056,200"
2026-06-19,Solid Uaithne Crystal,"725,000"
2026-06-19,Solitude Enchant Scroll,"10,000,000"
2026-06-19,Sorrowful Enchant Scroll,"2,000,000"
2026-06-19,Space Time Enchant Scroll,"777,777"
2026-06-19,Sparkling Enchant Scroll,"300,000"
2026-06-19,Special Dungeon: Enchant Pouch,"10,850,000"
2026-06-19,Spinos' Essence,"8,888,888"
2026-06-19,Spirit Magic Powder,"13,130"
2026-06-19,Spirit Water,"1,850"
2026-06-19,Stable Eriu Crystal,"2,134,000"
2026-06-19,Stable Legacy Shard,"371,000"
2026-06-19,Stable Legendary Chunk,"800,000"
2026-06-19,Stable Succession Ore,"3,200,000"
2026-06-19,Stable Uaithne Crystal,"3,799,999"
2026-06-19,Starlight Belt,"71,000,000"
2026-06-19,Stern Enchant Scroll,"4,500,000"
2026-06-19,Stylish Enchant Scroll,"15,500,000"
2026-06-19,Superior Bracelet Diamond,"7,500,000"
2026-06-19,Superior Bracelet Ruby,"3,800,000"
2026-06-19,Superior Bracelet Sapphire,"400,000"
2026-06-19,Superior Cloth,"8,999"
2026-06-19,Superior Element Stone,"870,000"
2026-06-19,Superior Enhancement Elixir,"142,966"
2026-06-19,Superior HP Potion,"14,499"
2026-06-19,Superior Iron Ore,"7,000"
2026-06-19,Tarian Steel,"3,500,000"
2026-06-19,Tempestuous Enchant Scroll,"8,000,000"
2026-06-19,Terminus Sentinel Essence: Grand Targe,"2,000,000"
2026-06-19,Terminus Sentinel Essence: Large Shield,"2,000,000"
2026-06-19,Terminus Sentinel Essence: Shield,"1,000,000"
2026-06-19,Terminus Sentinel Essence: Weapon,"500,000"
2026-06-19,Terra Spirit Remnant,"2,826"
2026-06-19,The Book of Orna,"29,999,999"
2026-06-19,The Book of Uaithne,"40,000,000"
2026-06-19,The Cursed Belt,"45,000,000"
2026-06-19,The Dead Enchant Scroll,"500,000"
2026-06-19,The Watcher's Glowing Succubus Fang,"149,999,999"
2026-06-19,The Watcher's Mysterious Cat Statue,"19,999,999"
2026-06-19,The Watcher's Rusty Mysterious Cat Statue,"4,400,000"
2026-06-19,The Watcher's Rusty Succubus Fang,"4,990,000"
2026-06-19,The Watcher's Rusty War Goddess Statue,"8,000,000"
2026-06-19,The Watcher's Rusty Werewolf Paw,"12,222,222"
2026-06-19,The Watcher's Glowing War Goddess Statue,"90,000,000"
2026-06-19,The Watcher's Glowing Werewolf Paw,"145,000,000"
2026-06-19,The Watcher's Succubus Fang,"20,000,000"
2026-06-19,The Watcher's War Goddess Statue,"21,849,999"
2026-06-19,The Watcher's Werewolf Paw,"36,000,000"
2026-06-19,Tragic Enchant Scroll,"34,987,645"
2026-06-19,Transcendent Enchant Scroll,"16,000,000"
2026-06-19,Trial Enchant Scroll,"23,000,000"
2026-06-19,Truth Enchant Scroll,"1,000,000"
2026-06-19,Twilight Desert Source,"7,000"
2026-06-19,Twilight Erg Crystal,"6,900"
2026-06-19,Twisted Enchant Scroll,"12,222,222"
2026-06-19,Uaithne Advancement Stone: Chest Armor,"55,555,555"
2026-06-19,Uaithne Advancement Stone: Feet Armor,"55,555,555"
2026-06-19,Uaithne Advancement Stone: Hand Armor,"55,555,555"
2026-06-19,Uaithne Advancement Stone: Head Armor,"55,555,555"
2026-06-19,Uaithne Advancement Stone: Leg Armor,"55,555,555"
2026-06-19,Uaithne Advancement Stone: Weapon,"88,888,888"
2026-06-19,Uaithne Crystal,"17,000,000"
2026-06-19,Uaithne Fragment: Auxiliary Equipment,"300,000"
2026-06-19,Uaithne Fragment: Chest Armor,"3,000,000"
2026-06-19,Uaithne Fragment: Feet Armor,"2,649,999"
2026-06-19,Uaithne Fragment: Hand Armor,"2,850,000"
2026-06-19,Uaithne Fragment: Head Armor,"3,227,228"
2026-06-19,Uaithne Fragment: Leg Armor,"2,500,000"
2026-06-19,Uaithne Fragment: The Cursed Belt,"6,000,000"
2026-06-19,Uaithne Fragment: Token of Quiet,"13,444,333"
2026-06-19,Uaithne Fragment: Token of Silence,"9,799,000"
2026-06-19,Uaithne Fragment: Weapon,"2,981,101"
2026-06-19,Unknowable Power: Fragments,"140,690"
2026-06-19,Unrelenting Uaithne Crystal,"568,000"
2026-06-19,Unstable Enhancement Rune,"7,376,779"
2026-06-19,Uscias' Essence,"2,604,444"
2026-06-19,Usurper's Rusty Rhod Compass,"3,799,999"
2026-06-19,Usurper's Rhod Compass,"9,900,000"
2026-06-19,Usurper's Shiny Rhod Compass,"13,000,000"
2026-06-19,Valor Enchant Scroll,"550,000"
2026-06-19,Vehement Enchant Scroll,"750,000"
2026-06-19,Veiled Enchant Scroll,"17,777,777"
2026-06-19,Victorious Enchant Scroll,"6,000,500"
2026-06-19,Water Erg Crystal,"5,555"
2026-06-19,Wave Enchant Scroll,"38,000,000"
2026-06-19,Weeping Enchant Scroll,"100,000"
2026-06-19,Well-Balanced Enchant Scroll,"499,999"
2026-06-19,White Kitty Brooch,"952,100"
2026-06-19,White Kitty Necklace,"499,000"
2026-06-19,Wish Enchant Scroll,"2,999,999"
2026-06-19,Withered Enchant Scroll,"25,029,201"
2026-06-20,Ardri's Essence,"100,000"
2026-06-20,Eternal Legacy,"1,000,000"
2026-06-20,Keen Uaithne Crystal,"2,546,403"
2026-06-20,Lightweight Uaithne Crystal,"2,384,000"
2026-06-20,Lucian's Essence,"2,100,000"
2026-06-20,Morgant's Essence,"2,377,999"
2026-06-20,Orna's Essence,"1,750,000"
2026-06-20,Perfect Uaithne Crystal,"2,800,000"
2026-06-20,Robust Uaithne Crystal,"500,000"
2026-06-20,Semias' Essence,"3,222,222"
2026-06-20,Smooth Uaithne Crystal,"380,000"
2026-06-20,Solid Uaithne Crystal,"728,229"
2026-06-20,Spinos' Essence,"7,999,999"
2026-06-20,Stable Uaithne Crystal,"2,500,000"
2026-06-20,Uaithne Crystal,"16,757,650"
2026-06-20,Uaithne Fragment: Auxiliary Equipment,"100,000"
2026-06-20,Uaithne Fragment: Chest Armor,"3,166,737"
2026-06-20,Uaithne Fragment: Feet Armor,"2,595,000"
2026-06-20,Uaithne Fragment: Hand Armor,"3,854,999"
2026-06-20,Uaithne Fragment: Head Armor,"2,829,999"
2026-06-20,Uaithne Fragment: Leg Armor,"2,669,689"
2026-06-20,Uaithne Fragment: The Cursed Belt,"6,000,000"
2026-06-20,Uaithne Fragment: The Sun's Wish,"1,000,000"
2026-06-20,Uaithne Fragment: Token of Silence,"9,399,999"
2026-06-20,Uaithne Fragment: Weapon,"2,890,000"
2026-06-20,Unrelenting Uaithne Crystal,"589,000"
2026-06-20,Uscias' Essence,"1,500,000"
2026-06-21,Airtight Extraction Rune 1x,"55,000,000"
2026-06-21,Abyssal Shard Grade 1,"110,000"
2026-06-21,Abyssal Shard Grade 2,"400,000"
2026-06-21,Abyssal Shard Grade 3,"1,400,000"
2026-06-21,Advance Enchant Scroll,"399,998"
2026-06-21,Advent Enchant Scroll,"18,888,888"
2026-06-21,Adversarial Enchant Scroll,"14,000,000"
2026-06-21,Agonizing Enchant Scroll,"25,000"
2026-06-21,Airtight Exquisite Enchant Rune,"104,999,000"
2026-06-21,Amplified Enchant Scroll,"20,000,000"
2026-06-21,Ancient Element Shard,"24,000"
2026-06-21,Ancient Elemental Accessory Shard,"7,000"
2026-06-21,Ancient Elemental Armor Shard,"7,000"
2026-06-21,Ancient Elemental Cloth Bundle,"7,763"
2026-06-21,Ancient Elemental Weapon Shard,"7,000"
2026-06-21,Ancient Enchant Scroll,"7,000,000"
2026-06-21,Ancient Spirit Water,"24,000"
2026-06-21,Artisan's Refined Flask,"950,000"
2026-06-21,Artisan's Sturdy Flask,"12,422"
2026-06-21,Barrier Enchant Scroll,"100,000"
2026-06-21,Berserker Enchant Scroll,"350,000"
2026-06-21,Blessed Magic Elixir,"34,400"
2026-06-21,Bountiful Enchant Scroll,"35,000,000"
2026-06-21,Brutal Enchant Scroll,"1,000,000"
2026-06-21,Challenging Enchant Scroll,"20,000"
2026-06-21,Chaos Enchant Scroll,"45,000"
2026-06-21,Charging Enchant Scroll,"1,919,191"
2026-06-21,Chaser's Enchant Scroll,"1,500,000"
2026-06-21,Clash Enchant Scroll,"3,333,333"
2026-06-21,Cloth,"5,990"
2026-06-21,Complete Bracelet Diamond,"9,000,000"
2026-06-21,Complete Bracelet Emerald,"7,500,000"
2026-06-21,Complete Bracelet Ruby,"7,900,000"
2026-06-21,Complete Bracelet Sapphire,"7,867,675"
2026-06-21,Concentrated Enchant Scroll,"1,000,000"
2026-06-21,Concerted Enchant Scroll,"300,000"
2026-06-21,Consume Enchant Scroll,"7,770,000"
2026-06-21,Cool Enchant Scroll,"377,777"
2026-06-21,Copper Ore,"3,175"
2026-06-21,Crescent Moon Island Power Crystal,"3,000"
2026-06-21,Cyclical Enchant Scroll,"21,000,000"
2026-06-21,Destructive Enchant Scroll,"2,500,000"
2026-06-21,Dignified Enchant Scroll,"25,000,000"
2026-06-21,Element Stone,"10,000"
2026-06-21,Element Stone Catalyst,"14,293"
2026-06-21,Elemental Accessory Shard,"4,999"
2026-06-21,Elemental Armor Shard,"5,356"
2026-06-21,Elemental Cloth Bundle,"4,000"
2026-06-21,Elemental Weapon Shard,"5,400"
2026-06-21,Empowered Stone,"1,999"
2026-06-21,Enchant Scroll Scrap: Advance,"3,653,999"
2026-06-21,Enchant Scroll Scrap: Advent,"13,000,000"
2026-06-21,Enchant Scroll Scrap: Adversarial,"18,500,100"
2026-06-21,Enchant Scroll Scrap: Amplified,"10,000,000"
2026-06-21,Enchant Scroll Scrap: Ancient,"1,000,000"
2026-06-21,Enchant Scroll Scrap: Bountiful,"22,777,777"
2026-06-21,Enchant Scroll Scrap: Brutal,"500,000"
2026-06-21,Enchant Scroll Scrap: Chaser's,"2,000,000"
2026-06-21,Enchant Scroll Scrap: Clash,"1,500,000"
2026-06-21,Enchant Scroll Scrap: Concentrated,"1,390,000"
2026-06-21,Enchant Scroll Scrap: Concerted,"800,000"
2026-06-21,Enchant Scroll Scrap: Consume,"7,500,000"
2026-06-21,Enchant Scroll Scrap: Conviction,"5,555,555"
2026-06-21,Enchant Scroll Scrap: Cool,"5,000,000"
2026-06-21,Enchant Scroll Scrap: Cyclical,"45,555,555"
2026-06-21,Enchant Scroll Scrap: Destructive,"4,000,000"
2026-06-21,Enchant Scroll Scrap: Dignified,"500,000"
2026-06-21,Enchant Scroll Scrap: Enmity,"2,777,777"
2026-06-21,Enchant Scroll Scrap: Escalating,"20,000,000"
2026-06-21,Enchant Scroll Scrap: Eternal,"12,000,000"
2026-06-21,Enchant Scroll Scrap: Executing,"41,850,000"
2026-06-21,Enchant Scroll Scrap: Fading,"1,000,000"
2026-06-21,Enchant Scroll Scrap: Fate,"140,000,000"
2026-06-21,Enchant Scroll Scrap: Fighting Spirit,"13,899,999"
2026-06-21,Enchant Scroll Scrap: Frenzy,"4,000,000"
2026-06-21,Enchant Scroll Scrap: Hollow,"35,000,000"
2026-06-21,Enchant Scroll Scrap: Impaling,"500,000"
2026-06-21,Enchant Scroll Scrap: Indomitable,"16,666,666"
2026-06-21,Enchant Scroll Scrap: Instant,"9,000,000"
2026-06-21,Enchant Scroll Scrap: Irate,"6,999,997"
2026-06-21,Enchant Scroll Scrap: Lament,"4,999,999"
2026-06-21,Enchant Scroll Scrap: Madness,"5,000,000"
2026-06-21,Enchant Scroll Scrap: Mystic,"39,999,997"
2026-06-21,Enchant Scroll Scrap: Outburst,"850,000"
2026-06-21,Enchant Scroll Scrap: Petrify,"1,800,000"
2026-06-21,Enchant Scroll Scrap: Praise,"16,200,000"
2026-06-21,Enchant Scroll Scrap: Prophetic,"5,000,000"
2026-06-21,Enchant Scroll Scrap: Reflection,"17,000,000"
2026-06-21,Enchant Scroll Scrap: Revenge,"750,000"
2026-06-21,Enchant Scroll Scrap: Sealed,"5,555,555"
2026-06-21,Enchant Scroll Scrap: Shrewd,"4,000,000"
2026-06-21,Enchant Scroll Scrap: Solitude,"8,745,670"
2026-06-21,Enchant Scroll Scrap: Sorrowful,"4,000,000"
2026-06-21,Enchant Scroll Scrap: Space Time,"1,000,000"
2026-06-21,Enchant Scroll Scrap: Stern,"14,999,999"
2026-06-21,Enchant Scroll Scrap: Stylish,"18,888,888"
2026-06-21,Enchant Scroll Scrap: Subdued,"5,555,555"
2026-06-21,Enchant Scroll Scrap: Tempestuous,"7,250,000"
2026-06-21,Enchant Scroll Scrap: Tragic,"29,000,000"
2026-06-21,Enchant Scroll Scrap: Transcendent,"1,969,696"
2026-06-21,Enchant Scroll Scrap: Trial,"16,000,000"
2026-06-21,Enchant Scroll Scrap: Twisted,"5,000,000"
2026-06-21,Enchant Scroll Scrap: Vehement,"999,999"
2026-06-21,Enchant Scroll Scrap: Veiled,"12,655,555"
2026-06-21,Enchant Scroll Scrap: Victorious,"5,888,888"
2026-06-21,Enchant Scroll Scrap: Wave,"20,000,000"
2026-06-21,Enchant Scroll Scrap: Weeping,"5,555,555"
2026-06-21,Enchant Scroll Scrap: Withered,"14,500,000"
2026-06-21,Enhanced New Era Cloth,"33,680"
2026-06-21,Enhanced New Era Leather,"33,680"
2026-06-21,Enhanced New Era Orb,"21,440"
2026-06-21,Enhanced New Era Ore,"34,990"
2026-06-21,Enmity Enchant Scroll,"35,000,000"
2026-06-21,Eriu Advancement Stone: Head Armor,"66,666,666"
2026-06-21,Eriu Advancement Stone: Leg Armor,"66,666,666"
2026-06-21,Eriu Advancement Stone: Weapon,"34,999,999"
2026-06-21,Eriu Fragment: Auxiliary Equipment,"7,300,000"
2026-06-21,Eternal Enchant Scroll,"23,000,000"
2026-06-21,Executing Enchant Scroll,"98,000,000"
2026-06-21,Expeditionary Enchant Scroll,"100,000"
2026-06-21,Exquisite Cloth,"2,000"
2026-06-21,Fading Enchant Scroll,"750,000"
2026-06-21,Fast Enchant Scroll,"2,444,444"
2026-06-21,Fate Enchant Scroll,"409,000,000"
2026-06-21,Fighting Spirit Enchant Scroll,"28,702,148"
2026-06-21,Fine Bracelet Diamond,"50,000"
2026-06-21,Fine Bracelet Emerald,"50,000"
2026-06-21,Fine Bracelet Ruby,"12,000"
2026-06-21,Fine Bracelet Sapphire,"21,999"
2026-06-21,Fine Cloth,"3,792"
2026-06-21,Fine Fobellow Tin,"2,250"
2026-06-21,Fine Iron Ore,"2,116"
2026-06-21,Flask of Niflheim,"1,999,000"
2026-06-21,Force Enchant Scroll,"30,000"
2026-06-21,Forgotten Enchant Scroll,"3,074,564"
2026-06-21,Frenzy Enchant Scroll,"8,499,999"
2026-06-21,Godly Cloth,"7,777"
2026-06-21,Goibhniu's Enhancement Stone,"1,800,000"
2026-06-21,Goibhniu's Stone+,"3,500,000"
2026-06-21,Heavenly Leather,"22,000"
2026-06-21,Hollow Enchant Scroll,"55,000,000"
2026-06-21,Immoral Enchant Scroll,"20,000"
2026-06-21,Impaling Enchant Scroll,"650,000"
2026-06-21,Indomitable Enchant Scroll,"5,000,000"
2026-06-21,Inherited Power: Fragments,"5,709"
2026-06-21,Instant Enchant Scroll,"32,000,000"
2026-06-21,Intermediate Element Stone,"350,000"
2026-06-21,Irate Enchant Scroll,"4,999,999"
2026-06-21,Iron Ore,"21,580"
2026-06-21,Jardin Steel,"24,637"
2026-06-21,Judgment Enchant Scroll,"20,000"
2026-06-21,Lament Enchant Scroll,"1,349,999"
2026-06-21,Madness Enchant Scroll,"4,400,000"
2026-06-21,Magic Elixir,"38,885"
2026-06-21,Magic Elixir of Life,"15,500"
2026-06-21,Magic Powder,"6,974"
2026-06-21,Meditating Enchant Scroll,"555,500"
2026-06-21,Misty Summit Source,"25,070"
2026-06-21,Mysterious Shard Grade 2,"300,000"
2026-06-21,Mysterious Shard Grade 3,"2,200,000"
2026-06-21,Mystic Enchant Scroll,"67,000,000"
2026-06-21,New Era Cloth,"31,000"
2026-06-21,New Era Leather,"37,611"
2026-06-21,New Era Orb,"2,999"
2026-06-21,New Era Ore,"6,390"
2026-06-21,New Era Stone,"4,888"
2026-06-21,Orb,"8,000"
2026-06-21,Outburst Enchant Scroll,"400,000"
2026-06-21,Paradise Orb,"2,810"
2026-06-21,Passion Enchant Scroll,"2,000,000"
2026-06-21,Peaceful Enchant Scroll,"999,000"
2026-06-21,Petrify Enchant Scroll,"800,000"
2026-06-21,Praise Enchant Scroll,"28,249,999"
2026-06-21,Raging Enchant Scroll,"1,599,999"
2026-06-21,Reflection Enchant Scroll,"28,999,999"
2026-06-21,Reinforced Enchant Scroll,"100,000"
2026-06-21,Revenge Enchant Scroll,"5,000,000"
2026-06-21,Sealed Enchant Scroll,"555,500"
2026-06-21,Sealed Power: Fragments,"39,773"
2026-06-21,Ship Graveyard Power Crystal,"3,000"
2026-06-21,Shrewd Enchant Scroll,"5,599,999"
2026-06-21,Solitude Enchant Scroll,"1,000,000"
2026-06-21,Sorrowful Enchant Scroll,"1,600,000"
2026-06-21,Space Time Enchant Scroll,"199,989"
2026-06-21,Special Dungeon: Enchant Pouch,"9,800,000"
2026-06-21,Spirit Magic Powder,"12,500"
2026-06-21,Spirited Enchant Scroll,"20,000,000"
2026-06-21,Stern Enchant Scroll,"12,500,000"
2026-06-21,Strong Enchant Scroll,"95,000"
2026-06-21,Stylish Enchant Scroll,"19,999,999"
2026-06-21,Subdued Enchant Scroll,"20,000"
2026-06-21,Superior Bracelet Diamond,"6,666,666"
2026-06-21,Superior Bracelet Emerald,"2,799,999"
2026-06-21,Superior Bracelet Ruby,"3,500,000"
2026-06-21,Superior Bracelet Sapphire,"3,800,500"
2026-06-21,Superior Cloth,"5,500"
2026-06-21,Superior Element Stone,"750,000"
2026-06-21,Superior Enhancement Elixir,"144,369"
2026-06-21,Superior Iron Ore,"3,995"
2026-06-21,Superior Leather,"100,000"
2026-06-21,Tarian Steel,"3,200,000"
2026-06-21,Tempestuous Enchant Scroll,"8,000,000"
2026-06-21,The Dead Enchant Scroll,"300,000"
2026-06-21,Tragic Enchant Scroll,"44,000,000"
2026-06-21,Transcendent Enchant Scroll,"14,977,777"
2026-06-21,Trial Enchant Scroll,"21,000,000"
2026-06-21,Truth Enchant Scroll,"500,000"
2026-06-21,Twilight Desert Source,"7,000"
2026-06-21,Uaithne Advancement Stone: Chest Armor,"55,555,555"
2026-06-21,Uaithne Advancement Stone: Feet Armor,"55,555,555"
2026-06-21,Uaithne Advancement Stone: Hand Armor,"55,555,555"
2026-06-21,Uaithne Advancement Stone: Head Armor,"55,555,555"
2026-06-21,Uaithne Advancement Stone: Leg Armor,"55,555,555"
2026-06-21,Uaithne Advancement Stone: Weapon,"88,888,888"
2026-06-21,Uaithne Crystal,"19,942,449"
2026-06-21,Uaithne Fragment: Auxiliary Equipment,"100,000"
2026-06-21,Unknowable Power: Fragments,"132,750"
2026-06-21,Unstable Enhancement Rune,"7,700,000"
2026-06-21,Vehement Enchant Scroll,"499,999"
2026-06-21,Veiled Enchant Scroll,"18,000,000"
2026-06-21,Victorious Enchant Scroll,"6,000,000"
2026-06-21,Warlord's Enchant Scroll,"100,000"
2026-06-21,Wave Enchant Scroll,"40,000,000"
2026-06-21,Well-Balanced Enchant Scroll,"2,222,222"
2026-06-21,Wish Enchant Scroll,"1,300,000"
2026-06-21,Withered Enchant Scroll,"23,333,333"
2026-06-21,The Watcher's Werewolf Paw,"53,000,000"
2026-06-21,The Watcher's Glowing Mysterious Cat Statue,"90,000,000"
2026-06-21,The Watcher's Glowing Succubus Fang,"115,000,000"
2026-06-21,The Watcher's Mysterious Cat Statue,"25,000,000"
2026-06-21,The Watcher's Rusty Mysterious Cat Statue,"3,800,000"
2026-06-21,The Watcher's Rusty Succubus Fang,"3,222,000"
2026-06-21,The Watcher's Rusty War Goddess Statue,"5,500,000"
2026-06-21,The Watcher's Rusty Werewolf Paw,"19,888,888"
2026-06-21,The Watcher's Glowing War Goddess Statue,"98,999,000"
2026-06-21,The Watcher's Glowing Werewolf Paw,"155,555,555"
2026-06-21,The Watcher's Succubus Fang,"15,000,000"
2026-06-21,The Watcher's War Goddess Statue,"21,849,999"
2026-06-22,Abomination's Essence: Grand Targe,"500,000"
2026-06-22,Abomination's Essence: Large Shield,"500,000"
2026-06-22,Abomination's Essence: Leg Armor,"800,000"
2026-06-22,Abomination's Essence: Shield,"2,999,800"
2026-06-22,Abyssal Shard Grade 1,"99,000"
2026-06-22,Abyssal Shard Grade 2,"350,000"
2026-06-22,Abyssal Shard Grade 3,"1,368,862"
2026-06-22,Advance Enchant Scroll,"1,300,000"
2026-06-22,Advent Enchant Scroll,"20,999,999"
2026-06-22,Adversarial Enchant Scroll,"9,600,000"
2026-06-22,Amplified Enchant Scroll,"22,898,500"
2026-06-22,Ancient Enchant Scroll,"800,000"
2026-06-22,Ancient Erg Crystal,"10,000"
2026-06-22,Ancient Spirit Magic Powder,"49,999"
2026-06-22,Ardor Enchant Scroll,"250,000"
2026-06-22,Ardri's Essence: Chest Armor,"1,689,999"
2026-06-22,Ardri's Essence: Feet Armor,"1,600,000"
2026-06-22,Ardri's Essence: Hand Armor,"1,800,000"
2026-06-22,Ardri's Essence: Head Armor,"1,500,000"
2026-06-22,Ardri's Essence: Leg Armor,"3,999,999"
2026-06-22,Ardri's Essence: Weapon,"1,449,832"
2026-06-22,Artisan's Refined Flask,"950,000"
2026-06-22,Artisan's Sturdy Flask,"12,422"
2026-06-22,Astera's Essence: Chest Armor,"500,000"
2026-06-22,Astera's Essence: Feet Armor,"2,999,800"
2026-06-22,Astera's Essence: Head Armor,"800,000"
2026-06-22,Astera's Essence: Weapon,"1,200,000"
2026-06-22,Barrier Enchant Scroll,"100,000"
2026-06-22,Berserker Enchant Scroll,"2,000,000"
2026-06-22,Blessed Magic Elixir,"32,999"
2026-06-22,Blessed Magic Powder,940
2026-06-22,Blue Kitty Brooch,"1,700,000"
2026-06-22,Blue Kitty Necklace,"870,000"
2026-06-22,Bountiful Enchant Scroll,"34,294,461"
2026-06-22,Braha's Essence: Chest Armor,"100,000"
2026-06-22,Braha's Essence: Grand Targe,"100,000"
2026-06-22,Braha's Essence: Large Shield,"2,000,000"
2026-06-22,Braha's Essence: Weapon,"5,000,000"
2026-06-22,Bres's Moonlight Essence,"3,800,000"
2026-06-22,Bres's Shadow Essence,"6,500,000"
2026-06-22,Brilliant Kitty Necklace,"20,000,000"
2026-06-22,Brutal Enchant Scroll,"500,000"
2026-06-22,Charging Enchant Scroll,"1,797,500"
2026-06-22,Chaser's Enchant Scroll,"1,222,222"
2026-06-22,Clash Enchant Scroll,"3,300,000"
2026-06-22,Cloth,"4,000"
2026-06-22,Complete Bracelet Diamond,"9,700,000"
2026-06-22,Complete Bracelet Emerald,"7,999,999"
2026-06-22,Complete Bracelet Ruby,"7,800,000"
2026-06-22,Complete Bracelet Sapphire,"7,003,500"
2026-06-22,Concentrated Enchant Scroll,"1,000,000"
2026-06-22,Consume Enchant Scroll,"1,999,999"
2026-06-22,Cool Enchant Scroll,"400,000"
2026-06-22,Copper Bracelet,"26,000"
2026-06-22,Copper Ore,"3,500"
2026-06-22,Crescent Moon Island Power Crystal,"3,000"
2026-06-22,Cyclical Enchant Scroll,"21,000,000"
2026-06-22,Damascus Steel,"10,000"
2026-06-22,Dash Enchant Scroll,"500,000"
2026-06-22,Deadly Enchant Scroll,500
2026-06-22,Destructive Enchant Scroll,"2,500,000"
2026-06-22,Dignified Enchant Scroll,"10,000,000"
2026-06-22,Dullahan's Essence: Chest Armor,"1,000,000"
2026-06-22,Dullahan's Essence: Feet Armor,"1,333,800"
2026-06-22,Dullahan's Essence: Grand Targe,"1,333,800"
2026-06-22,Dullahan's Essence: Hand Armor,"400,000"
2026-06-22,Dullahan's Essence: Head Armor,"2,999,800"
2026-06-22,Dullahan's Essence: Large Shield,"1,333,800"
2026-06-22,Dullahan's Essence: Leg Armor,"150,000"
2026-06-22,Dullahan's Essence: Shield,"1,233,800"
2026-06-22,Dullahan's Essence: Weapon,"1,555,800"
2026-06-22,Echoing Enchant Scroll,"20,000"
2026-06-22,Element Shard,"3,936"
2026-06-22,Element Stone,"1,818"
2026-06-22,Element Stone Catalyst,"10,999"
2026-06-22,Elemental Accessory Shard,"4,999"
2026-06-22,Elemental Armor Shard,"2,356"
2026-06-22,Elemental Weapon Shard,"2,500"
2026-06-22,Emmett's Essence,"7,500,000"
2026-06-22,Empowered Stone,"1,000"
2026-06-22,Emptiness Erg Crystal,"7,750"
2026-06-22,Enchant Scroll Scrap: Advance,"3,600,000"
2026-06-22,Enchant Scroll Scrap: Advent,"12,999,990"
2026-06-22,Enchant Scroll Scrap: Adversarial,"16,000,000"
2026-06-22,Enchant Scroll Scrap: Amplified,"14,444,444"
2026-06-22,Enchant Scroll Scrap: Ancient,"10,000,000"
2026-06-22,Enchant Scroll Scrap: Bountiful,"21,007,100"
2026-06-22,Enchant Scroll Scrap: Brutal,"1,000,000"
2026-06-22,Enchant Scroll Scrap: Chaser's,"2,000,000"
2026-06-22,Enchant Scroll Scrap: Clash,"4,000,000"
2026-06-22,Enchant Scroll Scrap: Concentrated,"1,390,000"
2026-06-22,Enchant Scroll Scrap: Concerted,"800,000"
2026-06-22,Enchant Scroll Scrap: Consume,"7,500,000"
2026-06-22,Enchant Scroll Scrap: Conviction,"5,555,555"
2026-06-22,Enchant Scroll Scrap: Cool,"4,000,000"
2026-06-22,Enchant Scroll Scrap: Cyclical,"45,555,555"
2026-06-22,Enchant Scroll Scrap: Destructive,"4,000,000"
2026-06-22,Enchant Scroll Scrap: Dignified,"500,000"
2026-06-22,Enchant Scroll Scrap: Enmity,"2,666,100"
2026-06-22,Enchant Scroll Scrap: Escalating,"19,999,999"
2026-06-22,Enchant Scroll Scrap: Eternal,"10,000,000"
2026-06-22,Enchant Scroll Scrap: Executing,"40,000,000"
2026-06-22,Enchant Scroll Scrap: Fading,"1,000,000"
2026-06-22,Enchant Scroll Scrap: Fate,"140,000,000"
2026-06-22,Enchant Scroll Scrap: Fighting Spirit,"15,999,500"
2026-06-22,Enchant Scroll Scrap: Hollow,"30,000,000"
2026-06-22,Enchant Scroll Scrap: Impaling,"2,000,000"
2026-06-22,Enchant Scroll Scrap: Indomitable,"15,800,000"
2026-06-22,Enchant Scroll Scrap: Instant,"14,000,000"
2026-06-22,Enchant Scroll Scrap: Irate,"6,000,000"
2026-06-22,Enchant Scroll Scrap: Lament,"4,999,999"
2026-06-22,Enchant Scroll Scrap: Madness,"4,000,000"
2026-06-22,Enchant Scroll Scrap: Mystic,"39,999,996"
2026-06-22,Enchant Scroll Scrap: Outburst,"850,000"
2026-06-22,Enchant Scroll Scrap: Petrify,"1,000,000"
2026-06-22,Enchant Scroll Scrap: Praise,"16,649,999"
2026-06-22,Enchant Scroll Scrap: Prophetic,"4,999,999"
2026-06-22,Enchant Scroll Scrap: Raging,"3,000,000"
2026-06-22,Enchant Scroll Scrap: Reflection,"17,000,000"
2026-06-22,Enchant Scroll Scrap: Sealed,"5,555,555"
2026-06-22,Enchant Scroll Scrap: Shrewd,"4,000,000"
2026-06-22,Enchant Scroll Scrap: Solitude,"9,999,900"
2026-06-22,Enchant Scroll Scrap: Sorrowful,"1,890,000"
2026-06-22,Enchant Scroll Scrap: Space Time,"1,000,000"
2026-06-22,Enchant Scroll Scrap: Stern,"13,900,000"
2026-06-22,Enchant Scroll Scrap: Stylish,"18,000,000"
2026-06-22,Enchant Scroll Scrap: Subdued,"5,555,555"
2026-06-22,Enchant Scroll Scrap: Tempestuous,"7,500,000"
2026-06-22,Enchant Scroll Scrap: Tragic,"28,979,795"
2026-06-22,Enchant Scroll Scrap: Transcendent,"7,000,000"
2026-06-22,Enchant Scroll Scrap: Trial,"14,333,333"
2026-06-22,Enchant Scroll Scrap: Twisted,"4,000,000"
2026-06-22,Enchant Scroll Scrap: Vehement,"999,000"
2026-06-22,Enchant Scroll Scrap: Veiled,"10,000,000"
2026-06-22,Enchant Scroll Scrap: Victorious,"5,888,888"
2026-06-22,Enchant Scroll Scrap: Wave,"27,999,999"
2026-06-22,Enchant Scroll Scrap: Weeping,"5,555,555"
2026-06-22,Enchant Scroll Scrap: Withered,"18,187,996"
2026-06-22,Enhanced New Era Cloth,"37,600"
2026-06-22,Enhanced New Era Leather,"28,000"
2026-06-22,Enhanced New Era Orb,"21,833"
2026-06-22,Enhanced New Era Ore,"41,900"
2026-06-22,Enmity Enchant Scroll,"4,999,999"
2026-06-22,Enok's Essence,"3,999,800"
2026-06-22,Enthusiastic Enchant Scroll,"750,000"
2026-06-22,Eriu Advancement Stone: Head Armor,"66,666,666"
2026-06-22,Eriu Advancement Stone: Leg Armor,"66,666,666"
2026-06-22,Eriu Advancement Stone: Weapon,"34,999,999"
2026-06-22,Eriu Book,"66,666,666"
2026-06-22,Eriu Fragment: Auxiliary Equipment,"7,500,000"
2026-06-22,Eriu Fragment: Chest Armor,"2,594,222"
2026-06-22,Eriu Fragment: Leg Armor,"2,899,999"
2026-06-22,Eriu Fragment: Roots of Abundance,"9,500,000"
2026-06-22,Eriu Fragment: Starlight Belt,"9,400,000"
2026-06-22,Eriu Fragment: Weapon,"4,790,000"
2026-06-22,Eternal Enchant Scroll,"16,199,999"
2026-06-22,Eternal Legacy,"100,000"
2026-06-22,Eternity Erg Crystal,"7,900"
2026-06-22,Executing Enchant Scroll,"98,000,000"
2026-06-22,Expeditionary Enchant Scroll,"100,000"
2026-06-22,Exquisite Cloth,"2,750"
2026-06-22,Exquisite HP Potion,"18,888"
2026-06-22,Exquisite Iron Ore,149
2026-06-22,Fading Enchant Scroll,"10,000,000"
2026-06-22,Fallen One's Rhod Compass,"65,000,000"
2026-06-22,Fallen One's Rusty Rhod Compass,"24,000,000"
2026-06-22,Fallen One's Shiny Rhod Compass,"156,999,999"
2026-06-22,Fast Enchant Scroll,"2,000,000"
2026-06-22,Fate Enchant Scroll,"400,000,000"
2026-06-22,Fighting Belt,"18,558,225"
2026-06-22,Fighting Spirit Enchant Scroll,"22,500,000"
2026-06-22,Fine Bracelet Diamond,"109,599"
2026-06-22,Fine Bracelet Emerald,"53,575"
2026-06-22,Fine Bracelet Ruby,"69,999"
2026-06-22,Fine Bracelet Sapphire,"20,802"
2026-06-22,Fine Cloth,"3,792"
2026-06-22,Fine Fobellow Tin,"2,250"
2026-06-22,Fine HP Potion,"1,200"
2026-06-22,Fine Iron Ore,"20,000"
2026-06-22,Fire Spirit Remnant,"34,990"
2026-06-22,Flask of Niflheim,"1,250,386"
2026-06-22,Force Enchant Scroll,"10,000"
2026-06-22,Forgotten Enchant Scroll,"6,666,666"
2026-06-22,Frenzy Enchant Scroll,"25,000,000"
2026-06-22,Godly Cloth,"12,000"
2026-06-22,Godly Iron Ore,860
2026-06-22,Goibhniu's Enhancement Stone,"1,900,000"
2026-06-22,Goibhniu's Stone+,"3,500,000"
2026-06-22,Gold Bracelet,"20,000,000"
2026-06-22,Gray Twilight Brooch,"17,200,000"
2026-06-22,Greater Bronze Lion Statue,"750,000"
2026-06-22,Greater Mysterious Cat Statue,"5,900,000"
2026-06-22,Greater Succubus Fang,"400,000"
2026-06-22,Healthy Enchant Scroll,"2,222,222"
2026-06-22,Heavenly Leather,"19,751"
2026-06-22,Hoarfrost Hollow Erg Crystal,"10,419"
2026-06-22,Hollow Enchant Scroll,"88,888,888"
2026-06-22,Ice Spirit Remnant,777
2026-06-22,Immoral Enchant Scroll,"50,000"
2026-06-22,Impaling Enchant Scroll,"480,000"
2026-06-22,Indomitable Enchant Scroll,"20,000,000"
2026-06-22,Inherited Power: Fragments,"6,750"
2026-06-22,Instant Enchant Scroll,"28,999,999"
2026-06-22,Intermediate Element Stone,"300,000"
2026-06-22,Irate Enchant Scroll,"6,000,000"
2026-06-22,Iron Ore,"12,420"
2026-06-22,Jardin Steel,"2,101"
2026-06-22,Jarnir's Essence,"9,800,000"
2026-06-22,Judgment Enchant Scroll,"999,500"
2026-06-22,Keen Eriu Crystal,"1,013,778"
2026-06-22,Keen Legacy Shard,"299,998"
2026-06-22,Keen Legendary Chunk,"250,000"
2026-06-22,Keen Legendary Ore,"1,800,000"
2026-06-22,Keen Succession Ore,"967,285"
2026-06-22,Keen Uaithne Crystal,"2,002,082"
2026-06-22,Kitty Brooch,"777,199"
2026-06-22,Kitty Necklace,"490,000"
2026-06-22,Kobold Enchant Scroll,500
2026-06-22,Lament Enchant Scroll,"900,000"
2026-06-22,Life Erg Crystal,"7,000"
2026-06-22,Life Spirit Remnant,"15,039"
2026-06-22,Light Erg Crystal,"15,137"
2026-06-22,Lightweight Eriu Crystal,"535,965"
2026-06-22,Lightweight Legacy Shard,"1,000,000"
2026-06-22,Lightweight Legendary Chunk,"1,333,800"
2026-06-22,Lightweight Legendary Ore,"300,000"
2026-06-22,Lightweight Legendary Shard,"5,000,000"
2026-06-22,Lightweight Succession Ore,"1,000,000"
2026-06-22,Lightweight Succession Shard,"444,800"
2026-06-22,Lightweight Uaithne Crystal,"2,050,000"
2026-06-22,Lord's Glowing Obsidian Bracelet,"600,000,000"
2026-06-22,Lord's Obsidian Bracelet,"390,000,000"
2026-06-22,Lucian's Essence,"1,599,000"
2026-06-22,Lugh Lamhfada's Essence: Leg Armor,"400,000"
2026-06-22,Madness Enchant Scroll,"5,000,000"
2026-06-22,Magic Elixir,"34,800"
2026-06-22,Magic Elixir of Life,"15,500"
2026-06-22,Magic Powder,"15,400"
2026-06-22,Magic Stone,800
2026-06-22,Mana Reformer,"5,000"
2026-06-22,Meaningful Enchant Scroll,"8,888,888"
2026-06-22,Meditating Enchant Scroll,"500,000"
2026-06-22,Milletian's Essence: Feet Armor,"2,999,800"
2026-06-22,Milletian's Essence: Leg Armor,"2,000,000"
2026-06-22,Misty Summit Source,"25,070"
2026-06-22,Moonlight Sapphire Brooch,"1,500,000"
2026-06-22,Morgant's Essence,"1,200,000"
2026-06-22,Mysterious Shard Grade 1,"81,100"
2026-06-22,Mysterious Shard Grade 2,"245,793"
2026-06-22,Mysterious Shard Grade 3,"1,200,000"
2026-06-22,Mystic Enchant Scroll,"65,000,000"
2026-06-22,New Era Cloth,"27,000"
2026-06-22,New Era Leather,"34,000"
2026-06-22,New Era Orb,"3,400"
2026-06-22,New Era Ore,"6,458"
2026-06-22,New Era Remnant,49
2026-06-22,New Era Stone,"5,860"
2026-06-22,Obsidian Kitty Necklace,"117,555,500"
2026-06-22,Orb,"8,900"
2026-06-22,Orna's Essence,"1,089,664"
2026-06-22,Orna's Essence: Chest Armor,"1,800,000"
2026-06-22,Orna's Essence: Feet Armor,"1,779,599"
2026-06-22,Orna's Essence: Hand Armor,"1,864,914"
2026-06-22,Orna's Essence: Head Armor,"1,659,999"
2026-06-22,Orna's Essence: Leg Armor,"1,800,000"
2026-06-22,Orna's Essence: Weapon,"3,700,000"
2026-06-22,Paradise Orb,"2,810"
2026-06-22,Passion Enchant Scroll,"2,000,000"
2026-06-22,Perfect Legendary Chunk,"350,000"
2026-06-22,Perfect Succession Ore,"3,250,000"
2026-06-22,Perfect Uaithne Crystal,"2,689,999"
2026-06-22,Petrify Enchant Scroll,"4,000,000"
2026-06-22,Prairie Erg Crystal,"96,969"
2026-06-22,Praise Enchant Scroll,"99,282,499"
2026-06-22,Prophetic Enchant Scroll,"7,000,000"
2026-06-22,Rage Erg Crystal,"18,000"
2026-06-22,Raging Enchant Scroll,"1,300,000"
2026-06-22,Red Kitty Necklace,"3,000,000"
2026-06-22,Reflection Enchant Scroll,"40,000,000"
2026-06-22,Regina's Feather: Large Shield,"2,000,000"
2026-06-22,Regina's Feather: Shield,"1,980,000"
2026-06-22,Reinforced Enchant Scroll,"100,000"
2026-06-22,Revenge Enchant Scroll,"3,396,969"
2026-06-22,Robust Eriu Crystal,"1,580,000"
2026-06-22,Robust Uaithne Crystal,"390,000"
2026-06-22,Roots of Abundance,"81,000,000"
2026-06-22,Ruins Erg Crystal,"7,390"
2026-06-22,Sacred Erg Crystal,"6,666"
2026-06-22,Sanctuary Earrings,"45,228,888"
2026-06-22,Sealed Enchant Scroll,"555,500"
2026-06-22,Sealed Power: Fragments,"38,500"
2026-06-22,Semias' Essence,"4,000,000"
2026-06-22,Sentinel Enchant Scroll,"5,000"
2026-06-22,Seraphic Feathers Brooch,"14,999,999"
2026-06-22,Ship Graveyard Power Crystal,"3,000"
2026-06-22,Shrewd Enchant Scroll,"5,786,712"
2026-06-22,Shrouded Moonlight,"15,558,225"
2026-06-22,Significant Enchant Scroll,"250,000"
2026-06-22,Silence Erg Crystal,"17,200"
2026-06-22,Silver Bracelet,"300,000"
2026-06-22,Silver Ore,969
2026-06-22,Smooth Eriu Crystal,"1,735,741"
2026-06-22,Smooth Legacy Shard,"600,000"
2026-06-22,Smooth Legendary Chunk,"444,800"
2026-06-22,Smooth Legendary Ore,"444,800"
2026-06-22,Smooth Legendary Shard,"92,500"
2026-06-22,Smooth Succession Ore,"300,000"
2026-06-22,Smooth Succession Shard,"250,000"
2026-06-22,Smooth Uaithne Crystal,"300,000"
2026-06-22,Solid Eriu Crystal,"599,999"
2026-06-22,Solid Legacy Shard,"680,000"
2026-06-22,Solid Legendary Chunk,"444,800"
2026-06-22,Solid Legendary Ore,"400,000"
2026-06-22,Solid Legendary Shard,"800,000"
2026-06-22,Solid Succession Ore,"900,000"
2026-06-22,Solid Succession Shard,"444,800"
2026-06-22,Solid Uaithne Crystal,"652,031"
2026-06-22,Solitude Enchant Scroll,"8,969,696"
2026-06-22,Sorrowful Enchant Scroll,"1,538,964"
2026-06-22,Space Time Enchant Scroll,"99,999"
2026-06-22,Special Dungeon: Enchant Pouch,"10,600,000"
2026-06-22,Spinos' Essence,"5,000,000"
2026-06-22,Spirit Magic Powder,"12,499"
2026-06-22,Spirit Remnant,"1,790"
2026-06-22,Spirit Research Volume,700
2026-06-22,Spirit Water,"1,399"
2026-06-22,Spirited Enchant Scroll,"20,000,000"
2026-06-22,Stable Eriu Crystal,"1,900,000"
2026-06-22,Stable Legacy Shard,"250,000"
2026-06-22,Stable Legendary Chunk,"800,000"
2026-06-22,Stable Legendary Shard,"1,000,000"
2026-06-22,Stable Succession Ore,"3,100,000"
2026-06-22,Stable Uaithne Crystal,"2,399,999"
2026-06-22,Starlight Belt,"89,000,000"
2026-06-22,Stern Enchant Scroll,"9,000,000"
2026-06-22,Strong Enchant Scroll,500
2026-06-22,Stylish Enchant Scroll,"18,500,000"
2026-06-22,Subdued Enchant Scroll,"20,000"
2026-06-22,Superior Bracelet Diamond,"6,666,666"
2026-06-22,Superior Bracelet Emerald,"3,400,000"
2026-06-22,Superior Bracelet Ruby,"3,000,000"
2026-06-22,Superior Bracelet Sapphire,"3,999,999"
2026-06-22,Superior Cloth,"7,250"
2026-06-22,Superior Element Stone,"719,423"
2026-06-22,Superior Enhancement Elixir,"142,000"
2026-06-22,Superior HP Potion,"10,000"
2026-06-22,Superior Iron Ore,"10,900"
2026-06-22,Superior Leather,"100,000"
2026-06-22,Tarian Steel,"3,300,229"
2026-06-22,Tempestuous Enchant Scroll,"8,785,302"
2026-06-22,Terminus Sentinel Essence: Chest Armor,"1,000,000"
2026-06-22,Terminus Sentinel Essence: Grand Targe,"2,000,000"
2026-06-22,Terminus Sentinel Essence: Large Shield,"2,000,000"
2026-06-22,Terminus Sentinel Essence: Shield,"800,000"
2026-06-22,Terra Spirit Remnant,"2,825"
2026-06-22,The Book of Orna,"24,999,999"
2026-06-22,The Cursed Belt,"45,000,000"
2026-06-22,The Watcher's Glowing Mysterious Cat Statue,"90,000,000"
2026-06-22,The Watcher's Glowing Succubus Fang,"115,000,000"
2026-06-22,The Watcher's Mysterious Cat Statue,"22,000,000"
2026-06-22,The Watcher's Rusty Mysterious Cat Statue,"4,400,000"
2026-06-22,The Watcher's Rusty Succubus Fang,"3,300,000"
2026-06-22,The Watcher's Rusty War Goddess Statue,"6,450,000"
2026-06-22,The Watcher's Rusty Werewolf Paw,"13,000,000"
2026-06-22,The Watcher's Glowing War Goddess Statue,"98,999,000"
2026-06-22,The Watcher's Glowing Werewolf Paw,"155,555,555"
2026-06-22,The Watcher's Succubus Fang,"20,000,000"
2026-06-22,The Watcher's War Goddess Statue,"23,000,000"
2026-06-22,The Watcher's Werewolf Paw,"45,000,000"
2026-06-22,Token of Quiet,"65,000,005"
2026-06-22,Token of Silence,"66,666,666"
2026-06-22,Tragic Enchant Scroll,"40,000,000"
2026-06-22,Transcendent Enchant Scroll,"14,977,777"
2026-06-22,Trial Enchant Scroll,"76,000,000"
2026-06-22,Truth Enchant Scroll,"100,000"
2026-06-22,Tutelary Enchant Scroll,500
2026-06-22,Twilight Desert Source,"7,000"
2026-06-22,Twilight Erg Crystal,"6,700"
2026-06-22,Twisted Enchant Scroll,"9,999,999"
2026-06-22,Uaithne Advancement Stone: Chest Armor,"55,555,555"
2026-06-22,Uaithne Advancement Stone: Feet Armor,"55,555,555"
2026-06-22,Uaithne Advancement Stone: Hand Armor,"55,555,555"
2026-06-22,Uaithne Advancement Stone: Head Armor,"55,555,555"
2026-06-22,Uaithne Advancement Stone: Leg Armor,"55,555,555"
2026-06-22,Uaithne Advancement Stone: Weapon,"88,888,888"
2026-06-22,Uaithne Crystal,"16,400,000"
2026-06-22,Uaithne Fragment: Auxiliary Equipment,"180,000"
2026-06-22,Uaithne Fragment: Chest Armor,"2,700,000"
2026-06-22,Uaithne Fragment: Feet Armor,"2,400,000"
2026-06-22,Uaithne Fragment: Hand Armor,"3,300,000"
2026-06-22,Uaithne Fragment: Head Armor,"3,049,999"
2026-06-22,Uaithne Fragment: Leg Armor,"2,279,999"
2026-06-22,Uaithne Fragment: The Cursed Belt,"10,750,000"
2026-06-22,Uaithne Fragment: The Sun's Wish,"9,999,996"
2026-06-22,Uaithne Fragment: Token of Quiet,"8,200,000"
2026-06-22,Uaithne Fragment: Token of Silence,"8,890,000"
2026-06-22,Uaithne Fragment: Weapon,"2,499,999"
2026-06-22,Uaithne Remnant,783
2026-06-22,Unknowable Power: Fragments,"127,499"
2026-06-22,Unrelenting Uaithne Crystal,"399,999"
2026-06-22,Unstable Enhancement Rune,"7,800,000"
2026-06-22,Uscias' Essence,"2,277,777"
2026-06-22,Usurper's Rhod Compass,"8,000,000"
2026-06-22,Usurper's Rusty Rhod Compass,"3,000,000"
2026-06-22,Usurper's Shiny Rhod Compass,"7,500,000"
2026-06-22,Vehement Enchant Scroll,"275,000"
2026-06-22,Veiled Enchant Scroll,"20,000,000"
2026-06-22,Victorious Enchant Scroll,"20,000,000"
2026-06-22,Water Erg Crystal,"5,555"
2026-06-22,Wave Enchant Scroll,"30,000,000"
2026-06-22,White Kitty Brooch,"902,100"
2026-06-22,White Kitty Necklace,"800,000"
2026-06-22,Wish Enchant Scroll,"7,767,000"
2026-06-22,Withered Enchant Scroll,"28,500,000"
2026-06-23,Abomination's Essence: Grand Targe,"500,000"
2026-06-23,Abomination's Essence: Large Shield,"500,000"
2026-06-23,Abomination's Essence: Leg Armor,"800,000"
2026-06-23,Abomination's Essence: Shield,"2,999,800"
2026-06-23,Abyssal Shard Grade 1,"100,000"
2026-06-23,Abyssal Shard Grade 2,"298,000"
2026-06-23,Abyssal Shard Grade 3,"1,200,000"
2026-06-23,Advance Enchant Scroll,"500,000"
2026-06-23,Advent Enchant Scroll,"16,000,000"
2026-06-23,Adversarial Enchant Scroll,"13,800,000"
2026-06-23,Airtight Exquisite Enchant Rune,"95,000,000"
2026-06-23,Airtight Extraction Rune 1x,"50,000,000"
2026-06-23,Amplified Enchant Scroll,"24,000,000"
2026-06-23,Ancient Elemental Accessory Shard,"7,000"
2026-06-23,Ancient Elemental Armor Shard,"6,900"
2026-06-23,Ancient Elemental Weapon Shard,"6,900"
2026-06-23,Ancient Enchant Scroll,"2,999,999"
2026-06-23,Ancient Spirit Magic Powder,"45,000"
2026-06-23,Ardor Enchant Scroll,"250,000"
2026-06-23,Ardri's Essence,"5,000,000"
2026-06-23,Ardri's Essence: Chest Armor,"1,689,999"
2026-06-23,Ardri's Essence: Feet Armor,"1,500,000"
2026-06-23,Ardri's Essence: Hand Armor,"1,700,000"
2026-06-23,Ardri's Essence: Head Armor,"1,200,000"
2026-06-23,Ardri's Essence: Leg Armor,"1,900,000"
2026-06-23,Ardri's Essence: Weapon,"1,199,999"
2026-06-23,Artisan's Refined Flask,"500,000"
2026-06-23,Artisan's Sturdy Flask,"12,422"
2026-06-23,Astera's Essence: Feet Armor,"2,900,000"
2026-06-23,Astera's Essence: Head Armor,"800,000"
2026-06-23,Astera's Essence: Weapon,"1,200,000"
2026-06-23,Barrier Enchant Scroll,"99,499"
2026-06-23,Blessed Magic Elixir,"32,998"
2026-06-23,Blessed Magic Powder,948
2026-06-23,Bloodlust Enchant Scroll,"1,000,000"
2026-06-23,Blue Kitty Brooch,"1,600,000"
2026-06-23,Blue Kitty Necklace,"860,000"
2026-06-23,Bountiful Enchant Scroll,"30,200,000"
2026-06-23,Bracelet Emerald,"21,355"
2026-06-23,Bracelet Ruby,"21,385"
2026-06-23,Bracelet Sapphire,"1,842"
2026-06-23,Braha's Essence: Large Shield,"2,000,000"
2026-06-23,Braha's Essence: Weapon,"5,000,000"
2026-06-23,Bres's Moonlight Essence,"4,000,000"
2026-06-23,Bres's Shadow Essence,"6,200,000"
2026-06-23,Brilliant Kitty Necklace,"14,999,999"
2026-06-23,Brutal Enchant Scroll,"900,000"
2026-06-23,Charging Enchant Scroll,"795,229"
2026-06-23,Chaser's Enchant Scroll,"500,000"
2026-06-23,Clash Enchant Scroll,"2,499,000"
2026-06-23,Cloth,"3,500"
2026-06-23,Complete Bracelet Diamond,"8,999,000"
2026-06-23,Complete Bracelet Emerald,"7,900,000"
2026-06-23,Complete Bracelet Ruby,"8,888,888"
2026-06-23,Complete Bracelet Sapphire,"7,500,000"
2026-06-23,Concentrated Enchant Scroll,"999,999"
2026-06-23,Concerted Enchant Scroll,"500,000"
2026-06-23,Consume Enchant Scroll,"9,500,000"
2026-06-23,Conviction Enchant Scroll,"400,000"
2026-06-23,Cool Enchant Scroll,"300,009"
2026-06-23,Copper Bracelet,"23,000"
2026-06-23,Copper Ore,"2,000"
2026-06-23,Crescent Moon Island Power Crystal,"3,000"
2026-06-23,Cyclical Enchant Scroll,"1,999,990"
2026-06-23,Damascus Steel,"10,000"
2026-06-23,Dash Enchant Scroll,"299,999"
2026-06-23,Destructive Enchant Scroll,"1,033,026"
2026-06-23,Dignified Enchant Scroll,"2,500,000"
2026-06-23,Dullahan's Essence: Chest Armor,"1,000,000"
2026-06-23,Dullahan's Essence: Feet Armor,"1,333,800"
2026-06-23,Dullahan's Essence: Grand Targe,"1,333,800"
2026-06-23,Dullahan's Essence: Hand Armor,"233,800"
2026-06-23,Dullahan's Essence: Head Armor,"1,000,000"
2026-06-23,Dullahan's Essence: Large Shield,"1,333,800"
2026-06-23,Dullahan's Essence: Leg Armor,"1,000,000"
2026-06-23,Dullahan's Essence: Shield,"1,233,800"
2026-06-23,Dullahan's Essence: Weapon,"1,555,800"
2026-06-23,Element Shard,"3,936"
2026-06-23,Element Stone,"1,818"
2026-06-23,Element Stone Catalyst,"6,666"
2026-06-23,Elemental Accessory Shard,"5,000"
2026-06-23,Elemental Armor Shard,"5,356"
2026-06-23,Elemental Cloth Bundle,"4,000"
2026-06-23,Emmett's Essence,"6,600,000"
2026-06-23,Empowered Stone,"1,000"
2026-06-23,Enchant Scroll Scrap: Advance,"3,600,000"
2026-06-23,Enchant Scroll Scrap: Advent,"10,000,000"
2026-06-23,Enchant Scroll Scrap: Adversarial,"16,000,000"
2026-06-23,Enchant Scroll Scrap: Amplified,"15,500,000"
2026-06-23,Enchant Scroll Scrap: Ancient,"10,000,000"
2026-06-23,Enchant Scroll Scrap: Bountiful,"20,999,999"
2026-06-23,Enchant Scroll Scrap: Brutal,"200,000"
2026-06-23,Enchant Scroll Scrap: Charge,"50,000,000"
2026-06-23,Enchant Scroll Scrap: Chaser's,"2,000,000"
2026-06-23,Enchant Scroll Scrap: Clash,"3,000,000"
2026-06-23,Enchant Scroll Scrap: Concerted,"800,000"
2026-06-23,Enchant Scroll Scrap: Consume,"7,500,000"
2026-06-23,Enchant Scroll Scrap: Conviction,"5,555,555"
2026-06-23,Enchant Scroll Scrap: Cool,"3,000,000"
2026-06-23,Enchant Scroll Scrap: Destructive,"4,999,999"
2026-06-23,Enchant Scroll Scrap: Dignified,"500,000"
2026-06-23,Enchant Scroll Scrap: Enmity,"3,200,100"
2026-06-23,Enchant Scroll Scrap: Escalating,"19,999,999"
2026-06-23,Enchant Scroll Scrap: Eternal,"1,999,999"
2026-06-23,Enchant Scroll Scrap: Executing,"54,900,000"
2026-06-23,Enchant Scroll Scrap: Fading,"1,000,000"
2026-06-23,Enchant Scroll Scrap: Fate,"139,800,100"
2026-06-23,Enchant Scroll Scrap: Fighting Spirit,"15,599,999"
2026-06-23,Enchant Scroll Scrap: Forgotten,"5,920,000"
2026-06-23,Enchant Scroll Scrap: Hollow,"29,000,000"
2026-06-23,Enchant Scroll Scrap: Impaling,"2,000,000"
2026-06-23,Enchant Scroll Scrap: Instant,"14,000,000"
2026-06-23,Enchant Scroll Scrap: Irate,"5,000,000"
2026-06-23,Enchant Scroll Scrap: Lament,"4,999,999"
2026-06-23,Enchant Scroll Scrap: Madness,"5,250,000"
2026-06-23,Enchant Scroll Scrap: Mystic,"39,999,990"
2026-06-23,Enchant Scroll Scrap: Petrify,"1,000,000"
2026-06-23,Enchant Scroll Scrap: Praise,"16,000,000"
2026-06-23,Enchant Scroll Scrap: Prophetic,"4,999,999"
2026-06-23,Enchant Scroll Scrap: Raging,"2,999,100"
2026-06-23,Enchant Scroll Scrap: Reflection,"15,500,000"
2026-06-23,Enchant Scroll Scrap: Revenge,"3,000,000"
2026-06-23,Enchant Scroll Scrap: Sealed,"5,555,555"
2026-06-23,Enchant Scroll Scrap: Shrewd,"2,500,000"
2026-06-23,Enchant Scroll Scrap: Solitude,"6,000,000"
2026-06-23,Enchant Scroll Scrap: Sorrowful,"4,000,000"
2026-06-23,Enchant Scroll Scrap: Space Time,"1,000,000"
2026-06-23,Enchant Scroll Scrap: Stern,"5,000,000"
2026-06-23,Enchant Scroll Scrap: Stylish,"17,777,777"
2026-06-23,Enchant Scroll Scrap: Subdued,"5,555,555"
2026-06-23,Enchant Scroll Scrap: Tempestuous,"6,400,000"
2026-06-23,Enchant Scroll Scrap: Tragic,"22,989,975"
2026-06-23,Enchant Scroll Scrap: Trial,"13,888,888"
2026-06-23,Enchant Scroll Scrap: Twisted,"6,950,000"
2026-06-23,Enchant Scroll Scrap: Vehement,"1,000,000"
2026-06-23,Enchant Scroll Scrap: Veiled,"42,155,555"
2026-06-23,Enchant Scroll Scrap: Victorious,"4,900,000"
2026-06-23,Enchant Scroll Scrap: Wave,"27,500,000"
2026-06-23,Enchant Scroll Scrap: Weeping,"5,555,555"
2026-06-23,Enchant Scroll Scrap: Withered,"16,999,999"
2026-06-23,Enhanced New Era Cloth,"45,000"
2026-06-23,Enhanced New Era Leather,"57,000"
2026-06-23,Enhanced New Era Orb,"42,000"
2026-06-23,Enhanced New Era Ore,"52,893"
2026-06-23,Enmity Enchant Scroll,"3,000,000"
2026-06-23,Enok's Essence,"3,999,800"
2026-06-23,Enthusiastic Enchant Scroll,"400,000"
2026-06-23,Eriu Advancement Stone: Head Armor,"66,666,666"
2026-06-23,Eriu Advancement Stone: Leg Armor,"66,666,666"
2026-06-23,Eriu Book,"66,666,666"
2026-06-23,Eriu Fragment: Auxiliary Equipment,"9,799,999"
2026-06-23,Eriu Fragment: Chest Armor,"2,650,874"
2026-06-23,Eriu Fragment: Head Armor,"2,150,000"
2026-06-23,Eriu Fragment: Leg Armor,"2,700,000"
2026-06-23,Eriu Fragment: Roots of Abundance,"10,000,000"
2026-06-23,Eriu Fragment: Starlight Belt,"9,400,000"
2026-06-23,Eriu Fragment: Weapon,"4,005,036"
2026-06-23,Escalating Enchant Scroll,"35,000,000"
2026-06-23,Eternal Enchant Scroll,"16,999,999"
2026-06-23,Eternal Legacy,"100,000"
2026-06-23,Evil Monster's Leather Belt,"1,000,000"
2026-06-23,Executing Enchant Scroll,"94,444,444"
2026-06-23,Expeditionary Enchant Scroll,"100,000"
2026-06-23,Exquisite Cloth,"1,700"
2026-06-23,Exquisite Iron Ore,148
2026-06-23,Fading Enchant Scroll,"6,000,000"
2026-06-23,Fallen One's Rhod Compass,"60,000,000"
2026-06-23,Fallen One's Rusty Rhod Compass,"25,000,000"
2026-06-23,Fallen One's Shiny Rhod Compass,"156,999,999"
2026-06-23,Fast Enchant Scroll,"2,000,000"
2026-06-23,Fate Enchant Scroll,"385,000,000"
2026-06-23,Fighting Belt,"18,558,225"
2026-06-23,Fighting Spirit Enchant Scroll,"19,999,999"
2026-06-23,Fine Bracelet Diamond,"180,000"
2026-06-23,Fine Bracelet Emerald,"53,575"
2026-06-23,Fine Bracelet Ruby,"60,040"
2026-06-23,Fine Bracelet Sapphire,"22,802"
2026-06-23,Fine Cloth,"3,000"
2026-06-23,Fine Fobellow Tin,"2,250"
2026-06-23,Fine Iron Ore,"2,500"
2026-06-23,Fire Spirit Remnant,"34,890"
2026-06-23,Flask of Niflheim,"1,200,000"
2026-06-23,Fleet Enchant Scroll,"10,000"
2026-06-23,Force Enchant Scroll,"30,000"
2026-06-23,Forgotten Enchant Scroll,"2,619,912"
2026-06-23,Frenzy Enchant Scroll,"1,800,000"
2026-06-23,Godly Cloth,"1,000"
2026-06-23,Godly Iron Ore,595
2026-06-23,Goibhniu's Enhancement Stone,"1,850,000"
2026-06-23,Goibhniu's Stone+,"3,500,000"
2026-06-23,Gold Bracelet,"18,000,000"
2026-06-23,Gorbas' Essence,"8,000,000"
2026-06-23,Gray Twilight Brooch,"16,969,696"
2026-06-23,Greater Bronze Lion Statue,"750,000"
2026-06-23,Greater Mysterious Cat Statue,"5,900,000"
2026-06-23,Greater Succubus Fang,"450,000"
2026-06-23,Greater War Goddess Statue,"1,000,000"
2026-06-23,Healthy Enchant Scroll,"2,222,222"
2026-06-23,Heartless Enchant Scroll,"6,666,666"
2026-06-23,Heavenly Leather,"9,751"
2026-06-23,Hollow Enchant Scroll,"68,888,888"
2026-06-23,Ice Spirit Remnant,777
2026-06-23,Immoral Enchant Scroll,"20,000"
2026-06-23,Indomitable Enchant Scroll,"13,999,999"
2026-06-23,Inherited Power: Fragments,"6,900"
2026-06-23,Instant Enchant Scroll,"27,500,000"
2026-06-23,Intermediate Element Stone,"299,999"
2026-06-23,Irate Enchant Scroll,"5,000,000"
2026-06-23,Iron Ore,"9,995"
2026-06-23,Jardin Steel,"22,394"
2026-06-23,Jarnir's Essence,"10,000,000"
2026-06-23,Keen Eriu Crystal,"810,000"
2026-06-23,Keen Legacy Shard,"200,000"
2026-06-23,Keen Legendary Chunk,"250,000"
2026-06-23,Keen Legendary Ore,"1,800,000"
2026-06-23,Keen Succession Ore,"1,099,999"
2026-06-23,Keen Uaithne Crystal,"3,630,000"
2026-06-23,Kitty Brooch,"777,199"
2026-06-23,Kitty Necklace,"490,000"
2026-06-23,Lament Enchant Scroll,"25,000,000"
2026-06-23,Life Spirit Remnant,"21,066"
2026-06-23,Lightweight Eriu Crystal,"535,000"
2026-06-23,Lightweight Legacy Shard,"2,500,000"
2026-06-23,Lightweight Legendary Chunk,"1,333,800"
2026-06-23,Lightweight Legendary Ore,"280,000"
2026-06-23,Lightweight Legendary Shard,"5,000,000"
2026-06-23,Lightweight Succession Ore,"400,000"
2026-06-23,Lightweight Succession Shard,"444,800"
2026-06-23,Lightweight Uaithne Crystal,"1,950,000"
2026-06-23,Lord's Glowing Obsidian Bracelet,"580,000,000"
2026-06-23,Lord's Obsidian Bracelet,"384,500,000"
2026-06-23,Lucian's Essence,"2,025,445"
2026-06-23,Madness Enchant Scroll,"10,000,000"
2026-06-23,Maelstrom Enchant Scroll,"400,000"
2026-06-23,Magic Elixir,"34,799"
2026-06-23,Magic Elixir of Life,"15,500"
2026-06-23,Magic Powder,"10,770"
2026-06-23,Magic Stone,"49,800"
2026-06-23,Mana Reformer,"5,000"
2026-06-23,Meaningful Enchant Scroll,"2,000,000"
2026-06-23,Meditating Enchant Scroll,"350,000"
2026-06-23,Milletian's Essence: Feet Armor,"2,999,800"
2026-06-23,Milletian's Essence: Leg Armor,"1,500,000"
2026-06-23,Milo's Essence,"500,800"
2026-06-23,Misty Summit Source,"35,000"
2026-06-23,Monark Leaf Ring,"50,000"
2026-06-23,Moonlight Sapphire Brooch,"1,500,000"
2026-06-23,Morgant's Essence,"2,000,000"
2026-06-23,Mysterious Shard Grade 1,"79,999"
2026-06-23,Mysterious Shard Grade 2,"296,000"
2026-06-23,Mysterious Shard Grade 3,"949,999"
2026-06-23,Mystic Enchant Scroll,"58,888,888"
2026-06-23,New Era Cloth,"25,995"
2026-06-23,New Era Leather,"30,000"
2026-06-23,New Era Orb,"2,500"
2026-06-23,New Era Ore,"6,220"
2026-06-23,New Era Remnant,40
2026-06-23,New Era Stone,"5,099"
2026-06-23,Obsidian Kitty Necklace,"116,000,000"
2026-06-23,Orb,"7,995"
2026-06-23,Orna's Essence,"3,000,000"
2026-06-23,Orna's Essence: Chest Armor,"1,450,000"
2026-06-23,Orna's Essence: Feet Armor,"1,900,009"
2026-06-23,Orna's Essence: Hand Armor,"1,864,914"
2026-06-23,Orna's Essence: Head Armor,"1,800,000"
2026-06-23,Orna's Essence: Leg Armor,"1,800,000"
2026-06-23,Orna's Essence: Weapon,"3,993,000"
2026-06-23,Outburst Enchant Scroll,"333,333"
2026-06-23,Paradise Orb,"2,740"
2026-06-23,Passion Enchant Scroll,"2,000,000"
2026-06-23,Peaceful Enchant Scroll,"500,000"
2026-06-23,Perfect Legacy Shard,"2,000,000"
2026-06-23,Perfect Legendary Chunk,"350,000"
2026-06-23,Perfect Succession Ore,"3,500,000"
2026-06-23,Perfect Uaithne Crystal,"2,600,000"
2026-06-23,Petite Enchant Scroll,"1,000,000"
2026-06-23,Petrify Enchant Scroll,"3,737,373"
2026-06-23,Premium Enhancement Rune+,"69,999,990"
2026-06-23,Prophetic Enchant Scroll,"5,000,000"
2026-06-23,Quiet Enchant Scroll,"500,000"
2026-06-23,Raging Enchant Scroll,"3,357,500"
2026-06-23,Red Kitty Necklace,"3,000,000"
2026-06-23,Red Moon Brooch,"25,000,000"
2026-06-23,Reflection Enchant Scroll,"28,249,414"
2026-06-23,Regina's Feather: Large Shield,"2,000,000"
2026-06-23,Regina's Feather: Shield,"1,980,000"
2026-06-23,Reinforced Enchant Scroll,"100,000"
2026-06-23,Revenge Enchant Scroll,"4,500,000"
2026-06-23,Robust Eriu Crystal,"1,850,000"
2026-06-23,Robust Uaithne Crystal,"690,000"
2026-06-23,Roots of Abundance,"81,000,000"
2026-06-23,Sanctuary Earrings,"15,228,888"
2026-06-23,Sealed Enchant Scroll,"600,000"
2026-06-23,Sealed Power: Fragments,"33,999"
2026-06-23,Semias' Essence,"3,600,000"
2026-06-23,Seraphic Feathers Brooch,"14,999,999"
2026-06-23,Ship Graveyard Power Crystal,"3,000"
2026-06-23,Shrewd Enchant Scroll,"2,500,000"
2026-06-23,Shrouded Moonlight,"15,558,225"
2026-06-23,Significant Enchant Scroll,"250,000"
2026-06-23,Silver Bracelet,"222,222"
2026-06-23,Silver Ore,969
2026-06-23,Smooth Eriu Crystal,"1,845,000"
2026-06-23,Smooth Legacy Shard,"490,000"
2026-06-23,Smooth Legendary Chunk,"444,800"
2026-06-23,Smooth Legendary Ore,"444,800"
2026-06-23,Smooth Legendary Shard,"92,500"
2026-06-23,Smooth Succession Ore,"280,000"
2026-06-23,Smooth Uaithne Crystal,"355,000"
2026-06-23,Solid Eriu Crystal,"821,282"
2026-06-23,Solid Legacy Shard,"680,000"
2026-06-23,Solid Legendary Chunk,"444,800"
2026-06-23,Solid Legendary Ore,"400,000"
2026-06-23,Solid Legendary Shard,"700,000"
2026-06-23,Solid Succession Ore,"1,226,018"
2026-06-23,Solid Succession Shard,"444,800"
2026-06-23,Solid Uaithne Crystal,"949,999"
2026-06-23,Solitude Enchant Scroll,"9,474,999"
2026-06-23,Sorrowful Enchant Scroll,"1,000,000"
2026-06-23,Soul Enchant Scroll,"50,000"
2026-06-23,Space Time Enchant Scroll,"90,000"
2026-06-23,Special Dungeon: Enchant Pouch,"9,826,841"
2026-06-23,Spinos' Essence,"17,000,000"
2026-06-23,Spirit Magic Powder,"10,000"
2026-06-23,Spirit Remnant,"1,790"
2026-06-23,Spirit Water,"1,849"
2026-06-23,Stable Eriu Crystal,"1,900,000"
2026-06-23,Stable Legacy Shard,"300,000"
2026-06-23,Stable Legendary Shard,"1,000,000"
2026-06-23,Stable Succession Ore,"3,100,000"
2026-06-23,Stable Uaithne Crystal,"2,200,000"
2026-06-23,Starlight Belt,"89,999,999"
2026-06-23,Stern Enchant Scroll,"4,541,312"
2026-06-23,Stroll Enchant Scroll,"100,000"
2026-06-23,Stylish Enchant Scroll,"16,269,616"
2026-06-23,Subdued Enchant Scroll,"19,000"
2026-06-23,Superior Bracelet Diamond,"3,000,000"
2026-06-23,Superior Bracelet Emerald,"2,500,000"
2026-06-23,Superior Bracelet Ruby,"2,900,000"
2026-06-23,Superior Bracelet Sapphire,"3,500,000"
2026-06-23,Superior Cloth,"7,250"
2026-06-23,Superior Element Stone,"740,000"
2026-06-23,Superior Enhancement Elixir,"120,500"
2026-06-23,Superior Iron Ore,"5,500"
2026-06-23,Superior Leather,"100,000"
2026-06-23,Tarian Steel,"3,028,169"
2026-06-23,Tempestuous Enchant Scroll,"12,420,369"
2026-06-23,Terminus Sentinel Essence: Chest Armor,"1,000,000"
2026-06-23,Terminus Sentinel Essence: Grand Targe,"2,000,000"
2026-06-23,Terminus Sentinel Essence: Large Shield,"2,000,000"
2026-06-23,Terminus Sentinel Essence: Shield,"800,000"
2026-06-23,Terra Spirit Remnant,"2,825"
2026-06-23,The Book of Orna,"15,000,000"
2026-06-23,The Cursed Belt,"81,000,000"
2026-06-23,The Watcher's Glowing Mysterious Cat Statue,"85,000,000"
2026-06-23,The Watcher's Glowing Succubus Fang,"115,000,000"
2026-06-23,The Watcher's Mysterious Cat Statue,"22,000,000"
2026-06-23,The Watcher's Rusty Mysterious Cat Statue,"4,222,300"
2026-06-23,The Watcher's Rusty Succubus Fang,"3,850,000"
2026-06-23,The Watcher's Rusty War Goddess Statue,"6,000,000"
2026-06-23,The Watcher's Rusty Werewolf Paw,"7,500,000"
2026-06-23,The Watcher's Glowing War Goddess Statue,"97,000,000"
2026-06-23,The Watcher's Glowing Werewolf Paw,"178,000,000"
2026-06-23,The Watcher's Succubus Fang,"18,000,000"
2026-06-23,The Watcher's War Goddess Statue,"23,500,000"
2026-06-23,The Watcher's Werewolf Paw,"44,300,000"
2026-06-23,Token of Quiet,"65,000,005"
2026-06-23,Token of Silence,"66,666,666"
2026-06-23,Tragic Enchant Scroll,"43,000,000"
2026-06-23,Transcendent Enchant Scroll,"1,999,999"
2026-06-23,Trial Enchant Scroll,"37,000,000"
2026-06-23,Truth Enchant Scroll,"4,444,444"
2026-06-23,Twilight Desert Source,"7,000"
2026-06-23,Uaithne Advancement Stone: Chest Armor,"55,555,555"
2026-06-23,Uaithne Advancement Stone: Feet Armor,"55,555,555"
2026-06-23,Uaithne Advancement Stone: Hand Armor,"55,555,555"
2026-06-23,Uaithne Advancement Stone: Head Armor,"55,555,555"
2026-06-23,Uaithne Advancement Stone: Leg Armor,"55,555,555"
2026-06-23,Uaithne Advancement Stone: Weapon,"88,888,888"
2026-06-23,Uaithne Crystal,"17,307,106"
2026-06-23,Uaithne Fragment: Auxiliary Equipment,"200,000"
2026-06-23,Uaithne Fragment: Chest Armor,"2,400,000"
2026-06-23,Uaithne Fragment: Feet Armor,"2,850,000"
2026-06-23,Uaithne Fragment: Hand Armor,"3,339,998"
2026-06-23,Uaithne Fragment: Head Armor,"3,349,000"
2026-06-23,Uaithne Fragment: Leg Armor,"2,215,364"
2026-06-23,Uaithne Fragment: The Cursed Belt,"10,500,000"
2026-06-23,Uaithne Fragment: The Sun's Wish,"8,000,000"
2026-06-23,Uaithne Fragment: Token of Quiet,"8,500,000"
2026-06-23,Uaithne Fragment: Token of Silence,"8,400,000"
2026-06-23,Uaithne Fragment: Weapon,"2,724,081"
2026-06-23,Uaithne Remnant,783
2026-06-23,Unknowable Power: Fragments,"17,666"
2026-06-23,Unrelenting Uaithne Crystal,"525,000"
2026-06-23,Unstable Enhancement Rune,"6,200,000"
2026-06-23,Uscias' Essence,"2,600,000"
2026-06-23,Usurper's Rhod Compass,"9,000,000"
2026-06-23,Usurper's Rusty Rhod Compass,"3,500,000"
2026-06-23,Usurper's Shiny Rhod Compass,"7,000,000"
2026-06-23,Vehement Enchant Scroll,"275,000"
2026-06-23,Veiled Enchant Scroll,"23,999,999"
2026-06-23,Victorious Enchant Scroll,"14,000,000"
2026-06-23,Wave Enchant Scroll,"35,000,000"
2026-06-23,Weeping Enchant Scroll,"1,000,000"
2026-06-23,Well-Balanced Enchant Scroll,"750,000"
2026-06-23,White Kitty Brooch,"122,100"
2026-06-23,White Kitty Necklace,"849,000"
2026-06-23,Wish Enchant Scroll,"850,000"
2026-06-23,Withered Enchant Scroll,"28,500,000"
2026-06-25,Abomination's Essence: Grand Targe,"500,000"
2026-06-25,Abomination's Essence: Large Shield,"500,000"
2026-06-25,Abomination's Essence: Leg Armor,"800,000"
2026-06-25,Airtight Exquisite Enchant Rune,"109,989,000"
2026-06-25,Airtight Extraction Rune 1x,"52,000,000"
2026-06-25,Ardri's Essence: Chest Armor,"1,678,000"
2026-06-25,Ardri's Essence: Feet Armor,"1,600,000"
2026-06-25,Ardri's Essence: Hand Armor,"1,690,000"
2026-06-25,Ardri's Essence: Head Armor,"1,499,999"
2026-06-25,Ardri's Essence: Leg Armor,"1,699,997"
2026-06-25,Ardri's Essence: Weapon,"1,449,832"
2026-06-25,Artisan's Refined Flask,"300,000"
2026-06-25,Artisan's Sturdy Flask,"412,422"
2026-06-25,Astera's Essence: Chest Armor,"1,250,000"
2026-06-25,Astera's Essence: Feet Armor,"2,900,000"
2026-06-25,Astera's Essence: Head Armor,"800,000"
2026-06-25,Astera's Essence: Leg Armor,"2,999,800"
2026-06-25,Astera's Essence: Weapon,"900,000"
2026-06-25,Blue Kitty Brooch,"1,500,000"
2026-06-25,Blue Kitty Necklace,"860,000"
2026-06-25,Bres's Moonlight Essence,"4,000,000"
2026-06-25,Bres's Shadow Essence,"5,500,000"
2026-06-25,Brilliant Kitty Necklace,"25,000,000"
2026-06-25,Cloth,"2,995"
2026-06-25,Copper Bracelet,"26,000"
2026-06-25,Copper Ore,"3,139"
2026-06-25,Damascus Steel,"10,000"
2026-06-25,Dullahan's Essence: Chest Armor,"1,000,000"
2026-06-25,Dullahan's Essence: Grand Targe,"1,333,800"
2026-06-25,Dullahan's Essence: Hand Armor,"1,233,800"
2026-06-25,Dullahan's Essence: Head Armor,"2,999,800"
2026-06-25,Dullahan's Essence: Large Shield,"1,000,000"
2026-06-25,Dullahan's Essence: Leg Armor,"900,000"
2026-06-25,Dullahan's Essence: Shield,"1,233,800"
2026-06-25,Dullahan's Essence: Weapon,"1,555,800"
2026-06-25,Ebony Cloth,"1,000"
2026-06-25,Emmett's Essence,"4,700,000"
2026-06-25,Empowered Stone,998
2026-06-25,Enhanced New Era Cloth,"50,000"
2026-06-25,Enhanced New Era Leather,"50,000"
2026-06-25,Enhanced New Era Orb,"32,037"
2026-06-25,Enhanced New Era Ore,"50,312"
2026-06-25,Enhancement Elixir,690
2026-06-25,Enok's Essence,"3,999,800"
2026-06-25,Eriu Book,"66,666,666"
2026-06-25,Eriu Fragment: Auxiliary Equipment,"9,780,510"
2026-06-25,Eriu Fragment: Chest Armor,"3,234,252"
2026-06-25,Eriu Fragment: Head Armor,"3,437,135"
2026-06-25,Eriu Fragment: Leg Armor,"2,885,100"
2026-06-25,Eriu Fragment: Roots of Abundance,"9,200,000"
2026-06-25,Eriu Fragment: Starlight Belt,"8,800,000"
2026-06-25,Eriu Fragment: Weapon,"3,900,000"
2026-06-25,Exquisite Cloth,"2,100"
2026-06-25,Exquisite Iron Ore,143
2026-06-25,Fallen One's Rhod Compass,"70,000,000"
2026-06-25,Fallen One's Rusty Rhod Compass,"20,000,000"
2026-06-25,Fallen One's Shiny Rhod Compass,"150,000,000"
2026-06-25,Fighting Belt,"78,225"
2026-06-25,Fine Cloth,"3,000"
2026-06-25,Fine Fobellow Tin,"2,245"
2026-06-25,Fine Iron Ore,"14,500"
2026-06-25,Fire Spirit Remnant,"4,900"
2026-06-25,Flask of Niflheim,"1,699,999"
2026-06-25,Godly Cloth,"1,000"
2026-06-25,Godly Iron Ore,725
2026-06-25,Goibhniu's Enhancement Stone,"2,069,696"
2026-06-25,Goibhniu's Stone+,"4,500,000"
2026-06-25,Gold Bracelet,"19,850,000"
2026-06-25,Gray Twilight Brooch,"16,969,696"
2026-06-25,Greater Bronze Lion Statue,"350,000"
2026-06-25,Greater Mysterious Cat Statue,"5,900,000"
2026-06-25,Greater Succubus Fang,"450,000"
2026-06-25,Greater War Goddess Statue,"1,000,000"
2026-06-25,Heavenly Leather,"18,000"
2026-06-25,Ice Spirit Remnant,777
2026-06-25,Iron Ore,"8,995"
2026-06-25,Jardin Steel,"26,999"
2026-06-25,Keen Eriu Crystal,"1,099,352"
2026-06-25,Keen Legacy Shard,"249,999"
2026-06-25,Keen Legendary Chunk,"250,000"
2026-06-25,Keen Legendary Ore,"1,700,000"
2026-06-25,Keen Succession Ore,"450,000"
2026-06-25,Keen Uaithne Crystal,"2,350,000"
2026-06-25,Kitty Brooch,"500,000"
2026-06-25,Kitty Necklace,"500,000"
2026-06-25,Life Spirit Remnant,"19,999"
2026-06-25,Lightweight Eriu Crystal,"542,476"
2026-06-25,Lightweight Legendary Chunk,"1,333,800"
2026-06-25,Lightweight Legendary Ore,"280,000"
2026-06-25,Lightweight Succession Ore,"650,000"
2026-06-25,Lightweight Succession Shard,"444,800"
2026-06-25,Lightweight Uaithne Crystal,"2,400,000"
2026-06-25,Milletian's Essence: Chest Armor,"1,500,000"
2026-06-25,Milletian's Essence: Leg Armor,"2,000,000"
2026-06-25,Milletian's Essence: Weapon,"1,500,000"
2026-06-25,Moonlight Sapphire Brooch,"1,500,000"
2026-06-25,New Era Cloth,"27,900"
2026-06-25,New Era Leather,"26,600"
2026-06-25,New Era Orb,"3,090"
2026-06-25,New Era Ore,"14,500"
2026-06-25,New Era Remnant,40
2026-06-25,New Era Stone,"4,400"
2026-06-25,Obsidian Kitty Necklace,"117,000,000"
2026-06-25,Orb,"9,378"
2026-06-25,Orna's Essence: Chest Armor,"1,790,514"
2026-06-25,Orna's Essence: Feet Armor,"1,800,000"
2026-06-25,Orna's Essence: Hand Armor,"1,800,000"
2026-06-25,Orna's Essence: Head Armor,"1,890,000"
2026-06-25,Orna's Essence: Leg Armor,"3,500,000"
2026-06-25,Orna's Essence: Weapon,"1,691,128"
2026-06-25,Paradise Orb,"3,189"
2026-06-25,Paradise Stone,"19,999"
2026-06-25,Perfect Legendary Chunk,"350,000"
2026-06-25,Perfect Succession Ore,"2,500,000"
2026-06-25,Perfect Uaithne Crystal,"2,349,373"
2026-06-25,Premium Enhancement Rune+,"69,999,990"
2026-06-25,Red Kitty Necklace,"3,000,000"
2026-06-25,Red Moon Brooch,"25,000,000"
2026-06-25,Regina's Feather: Large Shield,"2,999,800"
2026-06-25,Regina's Feather: Shield,"1,980,000"
2026-06-25,Robust Eriu Crystal,"1,645,596"
2026-06-25,Robust Uaithne Crystal,"1,083,298"
2026-06-25,Roots of Abundance,"81,000,000"
2026-06-25,Salt Flower,650
2026-06-25,Seraphic Feathers Brooch,"12,999,999"
2026-06-25,Shrouded Moonlight,"18,225"
2026-06-25,Silver Bracelet,"300,000"
2026-06-25,Smooth Eriu Crystal,"1,700,000"
2026-06-25,Smooth Legacy Shard,"290,000"
2026-06-25,Smooth Legendary Chunk,"444,800"
2026-06-25,Smooth Legendary Ore,"444,800"
2026-06-25,Smooth Legendary Shard,"92,500"
2026-06-25,Smooth Succession Ore,"799,999"
2026-06-25,Smooth Uaithne Crystal,"450,000"
2026-06-25,Solid Eriu Crystal,"2,696,969"
2026-06-25,Solid Legacy Shard,"500,000"
2026-06-25,Solid Legendary Chunk,"1,200,000"
2026-06-25,Solid Legendary Ore,"400,000"
2026-06-25,Solid Legendary Shard,"700,000"
2026-06-25,Solid Succession Ore,"1,200,000"
2026-06-25,Spirit Remnant,"1,485"
2026-06-25,Stable Eriu Crystal,"1,890,000"
2026-06-25,Stable Legacy Shard,"280,000"
2026-06-25,Stable Succession Ore,"400,000"
2026-06-25,Stable Uaithne Crystal,"2,290,000"
2026-06-25,Starlight Belt,"82,250,000"
2026-06-25,Superior Cloth,900
2026-06-25,Superior Enhancement Elixir,"179,000"
2026-06-25,Superior Iron Ore,"2,995"
2026-06-25,Superior Leather,"100,000"
2026-06-25,Terminus Sentinel Essence: Chest Armor,"1,000,000"
2026-06-25,Terminus Sentinel Essence: Shield,"800,000"
2026-06-25,Terra Spirit Remnant,900
2026-06-25,The Watcher's Glowing Mysterious Cat Statue,"93,890,000"
2026-06-25,The Watcher's Glowing Succubus Fang,"100,000,000"
2026-06-25,The Watcher's Mysterious Cat Statue,"20,000,000"
2026-06-25,The Watcher's Rusty Mysterious Cat Statue,"3,500,000"
2026-06-25,The Watcher's Rusty Succubus Fang,"3,850,000"
2026-06-25,The Watcher's Rusty War Goddess Statue,"4,500,000"
2026-06-25,The Watcher's Rusty Werewolf Paw,"9,000,000"
2026-06-25,The Watcher's Glowing War Goddess Statue,"92,999,999"
2026-06-25,The Watcher's Glowing Werewolf Paw,"163,000,000"
2026-06-25,The Watcher's Succubus Fang,"20,000,000"
2026-06-25,The Watcher's War Goddess Statue,"26,500,000"
2026-06-25,The Watcher's Werewolf Paw,"42,500,000"
2026-06-25,Token of Quiet,"65,000,005"
2026-06-25,Token of Silence,"62,222,222"
2026-06-25,Uaithne Fragment: Auxiliary Equipment,"200,000"
2026-06-25,Uaithne Fragment: Chest Armor,"3,500,000"
2026-06-25,Uaithne Fragment: Feet Armor,"3,079,000"
2026-06-25,Uaithne Fragment: Hand Armor,"5,499,999"
2026-06-25,Uaithne Fragment: Head Armor,"2,431,509"
2026-06-25,Uaithne Fragment: The Cursed Belt,"10,000,000"
2026-06-25,Uaithne Fragment: The Sun's Wish,"5,000,000"
2026-06-25,Uaithne Fragment: Token of Quiet,"7,000,000"
2026-06-25,Uaithne Fragment: Token of Silence,"7,900,000"
2026-06-25,Uaithne Fragment: Weapon,"2,200,000"
2026-06-25,Uaithne Remnant,"3,488"
2026-06-25,Unrelenting Uaithne Crystal,"900,000"
2026-06-25,Unstable Enhancement Rune,"10,000,000"
2026-06-25,Usurper's Rusty Rhod Compass,"2,553,000"
2026-06-25,Usurper's Shiny Rhod Compass,"14,700,000"
2026-06-25,Usurper's Rhod Compass,"9,000,000"
2026-06-25,White Kitty Brooch,"2,999,999"
2026-06-25,White Kitty Necklace,"1,990,000"
2026-06-27,Abomination's Essence: Grand Targe,"500,000"
2026-06-27,Abomination's Essence: Large Shield,"500,000"
2026-06-27,Abomination's Essence: Leg Armor,"800,000"
2026-06-27,Abyssal Shard Grade 1,"104,103"
2026-06-27,Abyssal Shard Grade 2,"669,999"
2026-06-27,Abyssal Shard Grade 3,"1,199,999"
2026-06-27,Advance Enchant Scroll,"457,614"
2026-06-27,Advent Enchant Scroll,"17,800,000"
2026-06-27,Adversarial Enchant Scroll,"14,000,000"
2026-06-27,Airtight Exquisite Enchant Rune,"109,900,000"
2026-06-27,Airtight Extraction Rune 1x,"50,000,000"
2026-06-27,Amplified Enchant Scroll,"25,000,000"
2026-06-27,Ancient Enchant Scroll,"3,000,000"
2026-06-27,Ancient Erg Crystal,"10,933"
2026-06-27,Ancient Spirit Magic Powder,"47,796"
2026-06-27,Ardor Enchant Scroll,"350,000"
2026-06-27,Ardri's Essence,"1,000,000"
2026-06-27,Ardri's Essence: Chest Armor,"1,665,999"
2026-06-27,Ardri's Essence: Feet Armor,"1,500,000"
2026-06-27,Ardri's Essence: Hand Armor,"1,680,000"
2026-06-27,Ardri's Essence: Weapon,"1,250,000"
2026-06-27,Artisan's Refined Flask,"199,998"
2026-06-27,Artisan's Sturdy Flask,"9,998"
2026-06-27,Astera's Essence: Chest Armor,"1,250,000"
2026-06-27,Astera's Essence: Feet Armor,"2,900,000"
2026-06-27,Astera's Essence: Weapon,"880,000"
2026-06-27,Barrier Enchant Scroll,"2,222,222"
2026-06-27,Berserker Enchant Scroll,"100,000"
2026-06-27,Blessed Magic Elixir,"31,108"
2026-06-27,Blessed Magic Powder,490
2026-06-27,Bloodlust Enchant Scroll,"400,000"
2026-06-27,Blue Kitty Brooch,"1,500,000"
2026-06-27,Blue Kitty Necklace,"830,000"
2026-06-27,Bountiful Enchant Scroll,"34,892,501"
2026-06-27,Bracelet Diamond,"3,000"
2026-06-27,Bracelet Emerald,"20,000"
2026-06-27,Bracelet Ruby,"20,000"
2026-06-27,Bracelet Sapphire,"20,000"
2026-06-27,Bres's Moonlight Essence,"3,999,000"
2026-06-27,Bres's Shadow Essence,"4,000,000"
2026-06-27,Brilliant Kitty Necklace,"33,261,500"
2026-06-27,Brutal Enchant Scroll,"2,000,000"
2026-06-27,Calm Enchant Scroll,"500,000"
2026-06-27,Chaotic Enchant Scroll,"199,000"
2026-06-27,Charging Enchant Scroll,"500,000"
2026-06-27,Chaser's Enchant Scroll,"3,500,000"
2026-06-27,Clash Enchant Scroll,"1,324,844"
2026-06-27,Cloth,"4,000"
2026-06-27,Complete Bracelet Diamond,"9,967,676"
2026-06-27,Complete Bracelet Emerald,"14,000,000"
2026-06-27,Complete Bracelet Ruby,"13,676,767"
2026-06-27,Complete Bracelet Sapphire,"9,500,000"
2026-06-27,Concentrated Enchant Scroll,"5,000,000"
2026-06-27,Consume Enchant Scroll,"7,500"
2026-06-27,Cool Enchant Scroll,"459,892"
2026-06-27,Copper Bracelet,"20,000"
2026-06-27,Copper Ore,"34,383"
2026-06-27,Cyclical Enchant Scroll,"10,000,000"
2026-06-27,Damascus Steel,"9,999"
2026-06-27,Dash Enchant Scroll,"5,100"
2026-06-27,Decisive Enchant Scroll,"100,000"
2026-06-27,Deific Devotion A Prophecy That Cannot Be Followed,"3,770,000"
2026-06-27,Deific Devotion Cavern of Enmity,"2,799,999"
2026-06-27,Deific Devotion Dialectic of Death,"2,800,000"
2026-06-27,Deific Devotion False Confession,"3,999,999"
2026-06-27,Deific Devotion Forest of Abundance,"4,199,000"
2026-06-27,Deific Devotion Forgotten Altar,"2,222,222"
2026-06-27,Deific Devotion Glutton's Banquet,"5,999,999"
2026-06-27,Deific Devotion Grave of Swords,"3,199,999"
2026-06-27,Deific Devotion Great Ministry,"3,000,000"
2026-06-27,Deific Devotion Royal Castle Topaz Hall,"900,000"
2026-06-27,Deific Devotion Sidhe Palace,"5,000,000"
2026-06-27,Deific Devotion The One Who Protects the Altar,"10,000,000"
2026-06-27,Deific Devotion The Sanctuary of Reconstruction,"1,999,999"
2026-06-27,Deific Devotion The Winds of Lochlann,"1,222,222"
2026-06-27,Deific Devotion Unjust Cathedral,"4,444,443"
2026-06-27,Deific Devotion Where Earth Meets Sky,"3,955,555"
2026-06-27,Destructive Enchant Scroll,"900,000"
2026-06-27,Dignified Enchant Scroll,"999,999"
2026-06-27,Divine Punishment Enchant Scroll,"30,000"
2026-06-27,Dullahan's Essence: Chest Armor,"950,000"
2026-06-27,Dullahan's Essence: Feet Armor,"5,555,555"
2026-06-27,Dullahan's Essence: Grand Targe,"1,333,800"
2026-06-27,Dullahan's Essence: Hand Armor,"1,333,800"
2026-06-27,Dullahan's Essence: Large Shield,"1,333,800"
2026-06-27,Dullahan's Essence: Leg Armor,"900,000"
2026-06-27,Dullahan's Essence: Shield,"1,000,000"
2026-06-27,Ebony Cloth,"1,000"
2026-06-27,Element Shard,"3,900"
2026-06-27,Element Stone,"10,000"
2026-06-27,Element Stone Catalyst,"12,000"
2026-06-27,Emmett's Essence,"3,900,000"
2026-06-27,Empowered Stone,"1,000"
2026-06-27,Emptiness Erg Crystal,"6,710"
2026-06-27,Enchant Scroll Scrap: Advance,"1,000,000"
2026-06-27,Enchant Scroll Scrap: Advent,"12,048,080"
2026-06-27,Enchant Scroll Scrap: Adversarial,"15,000,000"
2026-06-27,Enchant Scroll Scrap: Amplified,"14,800,000"
2026-06-27,Enchant Scroll Scrap: Ancient,"5,000,000"
2026-06-27,Enchant Scroll Scrap: Bountiful,"19,999,999"
2026-06-27,Enchant Scroll Scrap: Capture,"500,000"
2026-06-27,Enchant Scroll Scrap: Charge,"1,000,000"
2026-06-27,Enchant Scroll Scrap: Chaser's,"2,000,000"
2026-06-27,Enchant Scroll Scrap: Clash,"14,999,999"
2026-06-27,Enchant Scroll Scrap: Consume,"2,975,000"
2026-06-27,Enchant Scroll Scrap: Conviction,"2,000,000"
2026-06-27,Enchant Scroll Scrap: Cool,"1,447,500"
2026-06-27,Enchant Scroll Scrap: Cyclical,"9,000,000"
2026-06-27,Enchant Scroll Scrap: Destructive,"6,999,999"
2026-06-27,Enchant Scroll Scrap: Dignified,"350,000"
2026-06-27,Enchant Scroll Scrap: Enmity,"2,000,000"
2026-06-27,Enchant Scroll Scrap: Escalating,"18,000,000"
2026-06-27,Enchant Scroll Scrap: Eternal,"14,000,000"
2026-06-27,Enchant Scroll Scrap: Executing,"38,749,000"
2026-06-27,Enchant Scroll Scrap: Fate,"120,000,000"
2026-06-27,Enchant Scroll Scrap: Fighting Spirit,"888,881"
2026-06-27,Enchant Scroll Scrap: Forgotten,"2,800,000"
2026-06-27,Enchant Scroll Scrap: Frenzy,"4,000,000"
2026-06-27,Enchant Scroll Scrap: Hollow,"26,987,654"
2026-06-27,Enchant Scroll Scrap: Impaling,"4,999,999"
2026-06-27,Enchant Scroll Scrap: Indomitable,"8,469,069"
2026-06-27,Enchant Scroll Scrap: Instant,"13,999,997"
2026-06-27,Enchant Scroll Scrap: Irate,"4,000,000"
2026-06-27,Enchant Scroll Scrap: Lament,"2,500,000"
2026-06-27,Enchant Scroll Scrap: Madness,"2,500,000"
2026-06-27,Enchant Scroll Scrap: Mystic,"39,999,990"
2026-06-27,Enchant Scroll Scrap: Petrify,"500,000"
2026-06-27,Enchant Scroll Scrap: Praise,"16,999,997"
2026-06-27,Enchant Scroll Scrap: Prophetic,"3,999,999"
2026-06-27,Enchant Scroll Scrap: Raging,"2,700,000"
2026-06-27,Enchant Scroll Scrap: Reflection,"24,444,444"
2026-06-27,Enchant Scroll Scrap: Revenge,"4,000,000"
2026-06-27,Enchant Scroll Scrap: Shrewd,"9,900,000"
2026-06-27,Enchant Scroll Scrap: Solitude,"7,500,000"
2026-06-27,Enchant Scroll Scrap: Sorrowful,"2,000,000"
2026-06-27,Enchant Scroll Scrap: Soul,"100,000"
2026-06-27,Enchant Scroll Scrap: Stern,"5,000,000"
2026-06-27,Enchant Scroll Scrap: Stylish,"13,400,000"
2026-06-27,Enchant Scroll Scrap: Subdued,"5,555,555"
2026-06-27,Enchant Scroll Scrap: Tempestuous,"9,999,999"
2026-06-27,Enchant Scroll Scrap: Tragic,"31,500,000"
2026-06-27,Enchant Scroll Scrap: Transcendent,"12,469,696"
2026-06-27,Enchant Scroll Scrap: Trial,"14,444,444"
2026-06-27,Enchant Scroll Scrap: Twisted,"10,000,000"
2026-06-27,Enchant Scroll Scrap: Vehement,"849,999"
2026-06-27,Enchant Scroll Scrap: Veiled,"12,655,555"
2026-06-27,Enchant Scroll Scrap: Victorious,"6,999,969"
2026-06-27,Enchant Scroll Scrap: Wave,"24,999,999"
2026-06-27,Enchant Scroll Scrap: Weeping,"5,555,555"
2026-06-27,Enchant Scroll Scrap: Withered,"15,000,000"
2026-06-27,Enhanced New Era Cloth,"56,101"
2026-06-27,Enhanced New Era Leather,"4,911"
2026-06-27,Enhanced New Era Orb,"30,921"
2026-06-27,Enhanced New Era Ore,"56,101"
2026-06-27,Enhancement Elixir,690
2026-06-27,Enmity Enchant Scroll,"7,400,000"
2026-06-27,Enok's Essence,"3,499,800"
2026-06-27,Enthusiastic Enchant Scroll,"100,000"
2026-06-27,Eriu Advancement Stone: Head Armor,"66,666,666"
2026-06-27,Eriu Advancement Stone: Leg Armor,"66,666,666"
2026-06-27,Eriu Advancement Stone: Weapon,"99,999,999"
2026-06-27,Eriu Book,"59,500,000"
2026-06-27,Eriu Fragment: Auxiliary Equipment,"10,800,000"
2026-06-27,Eriu Fragment: Chest Armor,"3,317,917"
2026-06-27,Eriu Fragment: Leg Armor,"2,700,000"
2026-06-27,Eriu Fragment: Roots of Abundance,"9,000,000"
2026-06-27,Eriu Fragment: Starlight Belt,"8,500,000"
2026-06-27,Eriu Fragment: Weapon,"3,594,755"
2026-06-27,Escalating Enchant Scroll,"29,999,999"
2026-06-27,Eternal Enchant Scroll,"23,995,266"
2026-06-27,Eternal Legacy,"100,000"
2026-06-27,Eternity Erg Crystal,"7,999"
2026-06-27,Evil Monster's Leather Belt,"500,000"
2026-06-27,Executing Enchant Scroll,"84,000,000"
2026-06-27,Exquisite Cloth,"2,502"
2026-06-27,Exquisite Iron Ore,145
2026-06-27,Fading Enchant Scroll,"400,000"
2026-06-27,Fallen One's Rhod Compass,"77,777,777"
2026-06-27,Fallen One's Rusty Rhod Compass,"19,000,000"
2026-06-27,Fallen One's Shiny Rhod Compass,"152,000,000"
2026-06-27,Fast Enchant Scroll,"900,000"
2026-06-27,Fate Enchant Scroll,"379,000,000"
2026-06-27,Fighting Belt,"18,225"
2026-06-27,Fighting Spirit Enchant Scroll,"16,000,000"
2026-06-27,Fine Bracelet Diamond,"100,000"
2026-06-27,Fine Bracelet Emerald,"250,000"
2026-06-27,Fine Bracelet Ruby,"250,000"
2026-06-27,Fine Bracelet Sapphire,"20,000"
2026-06-27,Fine Cloth,"3,000"
2026-06-27,Fine Fobellow Tin,"9,990"
2026-06-27,Fine Iron Ore,"25,000"
2026-06-27,Fire Spirit Remnant,"4,889"
2026-06-27,Flask of Niflheim,"1,222,222"
2026-06-27,Fleet Enchant Scroll,"10,000"
2026-06-27,Forgotten Enchant Scroll,"2,900,000"
2026-06-27,Frenzy Enchant Scroll,"1,200,000"
2026-06-27,Godly Cloth,"71,000"
2026-06-27,Godly Iron Ore,710
2026-06-27,Goibhniu's Enhancement Stone,"2,050,000"
2026-06-27,Goibhniu's Stone+,"5,555,555"
2026-06-27,Gold Bracelet,"17,999,999"
2026-06-27,Gray Twilight Brooch,"20,000,000"
2026-06-27,Greater Bronze Lion Statue,"350,000"
2026-06-27,Greater Mysterious Cat Statue,"5,900,000"
2026-06-27,Greater Succubus Fang,"450,000"
2026-06-27,Greater War Goddess Statue,"999,999"
2026-06-27,Grinding Enchant Scroll,"100,000"
2026-06-27,Heartless Enchant Scroll,"500,000"
2026-06-27,Heavenly Leather,"18,000"
2026-06-27,Hoarfrost Hollow Erg Crystal,"17,499"
2026-06-27,Hollow Enchant Scroll,"48,000,000"
2026-06-27,Ice Spirit Remnant,777
2026-06-27,Impaling Enchant Scroll,"444,444"
2026-06-27,Indomitable Enchant Scroll,"12,000,000"
2026-06-27,Infinite Enchant Scroll,"5,000,000"
2026-06-27,Inherited Power: Fragments,"8,000"
2026-06-27,Instant Enchant Scroll,"23,000,000"
2026-06-27,Intermediate Element Stone,"300,000"
2026-06-27,Iron Ore,"20,134"
2026-06-27,Jardin Steel,"20,000"
2026-06-27,Jarnir's Essence,"10,000,000"
2026-06-27,Judgment Enchant Scroll,"4,444,444"
2026-06-27,Keen Eriu Crystal,"966,362"
2026-06-27,Keen Legacy Shard,"230,000"
2026-06-27,Keen Legendary Chunk,"275,750"
2026-06-27,Keen Legendary Ore,"1,700,000"
2026-06-27,Keen Succession Ore,"320,000"
2026-06-27,Keen Uaithne Crystal,"2,777,777"
2026-06-27,Kitty Brooch,"499,999"
2026-06-27,Lambent Powder,"4,000"
2026-06-27,Lament Enchant Scroll,"2,222,221"
2026-06-27,Leather Bracelet,"3,000"
2026-06-27,Life Erg Crystal,"5,000"
2026-06-27,Life Spirit Remnant,"44,999"
2026-06-27,Light Erg Crystal,"15,341"
2026-06-27,Lightweight Eriu Crystal,"700,000"
2026-06-27,Lightweight Legendary Chunk,"1,333,800"
2026-06-27,Lightweight Legendary Ore,"280,000"
2026-06-27,Lightweight Succession Ore,"480,000"
2026-06-27,Lightweight Succession Shard,"444,800"
2026-06-27,Lightweight Uaithne Crystal,"2,700,000"
2026-06-27,Lucian's Essence,"3,500,000"
2026-06-27,Madness Enchant Scroll,"3,200,000"
2026-06-27,Magic Elixir,"75,598"
2026-06-27,Magic Elixir of Life,"15,399"
2026-06-27,Magic Powder,"6,999"
2026-06-27,Magic Stone,"2,900"
2026-06-27,Mana Reformer,"5,000"
2026-06-27,Meaningful Enchant Scroll,"3,222,222"
2026-06-27,Memorable Enchant Scroll,"20,000"
2026-06-27,Milletian's Essence: Feet Armor,"2,999,800"
2026-06-27,Monark Leaf Ring,"50,000"
2026-06-27,Morgant's Essence,"3,875,000"
2026-06-27,Mysterious Shard Grade 1,"76,826"
2026-06-27,Mysterious Shard Grade 2,"222,221"
2026-06-27,Mysterious Shard Grade 3,"1,333,333"
2026-06-27,New Era Cloth,"24,999"
2026-06-27,New Era Leather,"24,999"
2026-06-27,New Era Orb,"2,987"
2026-06-27,New Era Ore,"6,659"
2026-06-27,New Era Stone,"8,700"
2026-06-27,Obsidian Kitty Necklace,"117,999,999"
2026-06-27,Orb,"8,450"
2026-06-27,Orna's Essence,"500,000"
2026-06-27,Orna's Essence: Chest Armor,"1,870,000"
2026-06-27,Orna's Essence: Feet Armor,"1,899,000"
2026-06-27,Orna's Essence: Hand Armor,"1,900,000"
2026-06-27,Orna's Essence: Weapon,"3,400,000"
2026-06-27,Outburst Enchant Scroll,"99,999"
2026-06-27,Paradise Orb,"2,715"
2026-06-27,Passion Enchant Scroll,"195,000"
2026-06-27,Perfect Legacy Shard,"302,000"
2026-06-27,Perfect Legendary Chunk,"350,000"
2026-06-27,Perfect Legendary Ore,"1,000,000"
2026-06-27,Perfect Succession Ore,"2,400,000"
2026-06-27,Perfect Uaithne Crystal,"2,750,000"
2026-06-27,Petite Enchant Scroll,"800,000"
2026-06-27,Petrify Enchant Scroll,"900,000"
2026-06-27,Prairie Erg Crystal,"49,999"
2026-06-27,Praise Enchant Scroll,"39,999,999"
2026-06-27,Premium Enhancement Rune+,"69,999,990"
2026-06-27,Prophetic Enchant Scroll,"3,000,000"
2026-06-27,Rage Erg Crystal,"12,000"
2026-06-27,Red Kitty Necklace,"3,000,000"
2026-06-27,Reflection Enchant Scroll,"35,000,000"
2026-06-27,Regina's Feather: Large Shield,"2,999,800"
2026-06-27,Regina's Feather: Shield,"1,980,000"
2026-06-27,Resistant Enchant Scroll,"100,000"
2026-06-27,Revenge Enchant Scroll,"8,500,000"
2026-06-27,Robust Eriu Crystal,"1,600,000"
2026-06-27,Robust Uaithne Crystal,"900,000"
2026-06-27,Roots of Abundance,"88,888,888"
2026-06-27,Ruins Erg Crystal,"7,995"
2026-06-27,Sacred Erg Crystal,"6,666"
2026-06-27,Salt Flower,650
2026-06-27,Scattered Essence Box,"444,440"
2026-06-27,Sealed Enchant Scroll,"450,000"
2026-06-27,Sealed Power: Fragments,"40,000"
2026-06-27,Semias' Essence,"4,000,000"
2026-06-27,Seraphic Feathers Brooch,"12,999,999"
2026-06-27,Shrewd Enchant Scroll,"7,777,777"
2026-06-27,Shrouded Moonlight,"78,225"
2026-06-27,Significant Enchant Scroll,"50,000"
2026-06-27,Silence Erg Crystal,"7,200"
2026-06-27,Silver Bracelet,"333,333"
2026-06-27,Silver Ore,"2,666"
2026-06-27,Smooth Eriu Crystal,"1,400,000"
2026-06-27,Smooth Legacy Shard,"250,000"
2026-06-27,Smooth Legendary Chunk,"444,800"
2026-06-27,Smooth Legendary Ore,"444,800"
2026-06-27,Smooth Legendary Shard,"92,500"
2026-06-27,Smooth Succession Ore,"333,333"
2026-06-27,Smooth Succession Shard,"1,250,000"
2026-06-27,Smooth Uaithne Crystal,"350,000"
2026-06-27,Solid Eriu Crystal,"689,794"
2026-06-27,Solid Legacy Shard,"500,000"
2026-06-27,Solid Legendary Chunk,"1,200,000"
2026-06-27,Solid Legendary Ore,"400,000"
2026-06-27,Solid Legendary Shard,"700,000"
2026-06-27,Solid Succession Ore,"999,999"
2026-06-27,Solid Uaithne Crystal,"599,999"
2026-06-27,Solitude Enchant Scroll,"8,399,999"
2026-06-27,Sorrowful Enchant Scroll,"1,300,000"
2026-06-27,Soul Enchant Scroll,"50,000"
2026-06-27,Space Time Enchant Scroll,"221,995"
2026-06-27,Sparkling Enchant Scroll,"200,000"
2026-06-27,Special Dungeon: Enchant Pouch,"9,900,520"
2026-06-27,Spinos' Essence,"13,900,000"
2026-06-27,Spirit Magic Powder,"7,250"
2026-06-27,Spirit Remnant,"1,479"
2026-06-27,Spirited Enchant Scroll,"100,000"
2026-06-27,Stable Eriu Crystal,"1,500,000"
2026-06-27,Stable Legacy Shard,"287,800"
2026-06-27,Stable Legendary Chunk,"1,999,800"
2026-06-27,Stable Succession Ore,"333,333"
2026-06-27,Stable Uaithne Crystal,"2,350,000"
2026-06-27,Starlight Belt,"89,999,999"
2026-06-27,Stern Enchant Scroll,"4,999,999"
2026-06-27,Stroll Enchant Scroll,"220,000"
2026-06-27,Stylish Enchant Scroll,"13,000,000"
2026-06-27,Superior Bracelet Diamond,"3,499,999"
2026-06-27,Superior Bracelet Emerald,"1,700,000"
2026-06-27,Superior Bracelet Ruby,"2,499,999"
2026-06-27,Superior Bracelet Sapphire,"3,000,000"
2026-06-27,Superior Cloth,900
2026-06-27,Superior Element Stone,"800,000"
2026-06-27,Superior Enhancement Elixir,"140,000"
2026-06-27,Superior Iron Ore,"6,777"
2026-06-27,Tarian Steel,"2,999,999"
2026-06-27,Tempestuous Enchant Scroll,"8,799,999"
2026-06-27,Terminus Sentinel Essence: Chest Armor,"1,000,000"
2026-06-27,Terminus Sentinel Essence: Shield,"800,000"
2026-06-27,Terra Spirit Remnant,890
2026-06-27,The Dead Enchant Scroll,"1,000,000"
2026-06-27,The Sun's Wish,"59,999,999"
2026-06-27,The Watcher's Glowing Mysterious Cat Statue,"85,000,000"
2026-06-27,The Watcher's Glowing Succubus Fang,"99,999,999"
2026-06-27,The Watcher's Mysterious Cat Statue,"25,000,000"
2026-06-27,The Watcher's Rusty Mysterious Cat Statue,"4,000,000"
2026-06-27,The Watcher's Rusty Succubus Fang,"1,850,000"
2026-06-27,The Watcher's Rusty War Goddess Statue,"4,333,000"
2026-06-27,The Watcher's Rusty Werewolf Paw,"8,300,000"
2026-06-27,The Watcher's Glowing War Goddess Statue,"95,500,000"
2026-06-27,The Watcher's Glowing Werewolf Paw,"129,999,999"
2026-06-27,The Watcher's Succubus Fang,"30,000,000"
2026-06-27,The Watcher's War Goddess Statue,"30,000,000"
2026-06-27,The Watcher's Werewolf Paw,"42,855,799"
2026-06-27,Token of Quiet,"60,000,000"
2026-06-27,Token of Silence,"62,222,222"
2026-06-27,Tragic Enchant Scroll,"44,444,000"
2026-06-27,Transcendent Enchant Scroll,"12,948,888"
2026-06-27,Trial Enchant Scroll,"25,000,000"
2026-06-27,Tricky Enchant Scroll,"100,000"
2026-06-27,Truth Enchant Scroll,"150,000"
2026-06-27,Twilight Erg Crystal,"6,700"
2026-06-27,Twisted Enchant Scroll,"9,999,000"
2026-06-27,Uaithne Advancement Stone: Chest Armor,"55,555,555"
2026-06-27,Uaithne Advancement Stone: Feet Armor,"55,555,555"
2026-06-27,Uaithne Advancement Stone: Hand Armor,"55,555,555"
2026-06-27,Uaithne Advancement Stone: Head Armor,"55,555,555"
2026-06-27,Uaithne Advancement Stone: Leg Armor,"55,555,555"
2026-06-27,Uaithne Advancement Stone: Weapon,"88,888,888"
2026-06-27,Uaithne Crystal,"19,800,000"
2026-06-27,Uaithne Fragment: Auxiliary Equipment,"3,000,000"
2026-06-27,Uaithne Fragment: Chest Armor,"4,587,248"
2026-06-27,Uaithne Fragment: Feet Armor,"2,963,211"
2026-06-27,Uaithne Fragment: Hand Armor,"200,000"
2026-06-27,Uaithne Fragment: Leg Armor,"2,400,000"
2026-06-27,Uaithne Fragment: The Cursed Belt,"9,600,000"
2026-06-27,Uaithne Fragment: The Sun's Wish,"7,000,000"
2026-06-27,Uaithne Fragment: Token of Quiet,"10,000,000"
2026-06-27,Uaithne Fragment: Token of Silence,"8,000,000"
2026-06-27,Uaithne Fragment: Weapon,"2,420,000"
2026-06-27,Uaithne Remnant,"2,880"
2026-06-27,Unknowable Power: Fragments,"16,767"
2026-06-27,Unrelenting Uaithne Crystal,"590,000"
2026-06-27,Unstable Enhancement Rune,"9,300,000"
2026-06-27,Uscias' Essence,"2,399,999"
2026-06-27,Usurper's Rhod Compass,"9,000,000"
2026-06-27,Usurper's Rusty Rhod Compass,"2,899,999"
2026-06-27,Usurper's Shiny Rhod Compass,"14,395,999"
2026-06-27,Valor Enchant Scroll,"100,000"
2026-06-27,Vehement Enchant Scroll,"200,000"
2026-06-27,Veiled Enchant Scroll,"19,500,000"
2026-06-27,Victorious Enchant Scroll,"1,900,000"
2026-06-27,Warlord's Enchant Scroll,"100,000"
2026-06-27,Water Erg Crystal,"6,666"
2026-06-27,Wave Enchant Scroll,"32,000,000"
2026-06-27,Weeping Enchant Scroll,500
2026-06-27,Well-Balanced Enchant Scroll,"100,000"
2026-06-27,White Kitty Brooch,"2,499,999"
2026-06-27,White Kitty Necklace,"1,500,000"
2026-06-27,Wish Enchant Scroll,"776,700"
2026-06-28,Adamant Enchant Scroll,"1,000,000"
2026-06-28,Advance Enchant Scroll,"500,000"
2026-06-28,Advent Enchant Scroll,"19,000,000"
2026-06-28,Adversarial Enchant Scroll,"14,800,000"
2026-06-28,Airtight Exquisite Enchant Rune,"108,888,888"
2026-06-28,Airtight Extraction Rune 1x,"50,000,000"
2026-06-28,Amplified Enchant Scroll,"25,000,000"
2026-06-28,Ancient Elemental Accessory Shard,"6,800"
2026-06-28,Ancient Elemental Armor Shard,"6,400"
2026-06-28,Ancient Elemental Cloth Bundle,"7,730"
2026-06-28,Ancient Elemental Weapon Shard,"6,800"
2026-06-28,Ancient Enchant Scroll,"3,000,000"
2026-06-28,Ancient Erg Crystal,"8,000"
2026-06-28,Ancient Magic Stone,"50,000"
2026-06-28,Ancient Spirit Magic Powder,"44,800"
2026-06-28,Ardor Enchant Scroll,"50,000"
2026-06-28,Ardri's Essence: Chest Armor,"1,663,999"
2026-06-28,Ardri's Essence: Feet Armor,"1,250,420"
2026-06-28,Ardri's Essence: Hand Armor,"1,680,000"
2026-06-28,Ardri's Essence: Head Armor,"1,497,999"
2026-06-28,Ardri's Essence: Leg Armor,"1,349,899"
2026-06-28,Ardri's Essence: Weapon,"1,250,000"
2026-06-28,Artisan's Refined Flask,"166,660"
2026-06-28,Artisan's Sturdy Flask,"6,400"
2026-06-28,Astera's Essence: Chest Armor,"1,250,000"
2026-06-28,Astera's Essence: Feet Armor,"2,900,000"
2026-06-28,Astera's Essence: Head Armor,"800,000"
2026-06-28,Astera's Essence: Leg Armor,"1,250,000"
2026-06-28,Astera's Essence: Weapon,"860,000"
2026-06-28,Barrier Enchant Scroll,"7,500,000"
2026-06-28,Berserker Enchant Scroll,"50,000"
2026-06-28,Blessed Magic Powder,489
2026-06-28,Blue Kitty Brooch,"1,500,000"
2026-06-28,Blue Kitty Necklace,"820,000"
2026-06-28,Bountiful Enchant Scroll,"35,000,000"
2026-06-28,Bracelet Diamond,"2,000"
2026-06-28,Bracelet Emerald,"15,000"
2026-06-28,Bracelet Ruby,"17,000"
2026-06-28,Bracelet Sapphire,"17,000"
2026-06-28,Brave Enchant Scroll,"50,000"
2026-06-28,Bres's Moonlight Essence,"3,000,000"
2026-06-28,Bres's Shadow Essence,"3,500,000"
2026-06-28,Brutal Enchant Scroll,"1,000,000"
2026-06-28,Calm Enchant Scroll,"890,000"
2026-06-28,Cessair's Essence,"7,000,000"
2026-06-28,Chaotic Enchant Scroll,"199,000"
2026-06-28,Charging Enchant Scroll,"300,000"
2026-06-28,Chaser's Enchant Scroll,"2,333,333"
2026-06-28,Clash Enchant Scroll,"2,200,000"
2026-06-28,Cloth,"4,500"
2026-06-28,Complete Bracelet Diamond,"14,000,000"
2026-06-28,Complete Bracelet Emerald,"12,000,000"
2026-06-28,Complete Bracelet Ruby,"14,000,000"
2026-06-28,Complete Bracelet Sapphire,"9,499,999"
2026-06-28,Concentrated Enchant Scroll,"3,500,000"
2026-06-28,Concerted Enchant Scroll,"2,400,000"
2026-06-28,Cool Enchant Scroll,"499,999"
2026-06-28,Copper Bracelet,"25,999"
2026-06-28,Copper Ore,"3,097"
2026-06-28,Cyclical Enchant Scroll,"20,000,000"
2026-06-28,Damascus Steel,"10,000"
2026-06-28,Dash Enchant Scroll,"70,000"
2026-06-28,Decisive Enchant Scroll,"100,000"
2026-06-28,Destructive Enchant Scroll,"777,777"
2026-06-28,Dignified Enchant Scroll,"700,000"
2026-06-28,Dullahan's Essence: Chest Armor,"950,000"
2026-06-28,Dullahan's Essence: Feet Armor,"5,555,555"
2026-06-28,Dullahan's Essence: Grand Targe,"1,333,800"
2026-06-28,Dullahan's Essence: Hand Armor,"1,333,800"
2026-06-28,Dullahan's Essence: Head Armor,"1,500,000"
2026-06-28,Dullahan's Essence: Large Shield,"1,000,000"
2026-06-28,Dullahan's Essence: Leg Armor,"700,000"
2026-06-28,Dullahan's Essence: Shield,"1,000,000"
2026-06-28,Ebony Cloth,"1,000"
2026-06-28,Element Shard,"3,935"
2026-06-28,Element Stone,"9,500"
2026-06-28,Element Stone Catalyst,"10,000"
2026-06-28,Emmett's Essence,"3,800,000"
2026-06-28,Empowered Stone,"1,000"
2026-06-28,Emptiness Erg Crystal,"96,969"
2026-06-28,Enchant Scroll Scrap: Advance,"500,000"
2026-06-28,Enchant Scroll Scrap: Advent,"10,000,000"
2026-06-28,Enchant Scroll Scrap: Adversarial,"14,000,000"
2026-06-28,Enchant Scroll Scrap: Amplified,"12,899,896"
2026-06-28,Enchant Scroll Scrap: Ancient,"7,990,000"
2026-06-28,Enchant Scroll Scrap: Bountiful,"19,999,999"
2026-06-28,Enchant Scroll Scrap: Brutal,"3,900,000"
2026-06-28,Enchant Scroll Scrap: Capture,"500,000"
2026-06-28,Enchant Scroll Scrap: Charge,"1,000,000"
2026-06-28,Enchant Scroll Scrap: Chaser's,"2,000,000"
2026-06-28,Enchant Scroll Scrap: Clash,"12,250,000"
2026-06-28,Enchant Scroll Scrap: Concentrated,"1,000,000"
2026-06-28,Enchant Scroll Scrap: Consume,"2,000,000"
2026-06-28,Enchant Scroll Scrap: Conviction,"2,000,000"
2026-06-28,Enchant Scroll Scrap: Cool,"500,000"
2026-06-28,Enchant Scroll Scrap: Cyclical,"9,000,000"
2026-06-28,Enchant Scroll Scrap: Destructive,"6,999,999"
2026-06-28,Enchant Scroll Scrap: Dignified,"350,000"
2026-06-28,Enchant Scroll Scrap: Enmity,"1,250,000"
2026-06-28,Enchant Scroll Scrap: Escalating,"17,500,000"
2026-06-28,Enchant Scroll Scrap: Eternal,"17,499,999"
2026-06-28,Enchant Scroll Scrap: Executing,"38,749,000"
2026-06-28,Enchant Scroll Scrap: Fading,"1,500,000"
2026-06-28,Enchant Scroll Scrap: Fate,"119,999,990"
2026-06-28,Enchant Scroll Scrap: Fighting Spirit,"16,000,000"
2026-06-28,Enchant Scroll Scrap: Forgotten,"5,920,000"
2026-06-28,Enchant Scroll Scrap: Frenzy,"3,250,000"
2026-06-28,Enchant Scroll Scrap: Fresh,"20,000,000"
2026-06-28,Enchant Scroll Scrap: Hollow,"26,500,000"
2026-06-28,Enchant Scroll Scrap: Impaling,"3,000,000"
2026-06-28,Enchant Scroll Scrap: Indomitable,"5,000,000"
2026-06-28,Enchant Scroll Scrap: Instant,"17,499,999"
2026-06-28,Enchant Scroll Scrap: Irate,"8,999,998"
2026-06-28,Enchant Scroll Scrap: Lament,"4,999,999"
2026-06-28,Enchant Scroll Scrap: Madness,"5,000,000"
2026-06-28,Enchant Scroll Scrap: Mystic,"38,999,999"
2026-06-28,Enchant Scroll Scrap: Praise,"16,999,998"
2026-06-28,Enchant Scroll Scrap: Prophetic,"3,888,888"
2026-06-28,Enchant Scroll Scrap: Revenge,"4,000,000"
2026-06-28,Enchant Scroll Scrap: Shrewd,"6,555,555"
2026-06-28,Enchant Scroll Scrap: Solitude,"7,200,000"
2026-06-28,Enchant Scroll Scrap: Sorrowful,"2,250,000"
2026-06-28,Enchant Scroll Scrap: Soul,"100,000"
2026-06-28,Enchant Scroll Scrap: Stern,"9,000,000"
2026-06-28,Enchant Scroll Scrap: Stylish,"13,880,000"
2026-06-28,Enchant Scroll Scrap: Subdued,"5,555,555"
2026-06-28,Enchant Scroll Scrap: Tempestuous,"8,000,000"
2026-06-28,Enchant Scroll Scrap: Tragic,"39,000,000"
2026-06-28,Enchant Scroll Scrap: Transcendent,"7,500,000"
2026-06-28,Enchant Scroll Scrap: Trial,"14,444,444"
2026-06-28,Enchant Scroll Scrap: Twisted,"10,000,000"
2026-06-28,Enchant Scroll Scrap: Vehement,"848,999"
2026-06-28,Enchant Scroll Scrap: Veiled,"15,000,000"
2026-06-28,Enchant Scroll Scrap: Victorious,"6,999,969"
2026-06-28,Enchant Scroll Scrap: Wave,"24,999,998"
2026-06-28,Enchant Scroll Scrap: Weeping,"5,555,555"
2026-06-28,Enchant Scroll Scrap: Withered,"13,987,996"
2026-06-28,Enhanced New Era Cloth,"50,900"
2026-06-28,Enhanced New Era Leather,"44,086"
2026-06-28,Enhanced New Era Orb,"30,400"
2026-06-28,Enhanced New Era Ore,"48,420"
2026-06-28,Enmity Enchant Scroll,"1,500,000"
2026-06-28,Enok's Essence,"3,499,800"
2026-06-28,Enthusiastic Enchant Scroll,"100,000"
2026-06-28,Eriu Book,"59,500,000"
2026-06-28,Eriu Fragment: Auxiliary Equipment,"12,880,519"
2026-06-28,Eriu Fragment: Chest Armor,"4,955,555"
2026-06-28,Eriu Fragment: Head Armor,"3,600,000"
2026-06-28,Eriu Fragment: Leg Armor,"3,000,000"
2026-06-28,Eriu Fragment: Roots of Abundance,"9,000,000"
2026-06-28,Eriu Fragment: Starlight Belt,"8,499,999"
2026-06-28,Eriu Fragment: Weapon,"3,594,755"
2026-06-28,Escalating Enchant Scroll,"29,000,000"
2026-06-28,Eternal Enchant Scroll,"24,000,000"
2026-06-28,Eternal Legacy,"100,000"
2026-06-28,Eternity Erg Crystal,"7,999"
2026-06-28,Executing Enchant Scroll,"83,000,000"
2026-06-28,Exquisite Cloth,"1,000"
2026-06-28,Exquisite Iron Ore,144
2026-06-28,Fading Enchant Scroll,"500,000"
2026-06-28,Fallen One's Rhod Compass,"85,000,000"
2026-06-28,Fallen One's Rusty Rhod Compass,"20,999,999"
2026-06-28,Fallen One's Shiny Rhod Compass,"151,999,999"
2026-06-28,Fast Enchant Scroll,"333,333"
2026-06-28,Fate Enchant Scroll,"379,000,000"
2026-06-28,Fighting Belt,"78,225"
2026-06-28,Fighting Spirit Enchant Scroll,"17,500,000"
2026-06-28,Fine Bracelet Diamond,"99,999"
2026-06-28,Fine Bracelet Emerald,"225,000"
2026-06-28,Fine Bracelet Ruby,"299,999"
2026-06-28,Fine Bracelet Sapphire,"22,802"
2026-06-28,Fine Cloth,"2,950"
2026-06-28,Fine Fobellow Tin,"9,000"
2026-06-28,Fine Iron Ore,"14,420"
2026-06-28,Fire Spirit Remnant,300
2026-06-28,Flask of Niflheim,"1,222,222"
2026-06-28,Fleet Enchant Scroll,"10,000"
2026-06-28,Force Enchant Scroll,"50,000"
2026-06-28,Forgotten Enchant Scroll,"5,400,000"
2026-06-28,Frenzy Enchant Scroll,"500,000"
2026-06-28,Godly Cloth,"1,000"
2026-06-28,Godly Iron Ore,500
2026-06-28,Goibhniu's Enhancement Stone,"2,333,000"
2026-06-28,Goibhniu's Stone+,"5,515,999"
2026-06-28,Gold Bracelet,"18,000,000"
2026-06-28,Gorbas' Essence,"4,000,000"
2026-06-28,Gray Twilight Brooch,"18,800,000"
2026-06-28,Greater Bronze Lion Statue,"350,000"
2026-06-28,Greater Mysterious Cat Statue,"5,900,000"
2026-06-28,Greater Succubus Fang,"450,000"
2026-06-28,Greater War Goddess Statue,"1,000,000"
2026-06-28,Grinding Enchant Scroll,"100,000"
2026-06-28,Healthy Enchant Scroll,"999,999"
2026-06-28,Heartless Enchant Scroll,"200,000"
2026-06-28,Heavenly Leather,"10,063"
2026-06-28,Hoarfrost Hollow Erg Crystal,"17,490"
2026-06-28,Hollow Enchant Scroll,"42,502,220"
2026-06-28,Ice Spirit Remnant,600
2026-06-28,Impaling Enchant Scroll,"200,000"
2026-06-28,Infinite Enchant Scroll,"1,500"
2026-06-28,Instant Enchant Scroll,"25,000,000"
2026-06-28,Intermediate Element Stone,"455,555"
2026-06-28,Iron Ore,"14,420"
2026-06-28,Jardin Steel,"22,572"
2026-06-28,Jarnir's Essence,"8,999,999"
2026-06-28,Keen Eriu Crystal,"1,000,000"
2026-06-28,Keen Legacy Shard,"229,999"
2026-06-28,Keen Legendary Ore,"1,700,000"
2026-06-28,Keen Succession Ore,"320,000"
2026-06-28,Keen Uaithne Crystal,"2,600,000"
2026-06-28,Kitty Brooch,"499,999"
2026-06-28,Lament Enchant Scroll,"10,000,000"
2026-06-28,Leather Bracelet,"3,000"
2026-06-28,Life Erg Crystal,"5,545"
2026-06-28,Life Spirit Remnant,"22,000"
2026-06-28,Light Erg Crystal,"15,341"
2026-06-28,Lightweight Eriu Crystal,"740,000"
2026-06-28,Lightweight Legendary Chunk,"1,333,800"
2026-06-28,Lightweight Legendary Ore,"280,000"
2026-06-28,Lightweight Succession Ore,"450,000"
2026-06-28,Lightweight Succession Shard,"444,800"
2026-06-28,Lightweight Uaithne Crystal,"3,450,000"
2026-06-28,Lucian's Essence,"5,450,000"
2026-06-28,Madness Enchant Scroll,"10,000,000"
2026-06-28,Magic Elixir,"39,999"
2026-06-28,Magic Elixir of Life,"15,399"
2026-06-28,Magic Powder,"6,886"
2026-06-28,Magic Stone,"2,999"
2026-06-28,Meaningful Enchant Scroll,"2,966,666"
2026-06-28,Meditating Enchant Scroll,"999,999"
2026-06-28,Milletian's Essence: Feet Armor,"2,999,800"
2026-06-28,Morgant's Essence,"400,000"
2026-06-28,Mystic Enchant Scroll,"99,000,000"
2026-06-28,New Era Cloth,"30,945"
2026-06-28,New Era Leather,"32,000"
2026-06-28,New Era Orb,"2,836"
2026-06-28,New Era Ore,"155,555"
2026-06-28,New Era Remnant,40
2026-06-28,New Era Stone,"16,161"
2026-06-28,Obsidian Kitty Necklace,"18,888,888"
2026-06-28,Orb,"7,900"
2026-06-28,Orna's Essence,"490,000"
2026-06-28,Orna's Essence: Chest Armor,"1,800,000"
2026-06-28,Orna's Essence: Feet Armor,"1,899,999"
2026-06-28,Orna's Essence: Hand Armor,"1,900,000"
2026-06-28,Orna's Essence: Head Armor,"1,770,000"
2026-06-28,Orna's Essence: Leg Armor,"1,800,000"
2026-06-28,Orna's Essence: Weapon,"3,199,000"
2026-06-28,Outburst Enchant Scroll,"100,000"
2026-06-28,Paradise Orb,"2,610"
2026-06-28,Paradise Stone,"23,000"
2026-06-28,Passion Enchant Scroll,"4,444,444"
2026-06-28,Peaceful Enchant Scroll,"100,000"
2026-06-28,Perfect Legacy Shard,"302,000"
2026-06-28,Perfect Legendary Chunk,"350,000"
2026-06-28,Perfect Legendary Ore,"1,000,000"
2026-06-28,Perfect Succession Ore,"2,110,000"
2026-06-28,Perfect Uaithne Crystal,"2,768,128"
2026-06-28,Petite Enchant Scroll,"600,000"
2026-06-28,Petrify Enchant Scroll,"740,000"
2026-06-28,Prairie Erg Crystal,"49,999"
2026-06-28,Praise Enchant Scroll,"35,000,000"
2026-06-28,Premium Enhancement Rune+,"69,999,990"
2026-06-28,Prophetic Enchant Scroll,"3,800,000"
2026-06-28,Rage Erg Crystal,"14,104"
2026-06-28,Raging Enchant Scroll,"5,000,000"
2026-06-28,Red Kitty Necklace,"3,000,000"
2026-06-28,Red Moon Brooch,"21,000,000"
2026-06-28,Reflection Enchant Scroll,"39,800,000"
2026-06-28,Regina's Feather: Shield,"1,980,000"
2026-06-28,Resistant Enchant Scroll,"100,000"
2026-06-28,Resolved Enchant Scroll,"500,000"
2026-06-28,Revenge Enchant Scroll,"6,985,000"
2026-06-28,Robust Eriu Crystal,"1,870,000"
2026-06-28,Robust Uaithne Crystal,"700,000"
2026-06-28,Roots of Abundance,"88,888,888"
2026-06-28,Ruins Erg Crystal,"8,480"
2026-06-28,Sacred Erg Crystal,"6,666"
2026-06-28,Sealed Enchant Scroll,"408,888"
2026-06-28,Semias' Essence,"4,000,000"
2026-06-28,Seraphic Feathers Brooch,"12,999,999"
2026-06-28,Shrewd Enchant Scroll,"7,500,000"
2026-06-28,Shrouded Moonlight,"78,225"
2026-06-28,Significant Enchant Scroll,"250,500"
2026-06-28,Silence Erg Crystal,"7,200"
2026-06-28,Silver Bracelet,"399,999"
2026-06-28,Silver Ore,"1,000"
2026-06-28,Smooth Eriu Crystal,"2,499,900"
2026-06-28,Smooth Legacy Shard,"230,000"
2026-06-28,Smooth Legendary Chunk,"444,800"
2026-06-28,Smooth Legendary Ore,"444,800"
2026-06-28,Smooth Succession Ore,"280,000"
2026-06-28,Smooth Succession Shard,"1,250,000"
2026-06-28,Smooth Uaithne Crystal,"920,000"
2026-06-28,Solid Eriu Crystal,"888,888"
2026-06-28,Solid Legacy Shard,"500,000"
2026-06-28,Solid Legendary Chunk,"300,000"
2026-06-28,Solid Legendary Ore,"400,000"
2026-06-28,Solid Legendary Shard,"700,000"
2026-06-28,Solid Succession Ore,"1,079,999"
2026-06-28,Solid Uaithne Crystal,"350,000"
2026-06-28,Solitude Enchant Scroll,"8,000,000"
2026-06-28,Sorrowful Enchant Scroll,"900,000"
2026-06-28,Space Time Enchant Scroll,221
2026-06-28,Special Dungeon: Enchant Pouch,"9,000,000"
2026-06-28,Spinos' Essence,"7,000,000"
2026-06-28,Spirit Magic Powder,"11,999"
2026-06-28,Spirit Remnant,799
2026-06-28,Spirit Water,"1,750"
2026-06-28,Sreng's Essence,"8,000,000"
2026-06-28,Stable Eriu Crystal,"1,300,000"
2026-06-28,Stable Legacy Shard,"279,999"
2026-06-28,Stable Legendary Chunk,"1,999,800"
2026-06-28,Stable Succession Ore,"333,322"
2026-06-28,Stable Uaithne Crystal,"2,156,038"
2026-06-28,Starlight Belt,"89,999,999"
2026-06-28,Stern Enchant Scroll,"9,736,641"
2026-06-28,Stroll Enchant Scroll,"200,000"
2026-06-28,Stylish Enchant Scroll,"16,500,000"
2026-06-28,Subdued Enchant Scroll,"1,000,000"
2026-06-28,Superior Bracelet Diamond,"2,000,000"
2026-06-28,Superior Bracelet Emerald,"1,900,000"
2026-06-28,Superior Bracelet Ruby,"2,200,000"
2026-06-28,Superior Bracelet Sapphire,"2,450,000"
2026-06-28,Superior Cloth,900
2026-06-28,Superior Element Stone,"850,000"
2026-06-28,Superior Enhancement Elixir,"152,000"
2026-06-28,Superior Iron Ore,"30,000"
2026-06-28,Tarian Steel,"2,965,000"
2026-06-28,Tempestuous Enchant Scroll,"8,722,222"
2026-06-28,Terminus Sentinel Essence: Chest Armor,"1,000,000"
2026-06-28,Terminus Sentinel Essence: Shield,"800,000"
2026-06-28,Terra Spirit Remnant,888
2026-06-28,The Book of Uaithne,"40,000,000"
2026-06-28,The Cursed Belt,"90,000,000"
2026-06-28,The Dead Enchant Scroll,"800,000"
2026-06-28,The Sun's Wish,"68,225,000"
2026-06-28,The Watcher's Glowing Mysterious Cat Statue,"90,000,000"
2026-06-28,The Watcher's Glowing Succubus Fang,"97,999,999"
2026-06-28,The Watcher's Mysterious Cat Statue,"22,222,222"
2026-06-28,The Watcher's Rusty Mysterious Cat Statue,"4,000,000"
2026-06-28,The Watcher's Rusty Succubus Fang,"3,800,000"
2026-06-28,The Watcher's Rusty War Goddess Statue,"4,330,000"
2026-06-28,The Watcher's Rusty Werewolf Paw,"8,993,000"
2026-06-28,The Watcher's Glowing War Goddess Statue,"93,000,000"
2026-06-28,The Watcher's Glowing Werewolf Paw,"129,999,999"
2026-06-28,The Watcher's Succubus Fang,"30,000,000"
2026-06-28,The Watcher's War Goddess Statue,"28,888,888"
2026-06-28,The Watcher's Werewolf Paw,"42,000,000"
2026-06-28,Tragic Enchant Scroll,"43,998,000"
2026-06-28,Transcendent Enchant Scroll,"14,500,000"
2026-06-28,Trial Enchant Scroll,"24,000,000"
2026-06-28,Tricky Enchant Scroll,"50,000"
2026-06-28,Truth Enchant Scroll,"300,000"
2026-06-28,Twilight Erg Crystal,"6,700"
2026-06-28,Twisted Enchant Scroll,"9,798,000"
2026-06-28,Uaithne Fragment: Auxiliary Equipment,"2,500,000"
2026-06-28,Uaithne Fragment: Chest Armor,"5,400,000"
2026-06-28,Uaithne Fragment: Feet Armor,"2,650,000"
2026-06-28,Uaithne Fragment: Hand Armor,"3,780,000"
2026-06-28,Uaithne Fragment: Head Armor,"2,819,867"
2026-06-28,Uaithne Fragment: Leg Armor,"2,670,000"
2026-06-28,Uaithne Fragment: The Cursed Belt,"7,400,000"
2026-06-28,Uaithne Fragment: The Sun's Wish,"6,000,000"
2026-06-28,Uaithne Fragment: Token of Quiet,"8,750,000"
2026-06-28,Uaithne Fragment: Token of Silence,"7,000,000"
2026-06-28,Uaithne Fragment: Weapon,"2,730,000"
2026-06-28,Uaithne Remnant,"1,000"
2026-06-28,Unrelenting Uaithne Crystal,"715,000"
2026-06-28,Unstable Enhancement Rune,"9,500,000"
2026-06-28,Uscias' Essence,"2,250,000"
2026-06-28,Usurper's Rhod Compass,"8,999,999"
2026-06-28,Usurper's Rusty Rhod Compass,"2,800,000"
2026-06-28,Usurper's Shiny Rhod Compass,"14,200,000"
2026-06-28,Valor Enchant Scroll,"100,000"
2026-06-28,Vehement Enchant Scroll,"700,000"
2026-06-28,Veiled Enchant Scroll,"18,788,379"
2026-06-28,Victorious Enchant Scroll,"9,500,000"
2026-06-28,Warlord's Enchant Scroll,"5,000"
2026-06-28,Water Erg Crystal,"96,969"
2026-06-28,Wave Enchant Scroll,"55,000,000"
2026-06-28,Weeping Enchant Scroll,"499,999"
2026-06-28,Well-Balanced Enchant Scroll,"25,000"
2026-06-28,White Kitty Brooch,"2,000,000"
2026-06-28,White Kitty Necklace,"1,288,888"
2026-06-28,Wish Enchant Scroll,"1,800,000"
2026-06-28,Withered Enchant Scroll,"38,888,888"
2026-06-29,Abomination's Essence: Grand Targe,"500,000"
2026-06-29,Abomination's Essence: Large Shield,"500,000"
2026-06-29,Abomination's Essence: Leg Armor,"650,000"
2026-06-29,Abomination's Essence: Shield,"1,500,000"
2026-06-29,Abyssal Shard Grade 1,"104,105"
2026-06-29,Abyssal Shard Grade 2,"630,000"
2026-06-29,Abyssal Shard Grade 3,"1,334,727"
2026-06-29,Adamant Enchant Scroll,"1,000,000"
2026-06-29,Advance Enchant Scroll,"957,614"
2026-06-29,Advent Enchant Scroll,"19,000,000"
2026-06-29,Airtight Exquisite Enchant Rune,"109,000,000"
2026-06-29,Amplified Enchant Scroll,"28,000,000"
2026-06-29,Ancient Enchant Scroll,"3,000,000"
2026-06-29,Ancient Erg Crystal,"8,000"
2026-06-29,Ancient Magic Stone,"50,000"
2026-06-29,Ancient Spirit Magic Powder,"45,800"
2026-06-29,Ardor Enchant Scroll,"20,000"
2026-06-29,Ardri's Essence: Chest Armor,"1,600,000"
2026-06-29,Ardri's Essence: Feet Armor,"1,250,420"
2026-06-29,Ardri's Essence: Hand Armor,"1,680,000"
2026-06-29,Ardri's Essence: Head Armor,"1,399,999"
2026-06-29,Ardri's Essence: Leg Armor,"1,238,999"
2026-06-29,Ardri's Essence: Weapon,"119,832"
2026-06-29,Artisan's Refined Flask,"100,000"
2026-06-29,Artisan's Sturdy Flask,"6,399"
2026-06-29,Astera's Essence: Chest Armor,"250,000"
2026-06-29,Astera's Essence: Feet Armor,"2,900,000"
2026-06-29,Astera's Essence: Head Armor,"800,000"
2026-06-29,Astera's Essence: Leg Armor,"1,250,000"
2026-06-29,Astera's Essence: Weapon,"860,000"
2026-06-29,Barrier Enchant Scroll,"7,500,000"
2026-06-29,Berserker Enchant Scroll,"50,000"
2026-06-29,Blessed Magic Elixir,"32,033"
2026-06-29,Blessed Magic Powder,489
2026-06-29,Blue Kitty Brooch,"1,500,000"
2026-06-29,Blue Kitty Necklace,"810,000"
2026-06-29,Bountiful Enchant Scroll,"35,000,000"
2026-06-29,Bracelet Diamond,"1,450"
2026-06-29,Bracelet Emerald,"4,240"
2026-06-29,Bracelet Ruby,"9,600"
2026-06-29,Bracelet Sapphire,"9,600"
2026-06-29,Braha's Essence: Large Shield,"1,500,000"
2026-06-29,Bres's Moonlight Essence,"8,000,000"
2026-06-29,Bres's Shadow Essence,"3,300,000"
2026-06-29,Brilliant Kitty Necklace,"28,888,888"
2026-06-29,Brutal Enchant Scroll,"1,200,500"
2026-06-29,Capture Enchant Scroll,500
2026-06-29,Cessair's Essence,"6,000,000"
2026-06-29,Chaotic Enchant Scroll,"199,000"
2026-06-29,Charging Enchant Scroll,"2,000,000"
2026-06-29,Chaser's Enchant Scroll,"2,500,000"
2026-06-29,Clash Enchant Scroll,"4,000,000"
2026-06-29,Cloth,"4,500"
2026-06-29,Complete Bracelet Diamond,"8,500,000"
2026-06-29,Complete Bracelet Emerald,"18,100,000"
2026-06-29,Complete Bracelet Ruby,"15,000,000"
2026-06-29,Complete Bracelet Sapphire,"9,500,000"
2026-06-29,Concentrated Enchant Scroll,"3,000,000"
2026-06-29,Concerted Enchant Scroll,"1,900,000"
2026-06-29,Conviction Enchant Scroll,"1,555,500"
2026-06-29,Cool Enchant Scroll,"1,500,000"
2026-06-29,Copper Bracelet,"25,999"
2026-06-29,Copper Ore,"2,500"
2026-06-29,Cyclical Enchant Scroll,"20,000,000"
2026-06-29,Damascus Steel,"10,000"
2026-06-29,Dash Enchant Scroll,"70,000"
2026-06-29,Decisive Enchant Scroll,"100,000"
2026-06-29,Deific Devotion A Prophecy That Cannot Be Followed,"3,333,333"
2026-06-29,Deific Devotion Cavern of Enmity,"2,799,999"
2026-06-29,Deific Devotion Dialectic of Death,"2,800,000"
2026-06-29,Deific Devotion False Confession,"4,500,000"
2026-06-29,Deific Devotion Forest of Abundance,"3,399,999"
2026-06-29,Deific Devotion Forgotten Altar,"3,799,999"
2026-06-29,Deific Devotion Glutton's Banquet,"4,250,000"
2026-06-29,Deific Devotion Grave of Swords,"2,999,999"
2026-06-29,Deific Devotion Great Ministry,"3,000,000"
2026-06-29,Deific Devotion Royal Castle Topaz Hall,"1,000,000"
2026-06-29,Deific Devotion Sidhe Palace,"4,699,999"
2026-06-29,Deific Devotion The One Who Protects the Altar,"4,000,000"
2026-06-29,Deific Devotion The Sanctuary of Reconstruction,"1,999,999"
2026-06-29,Deific Devotion Unjust Cathedral,"4,790,000"
2026-06-29,Deific Devotion Where Earth Meets Sky,"3,800,000"
2026-06-29,Destructive Enchant Scroll,"777,777"
2026-06-29,Dignified Enchant Scroll,"1,500,000"
2026-06-29,Dullahan's Essence: Chest Armor,"950,000"
2026-06-29,Dullahan's Essence: Feet Armor,"5,555,555"
2026-06-29,Dullahan's Essence: Grand Targe,"1,333,800"
2026-06-29,Dullahan's Essence: Hand Armor,"1,333,800"
2026-06-29,Dullahan's Essence: Head Armor,"1,500,000"
2026-06-29,Dullahan's Essence: Large Shield,"1,000,000"
2026-06-29,Dullahan's Essence: Leg Armor,"700,000"
2026-06-29,Dullahan's Essence: Shield,"1,000,000"
2026-06-29,Dullahan's Essence: Weapon,"2,500,000"
2026-06-29,Ebony Cloth,"1,000"
2026-06-29,Element Shard,"3,935"
2026-06-29,Element Stone,"9,000"
2026-06-29,Element Stone Catalyst,"16,938"
2026-06-29,Emmett's Essence,"3,800,000"
2026-06-29,Empowered Stone,800
2026-06-29,Emptiness Erg Crystal,"6,710"
2026-06-29,Enchant Scroll Scrap: Advance,"1,750,000"
2026-06-29,Enchant Scroll Scrap: Advent,"12,048,080"
2026-06-29,Enchant Scroll Scrap: Adversarial,"13,000,000"
2026-06-29,Enchant Scroll Scrap: Ancient,"7,990,000"
2026-06-29,Enchant Scroll Scrap: Bountiful,"20,000,000"
2026-06-29,Enchant Scroll Scrap: Brutal,"3,900,000"
2026-06-29,Enchant Scroll Scrap: Capture,"500,000"
2026-06-29,Enchant Scroll Scrap: Charge,"2,400,000"
2026-06-29,Enchant Scroll Scrap: Chaser's,"1,900,000"
2026-06-29,Enchant Scroll Scrap: Clash,"5,000,000"
2026-06-29,Enchant Scroll Scrap: Concentrated,"1,000,000"
2026-06-29,Enchant Scroll Scrap: Consume,"2,000,000"
2026-06-29,Enchant Scroll Scrap: Conviction,"2,000,000"
2026-06-29,Enchant Scroll Scrap: Cool,"1,447,500"
2026-06-29,Enchant Scroll Scrap: Cyclical,"9,000,000"
2026-06-29,Enchant Scroll Scrap: Destructive,"4,999,999"
2026-06-29,Enchant Scroll Scrap: Dignified,"1,000,000"
2026-06-29,Enchant Scroll Scrap: Enmity,"1,250,000"
2026-06-29,Enchant Scroll Scrap: Escalating,"17,500,000"
2026-06-29,Enchant Scroll Scrap: Eternal,"17,000,000"
2026-06-29,Enchant Scroll Scrap: Executing,"29,499,999"
2026-06-29,Enchant Scroll Scrap: Fate,"125,000,000"
2026-06-29,Enchant Scroll Scrap: Fighting Spirit,"16,000,000"
2026-06-29,Enchant Scroll Scrap: Forgotten,"5,920,000"
2026-06-29,Enchant Scroll Scrap: Frenzy,"3,250,000"
2026-06-29,Enchant Scroll Scrap: Fresh,"20,000,000"
2026-06-29,Enchant Scroll Scrap: Hollow,"26,500,000"
2026-06-29,Enchant Scroll Scrap: Impaling,"3,000,000"
2026-06-29,Enchant Scroll Scrap: Indomitable,"5,000,000"
2026-06-29,Enchant Scroll Scrap: Instant,"17,000,000"
2026-06-29,Enchant Scroll Scrap: Irate,"8,999,998"
2026-06-29,Enchant Scroll Scrap: Lament,"4,999,999"
2026-06-29,Enchant Scroll Scrap: Madness,"5,000,000"
2026-06-29,Enchant Scroll Scrap: Mystic,"39,999,000"
2026-06-29,Enchant Scroll Scrap: Praise,"16,999,998"
2026-06-29,Enchant Scroll Scrap: Prophetic,"3,780,000"
2026-06-29,Enchant Scroll Scrap: Reflection,"24,000,000"
2026-06-29,Enchant Scroll Scrap: Revenge,"4,000,000"
2026-06-29,Enchant Scroll Scrap: Shrewd,"6,555,555"
2026-06-29,Enchant Scroll Scrap: Solitude,"7,100,000"
2026-06-29,Enchant Scroll Scrap: Sorrowful,"2,250,000"
2026-06-29,Enchant Scroll Scrap: Soul,"100,000"
2026-06-29,Enchant Scroll Scrap: Stern,"12,000,000"
2026-06-29,Enchant Scroll Scrap: Stylish,"13,500,000"
2026-06-29,Enchant Scroll Scrap: Subdued,"5,555,555"
2026-06-29,Enchant Scroll Scrap: Tempestuous,"8,000,000"
2026-06-29,Enchant Scroll Scrap: Tragic,"38,000,000"
2026-06-29,Enchant Scroll Scrap: Transcendent,"12,500,000"
2026-06-29,Enchant Scroll Scrap: Trial,"14,000,000"
2026-06-29,Enchant Scroll Scrap: Twisted,"10,000,000"
2026-06-29,Enchant Scroll Scrap: Vehement,"800,000"
2026-06-29,Enchant Scroll Scrap: Veiled,"17,000,000"
2026-06-29,Enchant Scroll Scrap: Victorious,"6,999,969"
2026-06-29,Enchant Scroll Scrap: Wave,"24,999,998"
2026-06-29,Enchant Scroll Scrap: Withered,"12,000,000"
2026-06-29,Enhanced New Era Cloth,"49,500"
2026-06-29,Enhanced New Era Leather,"46,500"
2026-06-29,Enhanced New Era Orb,"28,371"
2026-06-29,Enhanced New Era Ore,"47,999"
2026-06-29,Enhancement Elixir,"1,375"
2026-06-29,Enmity Enchant Scroll,"999,999"
2026-06-29,Enok's Essence,"3,499,800"
2026-06-29,Enthusiastic Enchant Scroll,"100,000"
2026-06-29,Eriu Advancement Stone: Head Armor,"66,666,666"
2026-06-29,Eriu Advancement Stone: Leg Armor,"66,666,666"
2026-06-29,Eriu Advancement Stone: Weapon,"99,999,999"
2026-06-29,Eriu Book,"59,500,000"
2026-06-29,Eriu Fragment: Auxiliary Equipment,"9,000,000"
2026-06-29,Eriu Fragment: Chest Armor,"3,500,000"
2026-06-29,Eriu Fragment: Head Armor,"3,390,000"
2026-06-29,Eriu Fragment: Leg Armor,"2,694,597"
2026-06-29,Eriu Fragment: Roots of Abundance,"8,000,000"
2026-06-29,Eriu Fragment: Starlight Belt,"8,500,000"
2026-06-29,Eriu Fragment: Weapon,"3,300,000"
2026-06-29,Escalating Enchant Scroll,"26,000,000"
2026-06-29,Eternal Enchant Scroll,"23,605,266"
2026-06-29,Eternal Legacy,"100,000"
2026-06-29,Eternity Erg Crystal,"7,999"
2026-06-29,Executing Enchant Scroll,"82,777,777"
2026-06-29,Exquisite Cloth,600
2026-06-29,Exquisite HP Potion,"15,498"
2026-06-29,Exquisite Iron Ore,144
2026-06-29,Fading Enchant Scroll,"500,000"
2026-06-29,Fallen One's Rhod Compass,"85,000,000"
2026-06-29,Fallen One's Rusty Rhod Compass,"23,000,000"
2026-06-29,Fallen One's Shiny Rhod Compass,"151,999,999"
2026-06-29,Fast Enchant Scroll,"150,000"
2026-06-29,Fate Enchant Scroll,"393,000,000"
2026-06-29,Fighting Belt,"118,225"
2026-06-29,Fighting Spirit Enchant Scroll,"17,500,000"
2026-06-29,Fine Bracelet Diamond,"180,000"
2026-06-29,Fine Bracelet Emerald,"299,999"
2026-06-29,Fine Bracelet Ruby,"299,999"
2026-06-29,Fine Bracelet Sapphire,"22,802"
2026-06-29,Fine Cloth,"2,000"
2026-06-29,Fine Fobellow Tin,"9,000"
2026-06-29,Fine HP Potion,"1,100"
2026-06-29,Fine Iron Ore,"7,420"
2026-06-29,Fire Spirit Remnant,"2,990"
2026-06-29,Flask of Niflheim,"100,000"
2026-06-29,Fleet Enchant Scroll,"10,000"
2026-06-29,Force Enchant Scroll,"5,000"
2026-06-29,Forgotten Enchant Scroll,"3,090,990"
2026-06-29,Frenzy Enchant Scroll,"500,000"
2026-06-29,Godly Cloth,"1,000"
2026-06-29,Godly Iron Ore,500
2026-06-29,Goibhniu's Enhancement Stone,"2,250,000"
2026-06-29,Goibhniu's Stone+,"5,001"
2026-06-29,Gold Bracelet,"19,000,000"
2026-06-29,Gray Twilight Brooch,"18,500,000"
2026-06-29,Greater Bronze Lion Statue,"350,000"
2026-06-29,Greater Mysterious Cat Statue,"790,000"
2026-06-29,Greater Succubus Fang,"980,000"
2026-06-29,Greater War Goddess Statue,"1,000,000"
2026-06-29,Grinding Enchant Scroll,"5,000"
2026-06-29,Healthy Enchant Scroll,"999,999"
2026-06-29,Heartless Enchant Scroll,"300,000"
2026-06-29,Heavenly Leather,"17,999"
2026-06-29,Hoarfrost Hollow Erg Crystal,"17,390"
2026-06-29,Hollow Enchant Scroll,"40,000,000"
2026-06-29,Ice Spirit Remnant,770
2026-06-29,Impaling Enchant Scroll,"200,000"
2026-06-29,Infinite Enchant Scroll,500
2026-06-29,Inherited Power: Fragments,"8,100"
2026-06-29,Instant Enchant Scroll,"25,500,000"
2026-06-29,Intermediate Element Stone,"492,038"
2026-06-29,Irate Enchant Scroll,"9,219,999"
2026-06-29,Iron Ore,"12,420"
2026-06-29,Jardin Steel,"20,000"
2026-06-29,Jarnir's Essence,"6,000,000"
2026-06-29,Keen Eriu Crystal,"985,000"
2026-06-29,Keen Legacy Shard,"229,987"
2026-06-29,Keen Legendary Ore,"1,700,000"
2026-06-29,Keen Succession Ore,"457,285"
2026-06-29,Keen Uaithne Crystal,"2,800,000"
2026-06-29,Kitty Brooch,"499,999"
2026-06-29,Lambent Powder,"1,099"
2026-06-29,Lament Enchant Scroll,"8,600,000"
2026-06-29,Leather Bracelet,"3,000"
2026-06-29,Life Erg Crystal,"5,143"
2026-06-29,Life Spirit Remnant,"96,969"
2026-06-29,Light Erg Crystal,"15,340"
2026-06-29,Lightweight Eriu Crystal,"574,067"
2026-06-29,Lightweight Legendary Chunk,"1,333,800"
2026-06-29,Lightweight Legendary Ore,"280,000"
2026-06-29,Lightweight Succession Ore,"430,000"
2026-06-29,Lightweight Uaithne Crystal,"2,800,000"
2026-06-29,Lucian's Essence,"5,000,000"
2026-06-29,Madness Enchant Scroll,"8,500,000"
2026-06-29,Magic Elixir,"75,540"
2026-06-29,Magic Elixir of Life,"15,400"
2026-06-29,Magic Powder,"6,700"
2026-06-29,Magic Stone,"2,900"
2026-06-29,Mana Reformer,"5,000"
2026-06-29,Meaningful Enchant Scroll,"2,955,555"
2026-06-29,Meditating Enchant Scroll,"299,999"
2026-06-29,Milletian's Essence: Feet Armor,"2,999,800"
2026-06-29,Milo's Essence,"2,000,000"
2026-06-29,Morgant's Essence,"5,448,580"
2026-06-29,Mysterious Shard Grade 1,"69,696"
2026-06-29,Mysterious Shard Grade 2,"220,000"
2026-06-29,Mysterious Shard Grade 3,"1,200,000"
2026-06-29,Mystic Enchant Scroll,"90,000,000"
2026-06-29,New Era Cloth,"27,251"
2026-06-29,New Era Leather,"27,742"
2026-06-29,New Era Orb,"3,078"
2026-06-29,New Era Ore,"9,810"
2026-06-29,New Era Remnant,39
2026-06-29,New Era Stone,"15,554"
2026-06-29,Obsidian Kitty Necklace,"159,696,969"
2026-06-29,Orb,"7,974"
2026-06-29,Orna's Essence,"1,200,000"
2026-06-29,Orna's Essence: Chest Armor,"1,444,444"
2026-06-29,Orna's Essence: Feet Armor,"1,800,000"
2026-06-29,Orna's Essence: Hand Armor,"1,890,000"
2026-06-29,Orna's Essence: Head Armor,"1,780,000"
2026-06-29,Orna's Essence: Leg Armor,"1,750,000"
2026-06-29,Orna's Essence: Weapon,"3,099,000"
2026-06-29,Outburst Enchant Scroll,"23,000"
2026-06-29,Paradise Orb,"2,544"
2026-06-29,Paradise Stone,"20,000"
2026-06-29,Passion Enchant Scroll,"2,000,000"
2026-06-29,Peaceful Enchant Scroll,"100,000"
2026-06-29,Perfect Legacy Shard,"302,000"
2026-06-29,Perfect Legendary Chunk,"350,000"
2026-06-29,Perfect Legendary Ore,"1,000,000"
2026-06-29,Perfect Succession Ore,"2,083,915"
2026-06-29,Perfect Uaithne Crystal,"3,400,000"
2026-06-29,Petite Enchant Scroll,"600,000"
2026-06-29,Petrify Enchant Scroll,"500,000"
2026-06-29,Prairie Erg Crystal,"49,800"
2026-06-29,Praise Enchant Scroll,"37,500,000"
2026-06-29,Premium Enhancement Rune+,"69,999,990"
2026-06-29,Prophetic Enchant Scroll,"3,800,000"
2026-06-29,Rage Erg Crystal,"14,100"
2026-06-29,Red Kitty Necklace,"3,000,000"
2026-06-29,Red Moon Brooch,"21,000,000"
2026-06-29,Reflection Enchant Scroll,"35,000,000"
2026-06-29,Regina's Feather: Large Shield,"1,500,000"
2026-06-29,Regina's Feather: Shield,"1,980,000"
2026-06-29,Resilient Enchant Scroll,"15,000"
2026-06-29,Resistant Enchant Scroll,"100,000"
2026-06-29,Resolved Enchant Scroll,"500,000"
2026-06-29,Revenge Enchant Scroll,"6,800,000"
2026-06-29,Robust Eriu Crystal,"1,800,000"
2026-06-29,Robust Uaithne Crystal,"697,900"
2026-06-29,Roots of Abundance,"99,500,000"
2026-06-29,Ruins Erg Crystal,"8,480"
2026-06-29,Sacred Erg Crystal,"6,666"
2026-06-29,Sealed Enchant Scroll,"450,000"
2026-06-29,Sealed Power: Fragments,"42,800"
2026-06-29,Semias' Essence,"4,400,000"
2026-06-29,Seraphic Feathers Brooch,"12,999,999"
2026-06-29,Shrewd Enchant Scroll,"6,999,999"
2026-06-29,Shrouded Moonlight,"78,225"
2026-06-29,Significant Enchant Scroll,"499,999"
2026-06-29,Silence Erg Crystal,"7,200"
2026-06-29,Silver Bracelet,"299,999"
2026-06-29,Smooth Eriu Crystal,"2,200,000"
2026-06-29,Smooth Legacy Shard,"220,000"
2026-06-29,Smooth Legendary Chunk,"500,000"
2026-06-29,Smooth Legendary Ore,"18,000,000"
2026-06-29,Smooth Succession Ore,"292,099"
2026-06-29,Smooth Succession Shard,"1,250,000"
2026-06-29,Smooth Uaithne Crystal,"443,000"
2026-06-29,Solid Eriu Crystal,"888,888"
2026-06-29,Solid Legacy Shard,"500,000"
2026-06-29,Solid Legendary Chunk,"300,000"
2026-06-29,Solid Legendary Ore,"400,000"
2026-06-29,Solid Legendary Shard,"700,000"
2026-06-29,Solid Succession Ore,"185,584"
2026-06-29,Solid Uaithne Crystal,"124,000"
2026-06-29,Solitude Enchant Scroll,"8,000,000"
2026-06-29,Sorrowful Enchant Scroll,"899,999"
2026-06-29,Soul Enchant Scroll,500
2026-06-29,Space Time Enchant Scroll,"221,969"
2026-06-29,Special Dungeon: Enchant Pouch,"8,900,000"
2026-06-29,Spinos' Essence,"6,800,000"
2026-06-29,Spirit Magic Powder,"13,819"
2026-06-29,Spirit Remnant,799
2026-06-29,Spirit Water,"1,749"
2026-06-29,Stable Eriu Crystal,"1,239,999"
2026-06-29,Stable Legacy Shard,"279,999"
2026-06-29,Stable Legendary Chunk,"1,999,800"
2026-06-29,Stable Succession Ore,"342,408"
2026-06-29,Stable Succession Shard,"100,000"
2026-06-29,Stable Uaithne Crystal,"3,500,000"
2026-06-29,Starlight Belt,"89,999,999"
2026-06-29,Stern Enchant Scroll,"8,800,000"
2026-06-29,Stroll Enchant Scroll,"150,000"
2026-06-29,Stylish Enchant Scroll,"15,444,444"
2026-06-29,Subdued Enchant Scroll,"1,000,000"
2026-06-29,Superior Bracelet Diamond,"2,800,000"
2026-06-29,Superior Bracelet Emerald,"3,300,000"
2026-06-29,Superior Bracelet Ruby,"2,890,000"
2026-06-29,Superior Bracelet Sapphire,"3,000,000"
2026-06-29,Superior Cloth,900
2026-06-29,Superior Enhancement Elixir,"157,750"
2026-06-29,Superior HP Potion,"9,000"
2026-06-29,Superior Iron Ore,"25,000"
2026-06-29,Tarian Steel,"2,900,000"
2026-06-29,Tempestuous Enchant Scroll,"8,000,000"
2026-06-29,Terminus Sentinel Essence: Grand Targe,"1,500,000"
2026-06-29,Terminus Sentinel Essence: Large Shield,"1,500,000"
2026-06-29,Terminus Sentinel Essence: Shield,"800,000"
2026-06-29,Terra Spirit Remnant,900
2026-06-29,The Book of Orna,"25,000,000"
2026-06-29,The Cursed Belt,"90,000,000"
2026-06-29,The Sun's Wish,"68,225,000"
2026-06-29,The Watcher's Glowing Mysterious Cat Statue,"90,000,000"
2026-06-29,The Watcher's Glowing Succubus Fang,"97,500,000"
2026-06-29,The Watcher's Mysterious Cat Statue,"22,222,222"
2026-06-29,The Watcher's Rusty Mysterious Cat Statue,"3,333,333"
2026-06-29,The Watcher's Rusty Succubus Fang,"3,499,999"
2026-06-29,The Watcher's Rusty War Goddess Statue,"3,250,000"
2026-06-29,The Watcher's Rusty Werewolf Paw,"8,993,000"
2026-06-29,The Watcher's Glowing War Goddess Statue,"92,500,000"
2026-06-29,The Watcher's Glowing Werewolf Paw,"143,000,000"
2026-06-29,The Watcher's Succubus Fang,"30,000,000"
2026-06-29,The Watcher's War Goddess Statue,"28,000,000"
2026-06-29,The Watcher's Werewolf Paw,"42,000,000"
2026-06-29,Tragic Enchant Scroll,"39,999,999"
2026-06-29,Transcendent Enchant Scroll,"15,000,000"
2026-06-29,Trial Enchant Scroll,"23,391,666"
2026-06-29,Tricky Enchant Scroll,"50,000"
2026-06-29,Truth Enchant Scroll,"300,000"
2026-06-29,Twilight Erg Crystal,"6,700"
2026-06-29,Twisted Enchant Scroll,"9,798,000"
2026-06-29,Uaithne Advancement Stone: Chest Armor,"55,555,555"
2026-06-29,Uaithne Advancement Stone: Feet Armor,"55,555,555"
2026-06-29,Uaithne Advancement Stone: Hand Armor,"55,555,555"
2026-06-29,Uaithne Advancement Stone: Head Armor,"55,555,555"
2026-06-29,Uaithne Advancement Stone: Leg Armor,"55,555,555"
2026-06-29,Uaithne Advancement Stone: Weapon,"88,888,888"
2026-06-29,Uaithne Crystal,"18,499,999"
2026-06-29,Uaithne Fragment: Auxiliary Equipment,"2,400,000"
2026-06-29,Uaithne Fragment: Chest Armor,"3,100,000"
2026-06-29,Uaithne Fragment: Feet Armor,"2,842,061"
2026-06-29,Uaithne Fragment: Hand Armor,"3,400,000"
2026-06-29,Uaithne Fragment: Head Armor,"2,600,000"
2026-06-29,Uaithne Fragment: Leg Armor,"2,360,000"
2026-06-29,Uaithne Fragment: The Cursed Belt,"7,333,333"
2026-06-29,Uaithne Fragment: The Sun's Wish,"6,000,000"
2026-06-29,Uaithne Fragment: Token of Quiet,"7,900,000"
2026-06-29,Uaithne Fragment: Token of Silence,"7,000,000"
2026-06-29,Uaithne Fragment: Weapon,"3,900,000"
2026-06-29,Uaithne Remnant,998
2026-06-29,Unknowable Power: Fragments,"140,000"
2026-06-29,Unrelenting Uaithne Crystal,"800,000"
2026-06-29,Unstable Enhancement Rune,"8,800,000"
2026-06-29,Uscias' Essence,"2,277,777"
2026-06-29,Usurper's Rhod Compass,"8,800,000"
2026-06-29,Usurper's Rusty Rhod Compass,"2,800,000"
2026-06-29,Usurper's Shiny Rhod Compass,"14,200,000"
2026-06-29,Valor Enchant Scroll,"150,000"
2026-06-29,Vehement Enchant Scroll,"700,000"
2026-06-29,Veiled Enchant Scroll,"18,788,300"
2026-06-29,Victorious Enchant Scroll,"9,400,000"
2026-06-29,Warlord's Enchant Scroll,"5,000"
2026-06-29,Water Erg Crystal,"50,000"
2026-06-29,Wave Enchant Scroll,"55,000,000"
2026-06-29,Weeping Enchant Scroll,"467,676"
2026-06-29,Well-Balanced Enchant Scroll,"25,000"
2026-06-29,White Kitty Brooch,"2,000,000"
2026-06-29,White Kitty Necklace,"1,400,000"
2026-06-29,Wish Enchant Scroll,"1,800,000"
2026-06-29,Withered Enchant Scroll,"36,767,676"
2026-06-29,Advance Enchant Scroll,"500,000"
2026-06-29,Adversarial Enchant Scroll,"19,600,000"
2026-06-29,Airtight Exquisite Enchant Rune,"107,989,999"
2026-06-29,Ancient Enchant Scroll,"6,500,000"
2026-06-29,Ancient Spirit Magic Powder,"45,450"
2026-06-29,Ardor Enchant Scroll,"50,000"
2026-06-29,Ardri's Essence,"2,000,000"
2026-06-29,Ardri's Essence: Chest Armor,"1,599,999"
2026-06-29,Ardri's Essence: Feet Armor,"1,400,000"
2026-06-29,Ardri's Essence: Leg Armor,"1,400,000"
2026-06-29,Ardri's Essence: Weapon,"1,250,000"
2026-06-29,Artisan's Refined Flask,"99,000"
2026-06-29,Astera's Essence: Chest Armor,"1,250,000"
2026-06-29,Astera's Essence: Feet Armor,"2,800,000"
2026-06-29,Astera's Essence: Leg Armor,"2,999,800"
2026-06-29,Astera's Essence: Weapon,"777,800"
2026-06-29,Barrier Enchant Scroll,"888,888"
2026-06-29,Berserker Enchant Scroll,"19,999"
2026-06-29,Blessed Magic Elixir,"32,222"
2026-06-29,Blue Kitty Brooch,"100,000"
2026-06-29,Blue Kitty Necklace,"777,777"
2026-06-29,Bountiful Enchant Scroll,"34,999,999"
2026-06-29,Bres's Shadow Essence,"3,400,000"
2026-06-29,Brilliant Kitty Necklace,"23,000,000"
2026-06-29,Brutal Enchant Scroll,"900,000"
2026-06-29,Calm Enchant Scroll,"500,000"
2026-06-29,Chaser's Enchant Scroll,"500,000"
2026-06-29,Clash Enchant Scroll,"2,000,000"
2026-06-29,Cloth,"2,500"
2026-06-29,Concentrated Enchant Scroll,"2,999,990"
2026-06-29,Concerted Enchant Scroll,"1,898,989"
2026-06-29,Consume Enchant Scroll,"4,000,000"
2026-06-29,Conviction Enchant Scroll,"1,500"
2026-06-29,Cool Enchant Scroll,"1,499,999"
2026-06-29,Copper Ore,475
2026-06-29,Cyclical Enchant Scroll,"19,500,000"
2026-06-29,Damascus Steel,"2,500"
2026-06-29,Dash Enchant Scroll,"50,000"
2026-06-29,Dignified Enchant Scroll,"555,555"
2026-06-29,Dullahan's Essence: Chest Armor,"490,000"
2026-06-29,Dullahan's Essence: Feet Armor,"555,800"
2026-06-29,Dullahan's Essence: Grand Targe,"555,800"
2026-06-29,Dullahan's Essence: Hand Armor,"555,800"
2026-06-29,Dullahan's Essence: Head Armor,"500,000"
2026-06-29,Dullahan's Essence: Large Shield,"555,800"
2026-06-29,Dullahan's Essence: Leg Armor,"300,000"
2026-06-29,Dullahan's Essence: Shield,"888,800"
2026-06-29,Element Shard,"3,899"
2026-06-29,Element Stone,"9,499"
2026-06-29,Element Stone Catalyst,"16,821"
2026-06-29,Emmett's Essence,"3,700,000"
2026-06-29,Enchant Scroll Scrap: Advance,"599,999"
2026-06-29,Enchant Scroll Scrap: Advent,"14,400,000"
2026-06-29,Enchant Scroll Scrap: Adversarial,"12,000,000"
2026-06-29,Enchant Scroll Scrap: Ancient,"5,500,000"
2026-06-29,Enchant Scroll Scrap: Bountiful,"18,989,999"
2026-06-29,Enchant Scroll Scrap: Charge,"2,399,999"
2026-06-29,Enchant Scroll Scrap: Chaser's,"1,975,000"
2026-06-29,Enchant Scroll Scrap: Clash,"4,800,000"
2026-06-29,Enchant Scroll Scrap: Concentrated,"3,500,000"
2026-06-29,Enchant Scroll Scrap: Consume,"1,999,999"
2026-06-29,Enchant Scroll Scrap: Conviction,"5,555,555"
2026-06-29,Enchant Scroll Scrap: Cool,"2,000,000"
2026-06-29,Enchant Scroll Scrap: Destructive,"4,500,000"
2026-06-29,Enchant Scroll Scrap: Escalating,"17,000,100"
2026-06-29,Enchant Scroll Scrap: Eternal,"16,999,999"
2026-06-29,Enchant Scroll Scrap: Executing,"40,000,000"
2026-06-29,Enchant Scroll Scrap: Fading,"1,500,000"
2026-06-29,Enchant Scroll Scrap: Fate,"124,999,999"
2026-06-29,Enchant Scroll Scrap: Fighting Spirit,"15,999,999"
2026-06-29,Enchant Scroll Scrap: Forgotten,"3,000,000"
2026-06-29,Enchant Scroll Scrap: Frenzy,"2,000"
2026-06-29,Enchant Scroll Scrap: Hollow,"26,000,000"
2026-06-29,Enchant Scroll Scrap: Indomitable,"4,750,000"
2026-06-29,Enchant Scroll Scrap: Instant,"17,499,999"
2026-06-29,Enchant Scroll Scrap: Irate,"4,999,999"
2026-06-29,Enchant Scroll Scrap: Lament,"3,500,000"
2026-06-29,Enchant Scroll Scrap: Praise,"16,988,100"
2026-06-29,Enchant Scroll Scrap: Prophetic,"3,777,777"
2026-06-29,Enchant Scroll Scrap: Raging,"3,500,000"
2026-06-29,Enchant Scroll Scrap: Reflection,"22,222,222"
2026-06-29,Enchant Scroll Scrap: Sealed,"5,555,555"
2026-06-29,Enchant Scroll Scrap: Shrewd,"5,999,100"
2026-06-29,Enchant Scroll Scrap: Solitude,"6,999,000"
2026-06-29,Enchant Scroll Scrap: Space Time,"2,000,000"
2026-06-29,Enchant Scroll Scrap: Stylish,"13,400,000"
2026-06-29,Enchant Scroll Scrap: Tempestuous,"7,000,000"
2026-06-29,Enchant Scroll Scrap: Tragic,"34,000,000"
2026-06-29,Enchant Scroll Scrap: Transcendent,"42,359,000"
2026-06-29,Enchant Scroll Scrap: Trial,"13,500,000"
2026-06-29,Enchant Scroll Scrap: Twisted,"8,000,000"
2026-06-29,Enchant Scroll Scrap: Veiled,"15,999,999"
2026-06-29,Enchant Scroll Scrap: Victorious,"6,767,676"
2026-06-29,Enchant Scroll Scrap: Wave,"24,635,200"
2026-06-29,Enchant Scroll Scrap: Weeping,"5,555,555"
2026-06-29,Enchant Scroll Scrap: Withered,"7,500,000"
2026-06-29,Enhanced New Era Cloth,"47,419"
2026-06-29,Enhanced New Era Leather,"39,999"
2026-06-29,Enhanced New Era Orb,"28,418"
2026-06-29,Enhanced New Era Ore,"46,418"
2026-06-29,Enhancement Elixir,"3,281"
2026-06-29,Enmity Enchant Scroll,"999,998"
2026-06-29,Eriu Fragment: Auxiliary Equipment,"9,990,000"
2026-06-29,Eriu Fragment: Chest Armor,"3,200,000"
2026-06-29,Eriu Fragment: Head Armor,"2,550,000"
2026-06-29,Eriu Fragment: Leg Armor,"2,633,000"
2026-06-29,Eriu Fragment: Roots of Abundance,"7,799,999"
2026-06-29,Eriu Fragment: Starlight Belt,"6,987,987"
2026-06-29,Eriu Fragment: Weapon,"3,500,000"
2026-06-29,Escalating Enchant Scroll,"30,000,000"
2026-06-29,Eternal Enchant Scroll,"19,000,000"
2026-06-29,Executing Enchant Scroll,"83,455,500"
2026-06-29,Exquisite Cloth,"1,995"
2026-06-29,Fading Enchant Scroll,"900,000"
2026-06-29,Fallen One's Rhod Compass,"75,555,555"
2026-06-29,Fallen One's Rusty Rhod Compass,"21,212,121"
2026-06-29,Fast Enchant Scroll,"50,000"
2026-06-29,Fate Enchant Scroll,"399,999,999"
2026-06-29,Fighting Belt,"18,225"
2026-06-29,Fine Cloth,"1,999"
2026-06-29,Fine Iron Ore,"7,000"
2026-06-29,Fire Spirit Remnant,300
2026-06-29,Flask of Niflheim,"1,148,068"
2026-06-29,Force Enchant Scroll,"50,000"
2026-06-29,Forgotten Enchant Scroll,"2,900,000"
2026-06-29,Frenzy Enchant Scroll,"3,970,000"
2026-06-29,Godly Cloth,"10,000"
2026-06-29,Godly Iron Ore,499
2026-06-29,Goibhniu's Enhancement Stone,"2,200,000"
2026-06-29,Goibhniu's Stone+,"5,499,999"
2026-06-29,Gold Bracelet,"21,000,000"
2026-06-29,Gold Ore,100
2026-06-29,Gorbas' Essence,"5,499,990"
2026-06-29,Grinding Enchant Scroll,"45,000"
2026-06-29,Heartless Enchant Scroll,"555,555"
2026-06-29,Heavenly Leather,"15,900"
2026-06-29,Hollow Enchant Scroll,"41,500,000"
2026-06-29,Impaling Enchant Scroll,"500,000"
2026-06-29,Instant Enchant Scroll,"22,500,000"
2026-06-29,Intermediate Element Stone,"414,086"
2026-06-29,Irate Enchant Scroll,"6,520,881"
2026-06-29,Iron Ore,"6,995"
2026-06-29,Jardin Steel,"25,700"
2026-06-29,Jarnir's Essence,"5,999,000"
2026-06-29,Judgment Enchant Scroll,"4,444,444"
2026-06-29,Keen Eriu Crystal,"899,999"
2026-06-29,Keen Legendary Chunk,"2,799,800"
2026-06-29,Keen Legendary Ore,"299,000"
2026-06-29,Keen Uaithne Crystal,"2,219,999"
2026-06-29,Kitty Brooch,"1,200"
2026-06-29,Lament Enchant Scroll,"7,250,000"
2026-06-29,Leopard's Enchant Scroll,"2,222,222"
2026-06-29,Life Spirit Remnant,"42,018"
2026-06-29,Lightweight Eriu Crystal,"700,000"
2026-06-29,Lightweight Legendary Ore,"200,000"
2026-06-29,Lightweight Succession Ore,"400,000"
2026-06-29,Lightweight Uaithne Crystal,"2,885,000"
2026-06-29,Lord's Glowing Obsidian Bracelet,"799,999,999"
2026-06-29,Lord's Rusty Obsidian Bracelet,"380,000,000"
2026-06-29,Lucian's Essence,"2,800,000"
2026-06-29,Madness Enchant Scroll,"8,000,000"
2026-06-29,Magic Elixir,"69,999"
2026-06-29,Magic Elixir of Life,"15,000"
2026-06-29,Magic Powder,"6,818"
2026-06-29,Meaningful Enchant Scroll,"1,950,000"
2026-06-29,Meditating Enchant Scroll,"199,999"
2026-06-29,Memorable Enchant Scroll,"500,000"
2026-06-29,Milletian's Essence: Chest Armor,"2,500,000"
2026-06-29,Milo's Essence,"1,900,000"
2026-06-29,Morgant's Essence,"4,320,999"
2026-06-29,Mystic Enchant Scroll,"79,000,000"
2026-06-29,New Era Cloth,"29,300"
2026-06-29,New Era Leather,"29,395"
2026-06-29,New Era Orb,"3,088"
2026-06-29,New Era Ore,"9,790"
2026-06-29,New Era Remnant,30
2026-06-29,New Era Stone,"14,890"
2026-06-29,Obsidian Kitty Necklace,"155,555,555"
2026-06-29,Orb,"10,799"
2026-06-29,Orna's Essence,"969,696"
2026-06-29,Orna's Essence: Chest Armor,"1,780,000"
2026-06-29,Orna's Essence: Hand Armor,"1,835,435"
2026-06-29,Orna's Essence: Head Armor,"1,740,000"
2026-06-29,Orna's Essence: Leg Armor,"1,980,000"
2026-06-29,Orna's Essence: Weapon,"1,720,128"
2026-06-29,Outburst Enchant Scroll,"100,000"
2026-06-29,Paradise Orb,"2,543"
2026-06-29,Paradise Stone,"18,000"
2026-06-29,Passion Enchant Scroll,"775,000"
2026-06-29,Peaceful Enchant Scroll,"10,000"
2026-06-29,Perfect Legendary Chunk,"333,800"
2026-06-29,Perfect Succession Ore,"777,777"
2026-06-29,Perfect Uaithne Crystal,"3,690,000"
2026-06-29,Petrify Enchant Scroll,"900,000"
2026-06-29,Praise Enchant Scroll,"36,950,000"
2026-06-29,Prophetic Enchant Scroll,"3,500,000"
2026-06-29,Raging Enchant Scroll,"4,989,423"
2026-06-29,Red Kitty Necklace,"1,999,500"
2026-06-29,Red Moon Brooch,"20,000,000"
2026-06-29,Reflection Enchant Scroll,"38,500,000"
2026-06-29,Regina's Feather: Large Shield,"1,800"
2026-06-29,Revenge Enchant Scroll,"4,000,000"
2026-06-29,Robust Eriu Crystal,"1,300,000"
2026-06-29,Robust Uaithne Crystal,"485,000"
2026-06-29,Roots of Abundance,"85,000,000"
2026-06-29,Salt Flower,"6,500"
2026-06-29,Sealed Enchant Scroll,"388,888"
2026-06-29,Semias' Essence,"3,888,888"
2026-06-29,Shrewd Enchant Scroll,"6,975,000"
2026-06-29,Shrouded Moonlight,"118,225"
2026-06-29,Significant Enchant Scroll,"200,500"
2026-06-29,Silver Bracelet,"250,000"
2026-06-29,Smooth Eriu Crystal,"1,800,000"
2026-06-29,Smooth Legacy Shard,"200,000"
2026-06-29,Smooth Legendary Chunk,"1,000,000"
2026-06-29,Smooth Legendary Ore,"333,800"
2026-06-29,Smooth Succession Ore,"310,000"
2026-06-29,Smooth Succession Shard,"555,800"
2026-06-29,Smooth Uaithne Crystal,"450,000"
2026-06-29,Solid Eriu Crystal,"899,999"
2026-06-29,Solid Legacy Shard,"450,000"
2026-06-29,Solid Legendary Ore,"333,800"
2026-06-29,Solid Succession Ore,"1,050,000"
2026-06-29,Solid Succession Shard,"555,800"
2026-06-29,Solid Uaithne Crystal,"580,000"
2026-06-29,Solitude Enchant Scroll,"8,101,000"
2026-06-29,Sorrowful Enchant Scroll,"2,538,964"
2026-06-29,Soul Enchant Scroll,"4,444,444"
2026-06-29,Space Time Enchant Scroll,"180,000"
2026-06-29,Special Dungeon: Enchant Pouch,"10,250,000"
2026-06-29,Spinos' Essence,"4,200,000"
2026-06-29,Spirit Magic Powder,"9,000"
2026-06-29,Spirit Remnant,"1,475"
2026-06-29,Spirit Water,"1,700"
2026-06-29,Stable Eriu Crystal,"1,640,000"
2026-06-29,Stable Legacy Shard,"280,000"
2026-06-29,Stable Uaithne Crystal,"4,770,000"
2026-06-29,Star Fruit,"6,500"
2026-06-29,Starlight Belt,"87,999,999"
2026-06-29,Stern Enchant Scroll,"7,500,000"
2026-06-29,Stylish Enchant Scroll,"14,000,000"
2026-06-29,Subdued Enchant Scroll,"400,000"
2026-06-29,Superior Enhancement Elixir,"145,000"
2026-06-29,Superior Iron Ore,"9,995"
2026-06-29,Superior Leather,"70,000"
2026-06-29,Tarian Steel,"2,850,000"
2026-06-29,Tempestuous Enchant Scroll,"7,829,861"
2026-06-29,Terminus Sentinel Essence: Hand Armor,"777,800"
2026-06-29,Terminus Sentinel Essence: Shield,"700,000"
2026-06-29,Terra Spirit Remnant,890
2026-06-29,The Dead Enchant Scroll,"4,444,444"
2026-06-29,The Sun's Wish,"55,000,000"
2026-06-29,The Watcher's Glowing Succubus Fang,"95,000,000"
2026-06-29,The Watcher's Mysterious Cat Statue,"21,211,212"
2026-06-29,The Watcher's Rusty Succubus Fang,"3,500,000"
2026-06-29,The Watcher's Rusty War Goddess Statue,"4,330,000"
2026-06-29,The Watcher's Rusty Werewolf Paw,"9,000,000"
2026-06-29,The Watcher's Glowing War Goddess Statue,"91,333,000"
2026-06-29,The Watcher's Succubus Fang,"28,000,000"
2026-06-29,The Watcher's War Goddess Statue,"27,000,000"
2026-06-29,The Watcher's Werewolf Paw,"39,000,000"
2026-06-29,Tragic Enchant Scroll,"39,000,000"
2026-06-29,Transcendent Enchant Scroll,"25,000,000"
2026-06-29,Trial Enchant Scroll,"23,500,000"
2026-06-29,Tricky Enchant Scroll,"5,000"
2026-06-29,Twisted Enchant Scroll,"9,000,000"
2026-06-29,Uaithne Fragment: Auxiliary Equipment,"800,000"
2026-06-29,Uaithne Fragment: Chest Armor,"2,999,999"
2026-06-29,Uaithne Fragment: Feet Armor,"2,500,000"
2026-06-29,Uaithne Fragment: Head Armor,"2,599,999"
2026-06-29,Uaithne Fragment: Leg Armor,"2,199,900"
2026-06-29,Uaithne Fragment: The Cursed Belt,"7,100,000"
2026-06-29,Uaithne Fragment: Token of Quiet,"6,900,000"
2026-06-29,Uaithne Fragment: Weapon,"3,018,334"
2026-06-29,Uaithne Remnant,995
2026-06-29,Unrelenting Uaithne Crystal,"850,000"
2026-06-29,Unstable Enhancement Rune,"8,000,000"
2026-06-29,Uscias' Essence,"2,000,000"
2026-06-29,Usurper's Rusty Rhod Compass,"2,799,999"
2026-06-29,Usurper's Rhod Compass,"8,788,888"
2026-06-29,Usurper's Shiny Rhod Compass,"14,000,000"
2026-06-29,Vehement Enchant Scroll,"400,400"
2026-06-29,Veiled Enchant Scroll,"88,888,888"
2026-06-29,Victorious Enchant Scroll,"9,000,000"
2026-06-29,Wave Enchant Scroll,"50,000,000"
2026-06-29,Weeping Enchant Scroll,"5,500,000"
2026-06-29,White Kitty Brooch,"1,400,000"
2026-06-29,White Kitty Necklace,"999,999"
2026-06-29,Withered Enchant Scroll,"30,000,000"
2026-07-02,Abomination's Essence: Grand Targe,"500,000"
2026-07-02,Abomination's Essence: Hand Armor,"1,500,000"
2026-07-02,Abomination's Essence: Head Armor,"1,500,000"
2026-07-02,Abomination's Essence: Large Shield,"500,000"
2026-07-02,Abomination's Essence: Leg Armor,"650,000"
2026-07-02,Abomination's Essence: Shield,"1,500,000"
2026-07-02,Abomination's Essence: Weapon,"1,500,000"
2026-07-02,Abyssal Shard Grade 1,"150,000"
2026-07-02,Abyssal Shard Grade 2,"353,923"
2026-07-02,Abyssal Shard Grade 3,"1,099,928"
2026-07-02,Adamant Enchant Scroll,"50,000"
2026-07-02,Advance Enchant Scroll,"2,999,999"
2026-07-02,Adversarial Enchant Scroll,"13,500,000"
2026-07-02,Airtight Exquisite Enchant Rune,"100,000,000"
2026-07-02,Amplified Enchant Scroll,"30,000,000"
2026-07-02,Ancient Elemental Accessory Shard,"20,000"
2026-07-02,Ancient Elemental Armor Shard,"6,400"
2026-07-02,Ancient Elemental Cloth Bundle,"7,730"
2026-07-02,Ancient Elemental Weapon Shard,"6,830"
2026-07-02,Ancient Enchant Scroll,"8,000,000"
2026-07-02,Ancient Erg Crystal,"9,800"
2026-07-02,Ancient Lambent Powder,"40,000"
2026-07-02,Ancient Magic Stone,"50,000"
2026-07-02,Ancient Spirit Magic Powder,"46,525"
2026-07-02,Ardor Enchant Scroll,500
2026-07-02,Ardri's Essence: Chest Armor,"1,557,999"
2026-07-02,Ardri's Essence: Feet Armor,"1,490,800"
2026-07-02,Ardri's Essence: Hand Armor,"1,680,000"
2026-07-02,Ardri's Essence: Head Armor,"1,494,999"
2026-07-02,Ardri's Essence: Leg Armor,"1,299,999"
2026-07-02,Ardri's Essence: Weapon,"1,390,000"
2026-07-02,Artisan's Refined Flask,"89,999"
2026-07-02,Artisan's Sturdy Flask,"6,443"
2026-07-02,Astera's Essence: Chest Armor,"1,000,000"
2026-07-02,Astera's Essence: Feet Armor,"2,800,000"
2026-07-02,Astera's Essence: Hand Armor,"2,000,000"
2026-07-02,Astera's Essence: Head Armor,"300,000"
2026-07-02,Astera's Essence: Leg Armor,"2,000,000"
2026-07-02,Astera's Essence: Weapon,"760,000"
2026-07-02,Barrier Enchant Scroll,"700,000"
2026-07-02,Berserker Enchant Scroll,"20,000"
2026-07-02,Blessed Magic Elixir,"28,000"
2026-07-02,Blessed Magic Powder,469
2026-07-02,Bloodlust Enchant Scroll,"500,000"
2026-07-02,Blue Kitty Brooch,"800,000"
2026-07-02,Blue Kitty Necklace,"555,555"
2026-07-02,Bountiful Enchant Scroll,"40,000,000"
2026-07-02,Bracelet Diamond,"3,000"
2026-07-02,Bracelet Emerald,"4,240"
2026-07-02,Bracelet Ruby,"8,000"
2026-07-02,Bracelet Sapphire,"8,000"
2026-07-02,Braha's Essence: Chest Armor,"100,000"
2026-07-02,Braha's Essence: Large Shield,"200,000"
2026-07-02,Brave Enchant Scroll,"100,000"
2026-07-02,Bres's Moonlight Essence,"5,500,000"
2026-07-02,Bres's Shadow Essence,"3,300,000"
2026-07-02,Brilliant Kitty Necklace,"23,000,000"
2026-07-02,Brutal Enchant Scroll,"600,500"
2026-07-02,Calm Enchant Scroll,"5,000,000"
2026-07-02,Capture Enchant Scroll,"1,000,000"
2026-07-02,Cessair's Essence,"7,000,000"
2026-07-02,Chaos Enchant Scroll,"100,000"
2026-07-02,Charging Enchant Scroll,"2,500,000"
2026-07-02,Chaser's Enchant Scroll,"444,444"
2026-07-02,Clash Enchant Scroll,"4,254,999"
2026-07-02,Cloth,"4,995"
2026-07-02,Complete Bracelet Diamond,"12,969,696"
2026-07-02,Complete Bracelet Emerald,"10,999,999"
2026-07-02,Complete Bracelet Ruby,"8,500,000"
2026-07-02,Complete Bracelet Sapphire,"8,999,999"
2026-07-02,Consume Enchant Scroll,"5,000,000"
2026-07-02,Conviction Enchant Scroll,"4,500,000"
2026-07-02,Cool Enchant Scroll,"555,555"
2026-07-02,Copper Bracelet,"25,999"
2026-07-02,Copper Ore,498
2026-07-02,Crescent Moon Island Power Crystal,"5,000"
2026-07-02,Cyclical Enchant Scroll,"8,958,949"
2026-07-02,Dash Enchant Scroll,"99,999"
2026-07-02,Deadly Enchant Scroll,"4,000"
2026-07-02,Decisive Enchant Scroll,"5,000"
2026-07-02,Destructive Enchant Scroll,"3,000,000"
2026-07-02,Dignified Enchant Scroll,"7,000,000"
2026-07-02,Dullahan's Essence: Chest Armor,"500,000"
2026-07-02,Dullahan's Essence: Feet Armor,"555,800"
2026-07-02,Dullahan's Essence: Grand Targe,"555,800"
2026-07-02,Dullahan's Essence: Hand Armor,"555,800"
2026-07-02,Dullahan's Essence: Head Armor,"1,500,000"
2026-07-02,Dullahan's Essence: Large Shield,"499,999"
2026-07-02,Dullahan's Essence: Leg Armor,"555,800"
2026-07-02,Dullahan's Essence: Shield,"888,800"
2026-07-02,Dullahan's Essence: Weapon,"2,499,999"
2026-07-02,Element Shard,"3,935"
2026-07-02,Element Stone,"11,152"
2026-07-02,Element Stone Catalyst,"24,000"
2026-07-02,Elemental Accessory Shard,"3,500"
2026-07-02,Elemental Armor Shard,"2,356"
2026-07-02,Elemental Cloth Bundle,"4,000"
2026-07-02,Elemental Weapon Shard,"2,500"
2026-07-02,Emmett's Essence,"3,333,333"
2026-07-02,Empowered Stone,922
2026-07-02,Emptiness Erg Crystal,"6,710"
2026-07-02,Enchant Scroll Scrap: Advance,"2,000,000"
2026-07-02,Enchant Scroll Scrap: Advent,"16,200,000"
2026-07-02,Enchant Scroll Scrap: Adversarial,"15,088,880"
2026-07-02,Enchant Scroll Scrap: Amplified,"22,000,000"
2026-07-02,Enchant Scroll Scrap: Ancient,"5,500,000"
2026-07-02,Enchant Scroll Scrap: Bountiful,"17,777,777"
2026-07-02,Enchant Scroll Scrap: Brutal,"2,222,222"
2026-07-02,Enchant Scroll Scrap: Capture,"100,000"
2026-07-02,Enchant Scroll Scrap: Charge,"1,400,000"
2026-07-02,Enchant Scroll Scrap: Chaser's,"1,899,999"
2026-07-02,Enchant Scroll Scrap: Clash,"4,000,000"
2026-07-02,Enchant Scroll Scrap: Concentrated,"2,500,000"
2026-07-02,Enchant Scroll Scrap: Consume,"1,940,000"
2026-07-02,Enchant Scroll Scrap: Conviction,"100,000"
2026-07-02,Enchant Scroll Scrap: Cool,"1,299,999"
2026-07-02,Enchant Scroll Scrap: Cyclical,"10,000,000"
2026-07-02,Enchant Scroll Scrap: Destructive,"4,000,000"
2026-07-02,Enchant Scroll Scrap: Dignified,"2,000,000"
2026-07-02,Enchant Scroll Scrap: Escalating,"12,000,000"
2026-07-02,Enchant Scroll Scrap: Eternal,"11,100,000"
2026-07-02,Enchant Scroll Scrap: Executing,"35,000,000"
2026-07-02,Enchant Scroll Scrap: Fading,"1,250,000"
2026-07-02,Enchant Scroll Scrap: Fate,"128,359,999"
2026-07-02,Enchant Scroll Scrap: Fighting Spirit,"15,999,997"
2026-07-02,Enchant Scroll Scrap: Forgotten,"7,999,999"
2026-07-02,Enchant Scroll Scrap: Frenzy,"3,000,000"
2026-07-02,Enchant Scroll Scrap: Fresh,"20,000,000"
2026-07-02,Enchant Scroll Scrap: Hollow,"21,111,111"
2026-07-02,Enchant Scroll Scrap: Impaling,"2,877,777"
2026-07-02,Enchant Scroll Scrap: Indomitable,"8,888,888"
2026-07-02,Enchant Scroll Scrap: Instant,"25,555,100"
2026-07-02,Enchant Scroll Scrap: Irate,"3,500,000"
2026-07-02,Enchant Scroll Scrap: Lament,"4,899,999"
2026-07-02,Enchant Scroll Scrap: Madness,"5,000,000"
2026-07-02,Enchant Scroll Scrap: Mystic,"32,000,000"
2026-07-02,Enchant Scroll Scrap: Praise,"19,499,999"
2026-07-02,Enchant Scroll Scrap: Prophetic,"3,800,000"
2026-07-02,Enchant Scroll Scrap: Raging,"1,489,999"
2026-07-02,Enchant Scroll Scrap: Reflection,"20,999,999"
2026-07-02,Enchant Scroll Scrap: Revenge,"2,300,000"
2026-07-02,Enchant Scroll Scrap: Righteous,"100,000"
2026-07-02,Enchant Scroll Scrap: Sealed,"5,555,555"
2026-07-02,Enchant Scroll Scrap: Shrewd,"9,800,000"
2026-07-02,Enchant Scroll Scrap: Solitude,"6,000,000"
2026-07-02,Enchant Scroll Scrap: Sorrowful,"1,250,000"
2026-07-02,Enchant Scroll Scrap: Soul,"100,000"
2026-07-02,Enchant Scroll Scrap: Space Time,"1,900,000"
2026-07-02,Enchant Scroll Scrap: Stern,"5,000,000"
2026-07-02,Enchant Scroll Scrap: Stylish,"11,700,000"
2026-07-02,Enchant Scroll Scrap: Subdued,"5,555,555"
2026-07-02,Enchant Scroll Scrap: Tempestuous,"7,999,999"
2026-07-02,Enchant Scroll Scrap: Tragic,"29,999,998"
2026-07-02,Enchant Scroll Scrap: Transcendent,"10,000,000"
2026-07-02,Enchant Scroll Scrap: Trial,"11,500,000"
2026-07-02,Enchant Scroll Scrap: Twisted,"6,900,000"
2026-07-02,Enchant Scroll Scrap: Vehement,"399,999"
2026-07-02,Enchant Scroll Scrap: Veiled,"10,685,000"
2026-07-02,Enchant Scroll Scrap: Victorious,"6,000,000"
2026-07-02,Enchant Scroll Scrap: Wave,"25,800,000"
2026-07-02,Enchant Scroll Scrap: Weeping,"5,555,555"
2026-07-02,Enchant Scroll Scrap: Withered,"10,000,000"
2026-07-02,Enhanced New Era Cloth,"44,999"
2026-07-02,Enhanced New Era Leather,"37,000"
2026-07-02,Enhanced New Era Orb,"35,100"
2026-07-02,Enhanced New Era Ore,"54,200"
2026-07-02,Enhancement Elixir,"1,108"
2026-07-02,Enmity Enchant Scroll,"34,999,999"
2026-07-02,Enok's Essence,"2,890,000"
2026-07-02,Enthusiastic Enchant Scroll,"5,555,555"
2026-07-02,Eriu Advancement Stone: Head Armor,"66,666,666"
2026-07-02,Eriu Advancement Stone: Leg Armor,"66,666,666"
2026-07-02,Eriu Advancement Stone: Weapon,"99,999,999"
2026-07-02,Eriu Fragment: Auxiliary Equipment,"8,000,000"
2026-07-02,Eriu Fragment: Chest Armor,"3,180,000"
2026-07-02,Eriu Fragment: Head Armor,"2,250,000"
2026-07-02,Eriu Fragment: Leg Armor,"2,560,012"
2026-07-02,Eriu Fragment: Roots of Abundance,"9,000,000"
2026-07-02,Eriu Fragment: Starlight Belt,"8,400,000"
2026-07-02,Eriu Fragment: Weapon,"4,200,000"
2026-07-02,Escalating Enchant Scroll,"27,900,000"
2026-07-02,Eternal Enchant Scroll,"39,000,000"
2026-07-02,Eternal Legacy,"100,000"
2026-07-02,Eternity Erg Crystal,"10,000"
2026-07-02,Executing Enchant Scroll,"80,000,000"
2026-07-02,Expeditionary Enchant Scroll,"20,000"
2026-07-02,Exquisite Cloth,999
2026-07-02,Exquisite Iron Ore,100
2026-07-02,Fading Enchant Scroll,"899,999"
2026-07-02,Fallen One's Rhod Compass,"67,750,000"
2026-07-02,Fallen One's Rusty Rhod Compass,"22,000,000"
2026-07-02,Fallen One's Shiny Rhod Compass,"150,000,000"
2026-07-02,Fast Enchant Scroll,"500,000"
2026-07-02,Fate Enchant Scroll,"590,000,000"
2026-07-02,Fighting Belt,"12,228,225"
2026-07-02,Fighting Spirit Enchant Scroll,"18,000,000"
2026-07-02,Fine Bracelet Diamond,"115,000"
2026-07-02,Fine Bracelet Emerald,"180,000"
2026-07-02,Fine Bracelet Ruby,"12,640"
2026-07-02,Fine Bracelet Sapphire,"20,335"
2026-07-02,Fine Cloth,"2,900"
2026-07-02,Fine Fobellow Tin,"6,250"
2026-07-02,Fine Iron Ore,"9,634"
2026-07-02,Fire Spirit Remnant,"1,500"
2026-07-02,Flask of Niflheim,"1,450,000"
2026-07-02,Forgotten Enchant Scroll,"3,991,990"
2026-07-02,Frenzy Enchant Scroll,"1,998,500"
2026-07-02,Godly Cloth,"8,500"
2026-07-02,Godly Iron Ore,450
2026-07-02,Goibhniu's Enhancement Stone,"2,466,666"
2026-07-02,Goibhniu's Stone+,"5,414,999"
2026-07-02,Gold Bracelet,"20,900,000"
2026-07-02,Gold Ore,80
2026-07-02,Gorbas' Essence,"5,298,765"
2026-07-02,Gray Twilight Brooch,"16,999,999"
2026-07-02,Greater Bronze Lion Statue,"350,000"
2026-07-02,Greater Mysterious Cat Statue,"790,000"
2026-07-02,Greater Succubus Fang,"970,000"
2026-07-02,Healthy Enchant Scroll,"999,999"
2026-07-02,Heartless Enchant Scroll,"50,000"
2026-07-02,Heavenly Leather,"8,700"
2026-07-02,Hoarfrost Hollow Erg Crystal,"14,999"
2026-07-02,Hollow Enchant Scroll,"38,000,000"
2026-07-02,Impaling Enchant Scroll,"3,333,333"
2026-07-02,Indomitable Enchant Scroll,"11,000,000"
2026-07-02,Infinite Enchant Scroll,"555,500"
2026-07-02,Inherited Power: Fragments,"9,000"
2026-07-02,Instant Enchant Scroll,"22,999,999"
2026-07-02,Intermediate Element Stone,"330,596"
2026-07-02,Irate Enchant Scroll,"3,200,000"
2026-07-02,Iron Ore,"13,259"
2026-07-02,Jardin Steel,"56,647"
2026-07-02,Jarnir's Essence,"8,000,000"
2026-07-02,Keen Eriu Crystal,"999,999"
2026-07-02,Keen Legacy Shard,"1,000,000"
2026-07-02,Keen Legendary Chunk,"1,900,000"
2026-07-02,Keen Legendary Ore,"333,800"
2026-07-02,Keen Succession Ore,"465,285"
2026-07-02,Keen Uaithne Crystal,"2,470,000"
2026-07-02,Kitty Brooch,"1,111,200"
2026-07-02,Lambent Powder,"1,099"
2026-07-02,Lament Enchant Scroll,"999,999"
2026-07-02,Leather Bracelet,"3,000"
2026-07-02,Leopard's Enchant Scroll,"3,000,000"
2026-07-02,Life Erg Crystal,"4,900"
2026-07-02,Life Spirit Remnant,"6,750"
2026-07-02,Light Erg Crystal,"7,777"
2026-07-02,Lightweight Eriu Crystal,"777,000"
2026-07-02,Lightweight Legacy Shard,"999,800"
2026-07-02,Lightweight Legendary Chunk,"1,333,800"
2026-07-02,Lightweight Legendary Ore,"450,000"
2026-07-02,Lightweight Succession Ore,"500,000"
2026-07-02,Lightweight Uaithne Crystal,"2,330,000"
2026-07-02,Lucian's Essence,"3,323,948"
2026-07-02,Lugh Lamhfada's Essence: Feet Armor,"1,500,000"
2026-07-02,Lugh Lamhfada's Essence: Grand Targe,"950,000"
2026-07-02,Madness Enchant Scroll,"6,950,000"
2026-07-02,Magic Elixir,"35,000"
2026-07-02,Magic Elixir of Life,"12,000"
2026-07-02,Magic Powder,"8,888"
2026-07-02,Magic Stone,"2,998"
2026-07-02,Mana Reformer,"5,000"
2026-07-02,Meaningful Enchant Scroll,"1,268,879"
2026-07-02,Milletian's Essence: Feet Armor,"2,999,800"
2026-07-02,Milletian's Essence: Leg Armor,"1,000,800"
2026-07-02,Milo's Essence,"1,900,000"
2026-07-02,Misty Summit Source,"15,000"
2026-07-02,Morgant's Essence,"3,000,000"
2026-07-02,Mysterious Shard Grade 1,"85,000"
2026-07-02,Mysterious Shard Grade 2,"395,000"
2026-07-02,Mysterious Shard Grade 3,"999,999"
2026-07-02,Mystic Enchant Scroll,"82,125,000"
2026-07-02,New Era Cloth,"32,000"
2026-07-02,New Era Leather,"31,441"
2026-07-02,New Era Orb,"9,930"
2026-07-02,New Era Ore,"10,200"
2026-07-02,New Era Remnant,30
2026-07-02,New Era Stone,"11,471"
2026-07-02,Orb,"8,888"
2026-07-02,Orna's Essence,"660,000"
2026-07-02,Orna's Essence: Chest Armor,"1,777,777"
2026-07-02,Orna's Essence: Feet Armor,"1,800,000"
2026-07-02,Orna's Essence: Hand Armor,"1,750,000"
2026-07-02,Orna's Essence: Head Armor,"1,700,000"
2026-07-02,Orna's Essence: Leg Armor,"1,750,000"
2026-07-02,Orna's Essence: Weapon,"1,650,000"
2026-07-02,Outburst Enchant Scroll,"100,000"
2026-07-02,Paradise Orb,"2,142"
2026-07-02,Paradise Stone,"8,000"
2026-07-02,Passion Enchant Scroll,"875,000"
2026-07-02,Perfect Legacy Shard,"999,000"
2026-07-02,Perfect Legendary Chunk,"333,800"
2026-07-02,Perfect Succession Ore,"650,000"
2026-07-02,Perfect Uaithne Crystal,"3,000,000"
2026-07-02,Petite Enchant Scroll,"5,000"
2026-07-02,Petrify Enchant Scroll,"50,000"
2026-07-02,Prairie Erg Crystal,"8,888"
2026-07-02,Praise Enchant Scroll,"30,000,000"
2026-07-02,Prophetic Enchant Scroll,"5,900,000"
2026-07-02,Quiet Enchant Scroll,"400,000"
2026-07-02,Rage Erg Crystal,"14,000"
2026-07-02,Raging Enchant Scroll,"1,940,000"
2026-07-02,Red Kitty Necklace,"1,221,500"
2026-07-02,Reflection Enchant Scroll,"29,249,414"
2026-07-02,Regina's Feather: Large Shield,"1,111,800"
2026-07-02,Regina's Feather: Weapon,"2,000,000"
2026-07-02,Revenge Enchant Scroll,"2,500,000"
2026-07-02,Robust Eriu Crystal,"1,333,333"
2026-07-02,Robust Uaithne Crystal,"700,000"
2026-07-02,Ruins Erg Crystal,"6,167"
2026-07-02,Sacred Erg Crystal,"5,899"
2026-07-02,Salt Flower,"6,500"
2026-07-02,Sealed Enchant Scroll,"99,999"
2026-07-02,Sealed Power: Fragments,"38,676"
2026-07-02,Semias' Essence,"5,000,000"
2026-07-02,Seraphic Feathers Brooch,"12,999,999"
2026-07-02,Ship Graveyard Power Crystal,"5,000"
2026-07-02,Shrewd Enchant Scroll,"6,577,777"
2026-07-02,Shrouded Moonlight,"12,228,225"
2026-07-02,Significant Enchant Scroll,"200,500"
2026-07-02,Silence Erg Crystal,"11,999"
2026-07-02,Silver Bracelet,"199,000"
2026-07-02,Smooth Eriu Crystal,"1,999,999"
2026-07-02,Smooth Legacy Shard,"290,000"
2026-07-02,Smooth Legendary Chunk,"499,995"
2026-07-02,Smooth Legendary Ore,"333,800"
2026-07-02,Smooth Legendary Shard,"169,800"
2026-07-02,Smooth Succession Ore,"200,000"
2026-07-02,Smooth Succession Shard,"555,800"
2026-07-02,Smooth Uaithne Crystal,"389,856"
2026-07-02,Solid Eriu Crystal,"525,000"
2026-07-02,Solid Legacy Shard,"425,000"
2026-07-02,Solid Legendary Chunk,"333,800"
2026-07-02,Solid Legendary Ore,"333,800"
2026-07-02,Solid Legendary Shard,"650,000"
2026-07-02,Solid Succession Ore,"900,000"
2026-07-02,Solid Succession Shard,"999,800"
2026-07-02,Solid Uaithne Crystal,"540,000"
2026-07-02,Solitude Enchant Scroll,"8,900,000"
2026-07-02,Sorrowful Enchant Scroll,"1,100,000"
2026-07-02,Space Time Enchant Scroll,"22,222"
2026-07-02,Special Dungeon: Enchant Pouch,"12,870,114"
2026-07-02,Spinos' Essence,"2,222,800"
2026-07-02,Spirit Remnant,850
2026-07-02,Spirit Water,"1,749"
2026-07-02,Stable Eriu Crystal,"2,999,999"
2026-07-02,Stable Legacy Shard,"249,999"
2026-07-02,Stable Legendary Chunk,"1,900,000"
2026-07-02,Stable Succession Ore,"399,995"
2026-07-02,Stable Uaithne Crystal,"2,900,000"
2026-07-02,Star Fruit,"6,500"
2026-07-02,Stern Enchant Scroll,"3,700,000"
2026-07-02,Stigma Enchant Scroll,"20,000"
2026-07-02,Stylish Enchant Scroll,"13,911,000"
2026-07-02,Subdued Enchant Scroll,"4,999,999"
2026-07-02,Superior Bracelet Diamond,"2,355,555"
2026-07-02,Superior Bracelet Emerald,"3,000,000"
2026-07-02,Superior Bracelet Ruby,"2,850,000"
2026-07-02,Superior Bracelet Sapphire,"2,500,000"
2026-07-02,Superior Cloth,"1,900"
2026-07-02,Superior Element Stone,"790,000"
2026-07-02,Superior Enhancement Elixir,"130,000"
2026-07-02,Superior Iron Ore,"11,108"
2026-07-02,Superior Leather,"70,000"
2026-07-02,Tarian Steel,"2,985,045"
2026-07-02,Tempestuous Enchant Scroll,"7,100,000"
2026-07-02,Terminus Sentinel Essence: Grand Targe,"1,500,000"
2026-07-02,Terminus Sentinel Essence: Hand Armor,"777,800"
2026-07-02,Terminus Sentinel Essence: Large Shield,"499,999"
2026-07-02,Terminus Sentinel Essence: Shield,"700,000"
2026-07-02,Terminus Sentinel Essence: Weapon,"777,777"
2026-07-02,Terra Spirit Remnant,880
2026-07-02,The Book of Orna,"25,000,000"
2026-07-02,The Book of Succession,"10,000,000"
2026-07-02,The Book of Uaithne,"49,999,999"
2026-07-02,The Cursed Belt,"80,000,000"
2026-07-02,The Dead Enchant Scroll,"1,075,000"
2026-07-02,The Sun's Wish,"48,225,000"
2026-07-02,The Watcher's Glowing Mysterious Cat Statue,"79,610,000"
2026-07-02,The Watcher's Glowing Succubus Fang,"92,222,222"
2026-07-02,The Watcher's Mysterious Cat Statue,"18,500,000"
2026-07-02,The Watcher's Rusty Mysterious Cat Statue,"4,000,000"
2026-07-02,The Watcher's Rusty Succubus Fang,"4,500,000"
2026-07-02,The Watcher's Glowing Werewolf Paw,"143,000,000"
2026-07-02,The Watcher's Succubus Fang,"25,000,000"
2026-07-02,Token of Quiet,"65,000,000"
2026-07-02,Tragic Enchant Scroll,"41,999,999"
2026-07-02,Transcendent Enchant Scroll,"16,000,000"
2026-07-02,Trial Enchant Scroll,"22,891,666"
2026-07-02,Tricky Enchant Scroll,"5,000"
2026-07-02,Tutelary Enchant Scroll,"100,000"
2026-07-02,Twilight Desert Source,"11,000"
2026-07-02,Twilight Erg Crystal,"45,000"
2026-07-02,Twisted Enchant Scroll,"7,700,000"
2026-07-02,Uaithne Advancement Stone: Chest Armor,"55,555,555"
2026-07-02,Uaithne Advancement Stone: Feet Armor,"55,555,555"
2026-07-02,Uaithne Advancement Stone: Head Armor,"55,555,555"
2026-07-02,Uaithne Advancement Stone: Leg Armor,"55,555,555"
2026-07-02,Uaithne Advancement Stone: Weapon,"88,888,888"
2026-07-02,Uaithne Crystal,"18,640,000"
2026-07-02,Uaithne Fragment: Auxiliary Equipment,"420,000"
2026-07-02,Uaithne Fragment: Chest Armor,"4,200,000"
2026-07-02,Uaithne Fragment: Feet Armor,"2,555,042"
2026-07-02,Uaithne Fragment: Hand Armor,"3,211,111"
2026-07-02,Uaithne Fragment: Head Armor,"2,448,162"
2026-07-02,Uaithne Fragment: Leg Armor,"2,430,000"
2026-07-02,Uaithne Fragment: The Cursed Belt,"6,400,000"
2026-07-02,Uaithne Fragment: The Sun's Wish,"6,200,000"
2026-07-02,Uaithne Fragment: Token of Quiet,"6,499,999"
2026-07-02,Uaithne Fragment: Token of Silence,"6,333,333"
2026-07-02,Uaithne Fragment: Weapon,"2,996,969"
2026-07-02,Uaithne Remnant,"1,097"
2026-07-02,Unknowable Power: Fragments,"180,500"
2026-07-02,Unrelenting Uaithne Crystal,"611,111"
2026-07-02,Unstable Enhancement Rune,"6,567,676"
2026-07-02,Uscias' Essence,"2,277,000"
2026-07-02,Usurper's Rhod Compass,"8,300,000"
2026-07-02,Usurper's Rusty Rhod Compass,"2,399,999"
2026-07-02,Usurper's Shiny Rhod Compass,"12,000,000"
2026-07-02,Vehement Enchant Scroll,"130,500"
2026-07-02,Veiled Enchant Scroll,"19,000,000"
2026-07-02,Victorious Enchant Scroll,"9,999,967"
2026-07-02,Waking Stone: Cooldown (5 sec),"130,000"
2026-07-02,Waking Stone: Damage Boost (10%),"1,777,777"
2026-07-02,Waking Stone: Damage Boost (8%),"1,000"
2026-07-02,Waking Stone: Efficient SP (60),"25,000"
2026-07-02,Waking Stone: Efficient SP (80),"20,000,000"
2026-07-02,Waking Stone: Efficient Stamina (5),"69,999"
2026-07-02,Waking Stone: Efficient SP (70),"25,000"
2026-07-02,Waking Stone: Major Cooldown (20 sec),299
2026-07-02,Waking Stone: Major Cooldown (22 sec),"24,999"
2026-07-02,Water Erg Crystal,"15,000"
2026-07-02,Wave Enchant Scroll,"35,000,000"
2026-07-02,Weeping Enchant Scroll,500
2026-07-02,White Kitty Brooch,"900,000"
2026-07-02,White Kitty Necklace,"299,999"
2026-07-02,Wish Enchant Scroll,"3,333,333"
2026-07-02,Withered Enchant Scroll,"21,670,696"
2026-07-02,Waking Stone: Breakoff DMG +10%,"24,994"
2026-07-02,Waking Stone: Cooldown (5 sec),"100,000"
2026-07-02,Waking Stone: Damage Boost (10%),"1,100,000"
2026-07-02,Waking Stone: Efficient SP (70),"25,000"
2026-07-02,Waking Stone: Cooldown (4 sec),"5,000"
2026-07-04,Abomination's Essence: Grand Targe,"500,000"
2026-07-04,Abomination's Essence: Large Shield,"500,000"
2026-07-04,Abomination's Essence: Leg Armor,"650,000"
2026-07-04,Abomination's Essence: Shield,"1,500,000"
2026-07-04,Abomination's Essence: Weapon,"1,500,000"
2026-07-04,Abyssal Shard Grade 1,"275,000"
2026-07-04,Abyssal Shard Grade 2,"500,000"
2026-07-04,Abyssal Shard Grade 3,"1,550,000"
2026-07-04,Advance Enchant Scroll,"1,899,998"
2026-07-04,Advent Enchant Scroll,"16,800,000"
2026-07-04,Adversarial Enchant Scroll,"14,300,000"
2026-07-04,Aes Sidhe's Essence,"1,250,000"
2026-07-04,Airtight Exquisite Enchant Rune,"107,989,000"
2026-07-04,Amplified Enchant Scroll,"21,111,111"
2026-07-04,Ancient Elemental Accessory Shard,"20,000"
2026-07-04,Ancient Enchant Scroll,"4,450,000"
2026-07-04,Ancient Erg Crystal,"10,000"
2026-07-04,Ancient Lambent Powder,"40,000"
2026-07-04,Ancient Magic Stone,"50,000"
2026-07-04,Ancient Spirit Magic Powder,"49,999"
2026-07-04,Ardor Enchant Scroll,"500,000"
2026-07-04,Ardri's Essence: Chest Armor,"1,570,999"
2026-07-04,Ardri's Essence: Feet Armor,"1,450,800"
2026-07-04,Ardri's Essence: Hand Armor,"1,399,999"
2026-07-04,Ardri's Essence: Leg Armor,"1,199,998"
2026-07-04,Ardri's Essence: Weapon,"1,333,300"
2026-07-04,Artisan's Refined Flask,"10,000"
2026-07-04,Artisan's Sturdy Flask,"6,443"
2026-07-04,Astera's Essence: Chest Armor,"1,000,000"
2026-07-04,Astera's Essence: Feet Armor,"1,000,000"
2026-07-04,Astera's Essence: Hand Armor,"2,000,000"
2026-07-04,Astera's Essence: Leg Armor,"2,000,000"
2026-07-04,Astera's Essence: Weapon,"740,000"
2026-07-04,Berserker Enchant Scroll,"49,998"
2026-07-04,Blessed Magic Elixir,"30,199"
2026-07-04,Blessed Magic Powder,450
2026-07-04,Bloodlust Enchant Scroll,"199,999"
2026-07-04,Blue Kitty Brooch,"1,100,000"
2026-07-04,Blue Kitty Necklace,"650,000"
2026-07-04,Blue Pigment (Apprentice),"19,399"
2026-07-04,Blue Pigment (Beginner),"9,900"
2026-07-04,Blue Pigment (Jlourneyman),"22,990"
2026-07-04,Blue Pigment (Professional),"12,000"
2026-07-04,Bountiful Enchant Scroll,"32,000,000"
2026-07-04,Bracelet Diamond,"10,000"
2026-07-04,Bracelet Emerald,"3,000"
2026-07-04,Bracelet Ruby,"5,000"
2026-07-04,Bracelet Sapphire,"5,000"
2026-07-04,Braha's Essence: Chest Armor,"100,000"
2026-07-04,Braha's Essence: Large Shield,"200,000"
2026-07-04,Bres's Moonlight Essence,"5,499,999"
2026-07-04,Bres's Shadow Essence,"3,299,900"
2026-07-04,Brilliant Kitty Necklace,"20,999,999"
2026-07-04,Brutal Enchant Scroll,"2,200,000"
2026-07-04,Capture Enchant Scroll,"899,999"
2026-07-04,Chaos Enchant Scroll,"100,000"
2026-07-04,Character-Specific Hair Coupon,"65,000,000"
2026-07-04,Charging Enchant Scroll,"999,999"
2026-07-04,Chaser's Enchant Scroll,"2,000,000"
2026-07-04,Clash Enchant Scroll,"2,254,999"
2026-07-04,Clear Additive (Apprentice),"4,900"
2026-07-04,Clear Additive (Beginner),"8,900"
2026-07-04,Clear Additive (Journeyman),"17,990"
2026-07-04,Clear Additive (Professional),900
2026-07-04,Cloth,"7,995"
2026-07-04,Complete Bracelet Diamond,"10,500,000"
2026-07-04,Complete Bracelet Emerald,"11,500,000"
2026-07-04,Complete Bracelet Ruby,"8,222,222"
2026-07-04,Complete Bracelet Sapphire,"8,493,500"
2026-07-04,Consume Enchant Scroll,"5,000,000"
2026-07-04,Conviction Enchant Scroll,"4,500,000"
2026-07-04,Cool Enchant Scroll,"500,000"
2026-07-04,Copper Bracelet,"25,998"
2026-07-04,Copper Ore,"10,402"
2026-07-04,Crescent Moon Island Power Crystal,"5,000"
2026-07-04,Cyclical Enchant Scroll,"8,888,500"
2026-07-04,Dash Enchant Scroll,"400,000"
2026-07-04,Deadly Enchant Scroll,"4,000"
2026-07-04,Decisive Enchant Scroll,"20,000"
2026-07-04,Deific Devotion A Prophecy That Cannot Be Followed,"3,750,000"
2026-07-04,Deific Devotion Dialectic of Death,"2,450,000"
2026-07-04,Deific Devotion False Confession,"4,700,000"
2026-07-04,Deific Devotion Forest of Abundance,"3,999,999"
2026-07-04,Deific Devotion Glutton's Banquet,"3,900,000"
2026-07-04,Deific Devotion Great Ministry,"2,800,000"
2026-07-04,Deific Devotion The One Who Protects the Altar,"3,500,000"
2026-07-04,Deific Devotion The Sanctuary of Reconstruction,"1,999,999"
2026-07-04,Deific Devotion Unjust Cathedral,"5,700,000"
2026-07-04,Deific Devotion Where Earth Meets Sky,"3,757,610"
2026-07-04,Destructive Enchant Scroll,"3,000,000"
2026-07-04,Dignified Enchant Scroll,"2,500,000"
2026-07-04,Dullahan's Essence: Chest Armor,"500,000"
2026-07-04,Dullahan's Essence: Feet Armor,"555,800"
2026-07-04,Dullahan's Essence: Grand Targe,"555,800"
2026-07-04,Dullahan's Essence: Large Shield,"499,995"
2026-07-04,Dullahan's Essence: Leg Armor,"500,000"
2026-07-04,Dullahan's Essence: Shield,"888,800"
2026-07-04,Dullahan's Essence: Weapon,"2,499,999"
2026-07-04,Echoing Enchant Scroll,"20,000"
2026-07-04,Element Shard,"1,800"
2026-07-04,Element Stone,"9,241"
2026-07-04,Element Stone Catalyst,"24,500"
2026-07-04,Emmett's Essence,"3,000,000"
2026-07-04,Empowered Stone,"5,900"
2026-07-04,Emptiness Erg Crystal,"6,710"
2026-07-04,Enchant Scroll Scrap: Advance,"2,000,000"
2026-07-04,Enchant Scroll Scrap: Advent,"17,000,000"
2026-07-04,Enchant Scroll Scrap: Adversarial,"12,000,000"
2026-07-04,Enchant Scroll Scrap: Amplified,"14,500,000"
2026-07-04,Enchant Scroll Scrap: Ancient,"14,000,000"
2026-07-04,Enchant Scroll Scrap: Bountiful,"18,888,888"
2026-07-04,Enchant Scroll Scrap: Brutal,"1,000,000"
2026-07-04,Enchant Scroll Scrap: Capture,"500,000"
2026-07-04,Enchant Scroll Scrap: Charge,"2,400,000"
2026-07-04,Enchant Scroll Scrap: Chaser's,"1,595,647"
2026-07-04,Enchant Scroll Scrap: Clash,"2,000,000"
2026-07-04,Enchant Scroll Scrap: Concentrated,"3,200,000"
2026-07-04,Enchant Scroll Scrap: Consume,"5,800,000"
2026-07-04,Enchant Scroll Scrap: Conviction,"5,555,555"
2026-07-04,Enchant Scroll Scrap: Cool,"1,389,499"
2026-07-04,Enchant Scroll Scrap: Cyclical,"8,499,999"
2026-07-04,Enchant Scroll Scrap: Destructive,"4,000,000"
2026-07-04,Enchant Scroll Scrap: Dignified,"2,000,000"
2026-07-04,Enchant Scroll Scrap: Escalating,"14,970,000"
2026-07-04,Enchant Scroll Scrap: Eternal,"17,777,777"
2026-07-04,Enchant Scroll Scrap: Executing,"36,666,666"
2026-07-04,Enchant Scroll Scrap: Fading,"1,250,000"
2026-07-04,Enchant Scroll Scrap: Fate,"125,000,000"
2026-07-04,Enchant Scroll Scrap: Fighting Spirit,"14,999,999"
2026-07-04,Enchant Scroll Scrap: Forgotten,"5,000,000"
2026-07-04,Enchant Scroll Scrap: Frenzy,"3,000,000"
2026-07-04,Enchant Scroll Scrap: Fresh,"20,000,000"
2026-07-04,Enchant Scroll Scrap: Hollow,"21,999,999"
2026-07-04,Enchant Scroll Scrap: Impaling,"4,999,999"
2026-07-04,Enchant Scroll Scrap: Indomitable,"8,888,888"
2026-07-04,Enchant Scroll Scrap: Instant,"15,000,100"
2026-07-04,Enchant Scroll Scrap: Irate,"4,250,000"
2026-07-04,Enchant Scroll Scrap: Lament,"1,500,000"
2026-07-04,Enchant Scroll Scrap: Madness,"4,800,000"
2026-07-04,Enchant Scroll Scrap: Praise,"18,989,999"
2026-07-04,Enchant Scroll Scrap: Prophetic,"4,000,000"
2026-07-04,Enchant Scroll Scrap: Raging,"1,489,999"
2026-07-04,Enchant Scroll Scrap: Reflection,"19,999,999"
2026-07-04,Enchant Scroll Scrap: Revenge,"2,800,000"
2026-07-04,Enchant Scroll Scrap: Sealed,"5,555,555"
2026-07-04,Enchant Scroll Scrap: Shrewd,"5,999,999"
2026-07-04,Enchant Scroll Scrap: Solitude,"7,000,000"
2026-07-04,Enchant Scroll Scrap: Sorrowful,"3,999,999"
2026-07-04,Enchant Scroll Scrap: Soul,"1,000,000"
2026-07-04,Enchant Scroll Scrap: Stern,"2,777,777"
2026-07-04,Enchant Scroll Scrap: Stylish,"9,800,000"
2026-07-04,Enchant Scroll Scrap: Subdued,"5,555,555"
2026-07-04,Enchant Scroll Scrap: Tempestuous,"6,000,000"
2026-07-04,Enchant Scroll Scrap: Tragic,"29,999,998"
2026-07-04,Enchant Scroll Scrap: Transcendent,"11,000,000"
2026-07-04,Enchant Scroll Scrap: Trial,"19,999,999"
2026-07-04,Enchant Scroll Scrap: Twisted,"9,500,000"
2026-07-04,Enchant Scroll Scrap: Vehement,"398,999"
2026-07-04,Enchant Scroll Scrap: Veiled,"16,200,000"
2026-07-04,Enchant Scroll Scrap: Victorious,"6,499,999"
2026-07-04,Enchant Scroll Scrap: Wave,"25,380,000"
2026-07-04,Enchant Scroll Scrap: Weeping,"5,000,000"
2026-07-04,Enchant Scroll Scrap: Withered,"13,000,000"
2026-07-04,Enhanced New Era Cloth,"38,500"
2026-07-04,Enhanced New Era Leather,"39,000"
2026-07-04,Enhanced New Era Orb,"20,000"
2026-07-04,Enhanced New Era Ore,"50,000"
2026-07-04,Enhancement Elixir,957
2026-07-04,Enmity Enchant Scroll,"4,000,000"
2026-07-04,Enok's Essence,"2,500,000"
2026-07-04,Enthusiastic Enchant Scroll,"88,500"
2026-07-04,Eriu Advancement Stone: Head Armor,"66,666,666"
2026-07-04,Eriu Advancement Stone: Leg Armor,"66,666,666"
2026-07-04,Eriu Advancement Stone: Weapon,"34,999,999"
2026-07-04,Eriu Book,"66,666,666"
2026-07-04,Eriu Fragment: Auxiliary Equipment,"8,881,519"
2026-07-04,Eriu Fragment: Chest Armor,"4,888,888"
2026-07-04,Eriu Fragment: Leg Armor,"2,499,999"
2026-07-04,Eriu Fragment: Roots of Abundance,"8,000,000"
2026-07-04,Eriu Fragment: Starlight Belt,"5,500,000"
2026-07-04,Eriu Fragment: Weapon,"3,900,000"
2026-07-04,Escalating Enchant Scroll,"30,000,000"
2026-07-04,Eternal Enchant Scroll,"21,111,111"
2026-07-04,Eternal Legacy,"100,000"
2026-07-04,Eternity Erg Crystal,"7,999"
2026-07-04,Executing Enchant Scroll,"90,000,000"
2026-07-04,Expeditionary Enchant Scroll,"20,000"
2026-07-04,Exquisite Cloth,599
2026-07-04,Exquisite HP Potion,"20,000"
2026-07-04,Exquisite Iron Ore,100
2026-07-04,Fading Enchant Scroll,"299,500"
2026-07-04,Fallen One's Rhod Compass,"67,500,000"
2026-07-04,Fallen One's Rusty Rhod Compass,"19,999,999"
2026-07-04,Fallen One's Shiny Rhod Compass,"150,000,000"
2026-07-04,Fast Enchant Scroll,"500,000"
2026-07-04,Fate Enchant Scroll,"450,000,000"
2026-07-04,Fear of the Divide,"5,000,000"
2026-07-04,Fighting Belt,"12,228,225"
2026-07-04,Fighting Spirit Enchant Scroll,"16,500,000"
2026-07-04,Fine Bracelet Diamond,"100,000"
2026-07-04,Fine Bracelet Emerald,"188,888"
2026-07-04,Fine Bracelet Ruby,"200,000"
2026-07-04,Fine Bracelet Sapphire,"380,000"
2026-07-04,Fine Cloth,"3,791"
2026-07-04,Fine Fobellow Tin,"5,555"
2026-07-04,Fine HP Potion,"1,100"
2026-07-04,Fine Iron Ore,"8,000"
2026-07-04,Fire Spirit Remnant,999
2026-07-04,Flask of Niflheim,"1,134,799"
2026-07-04,Fleet Enchant Scroll,"5,000"
2026-07-04,Forgotten Enchant Scroll,"9,000,000"
2026-07-04,Fragrant Additive (Apprentice),"37,990"
2026-07-04,Fragrant Additive (Beginner),"7,900"
2026-07-04,Fragrant Additive (Journeyman),"32,900"
2026-07-04,Fragrant Additive (Professional),"3,000"
2026-07-04,Frenzy Enchant Scroll,"999,999"
2026-07-04,Godly Cloth,"10,000"
2026-07-04,Godly Iron Ore,"4,525"
2026-07-04,Goibhniu's Enhancement Stone,"2,666,666"
2026-07-04,Goibhniu's Stone+,"5,387,999"
2026-07-04,Gold Bracelet,"20,900,000"
2026-07-04,Gold Ore,10
2026-07-04,Gray Twilight Brooch,"19,000,000"
2026-07-04,Greater Bronze Lion Statue,"350,000"
2026-07-04,Greater Succubus Fang,"500,000"
2026-07-04,Healthy Enchant Scroll,"999,999"
2026-07-04,Heartless Enchant Scroll,"30,000"
2026-07-04,Heavenly Leather,"10,000"
2026-07-04,Hoarfrost Hollow Erg Crystal,"8,888"
2026-07-04,Hollow Enchant Scroll,"44,000,000"
2026-07-04,Ice Crystal,400
2026-07-04,Impaling Enchant Scroll,"500,000"
2026-07-04,Indomitable Enchant Scroll,"20,000,000"
2026-07-04,Inherited Power: Fragments,"8,454"
2026-07-04,Instant Enchant Scroll,"22,000,000"
2026-07-04,Intermediate Element Stone,"200,000"
2026-07-04,Irate Enchant Scroll,"8,000,000"
2026-07-04,Iron Ore,"11,995"
2026-07-04,Jardin Steel,"40,000"
2026-07-04,Jarnir's Essence,"6,999,000"
2026-07-04,Keen Eriu Crystal,"1,320,000"
2026-07-04,Keen Legacy Shard,"1,000,000"
2026-07-04,Keen Legendary Chunk,"1,999,800"
2026-07-04,Keen Legendary Ore,"333,800"
2026-07-04,Keen Succession Ore,"467,285"
2026-07-04,Keen Uaithne Crystal,"2,080,000"
2026-07-04,Kitty Brooch,"200,000"
2026-07-04,Lambent Powder,950
2026-07-04,Lament Enchant Scroll,"499,999"
2026-07-04,Life Erg Crystal,"7,108"
2026-07-04,Life Spirit Remnant,"6,500"
2026-07-04,Light Erg Crystal,"7,777"
2026-07-04,Lightweight Eriu Crystal,"670,000"
2026-07-04,Lightweight Legendary Chunk,"1,000,000"
2026-07-04,Lightweight Legendary Ore,"400,000"
2026-07-04,Lightweight Succession Ore,"2,800,800"
2026-07-04,Lightweight Uaithne Crystal,"2,557,223"
2026-07-04,Lord's Glowing Obsidian Bracelet,"750,000,000"
2026-07-04,Lord's Rusty Obsidian Bracelet,"369,696,969"
2026-07-04,Lucian's Essence,"2,600,000"
2026-07-04,Lugh Lamhfada's Essence: Feet Armor,"1,500,000"
2026-07-04,Lugh Lamhfada's Essence: Grand Targe,"947,800"
2026-07-04,Madness Enchant Scroll,"3,000,000"
2026-07-04,Magic Elixir,"34,999"
2026-07-04,Magic Elixir of Life,"11,999"
2026-07-04,Magic Powder,"8,888"
2026-07-04,Magic Stone,"2,500"
2026-07-04,Mana Dust,"1,000"
2026-07-04,Mana Reformer,"5,000"
2026-07-04,Mark of Friendship,"10,000"
2026-07-04,Meaningful Enchant Scroll,"1,333,333"
2026-07-04,Memorable Enchant Scroll,"19,999"
2026-07-04,Milletian's Essence: Feet Armor,"2,999,800"
2026-07-04,Milletian's Essence: Leg Armor,"999,800"
2026-07-04,Milo's Essence,"1,900,000"
2026-07-04,Morgant's Essence,"2,022,751"
2026-07-04,Mysterious Shard Grade 1,"78,738"
2026-07-04,Mysterious Shard Grade 2,"389,999"
2026-07-04,Mysterious Shard Grade 3,"900,000"
2026-07-04,Mystic Enchant Scroll,"75,980,000"
2026-07-04,New Era Cloth,"33,479"
2026-07-04,New Era Leather,"34,151"
2026-07-04,New Era Orb,"8,000"
2026-07-04,New Era Ore,"7,450"
2026-07-04,New Era Remnant,24
2026-07-04,New Era Stone,"8,900"
2026-07-04,Obsidian Kitty Necklace,"155,000,000"
2026-07-04,Orb,"8,500"
2026-07-04,Orna's Essence,"650,000"
2026-07-04,Orna's Essence: Chest Armor,"1,500,000"
2026-07-04,Orna's Essence: Feet Armor,"1,650,000"
2026-07-04,Orna's Essence: Hand Armor,"1,498,000"
2026-07-04,Orna's Essence: Leg Armor,"1,650,000"
2026-07-04,Orna's Essence: Weapon,"1,650,000"
2026-07-04,Outburst Enchant Scroll,"22,500"
2026-07-04,Paradise Orb,"2,691"
2026-07-04,Paradise Stone,"7,700"
2026-07-04,Party Revival Feather,"99,999"
2026-07-04,Passion Enchant Scroll,"875,000"
2026-07-04,Peaceful Enchant Scroll,"1,000,000"
2026-07-04,Perfect Legendary Chunk,"333,800"
2026-07-04,Perfect Succession Ore,"2,000,000"
2026-07-04,Perfect Uaithne Crystal,"2,518,659"
2026-07-04,Petrify Enchant Scroll,"1,990,000"
2026-07-04,Prairie Erg Crystal,"5,900"
2026-07-04,Praise Enchant Scroll,"29,676,767"
2026-07-04,Premium Armor Enhancement Rune,"45,000,000"
2026-07-04,Premium Enhancement Rune,"55,000,000"
2026-07-04,Prophetic Enchant Scroll,"6,000,000"
2026-07-04,Quiet Enchant Scroll,"500,000"
2026-07-04,Rage Erg Crystal,"4,899"
2026-07-04,Raging Enchant Scroll,"1,499,999"
2026-07-04,Red Kitty Necklace,"1,500,000"
2026-07-04,Red Moon Brooch,"21,000,000"
2026-07-04,Red Pigment (Apprentice),"15,900"
2026-07-04,Red Pigment (Beginner),"8,095"
2026-07-04,Red Pigment (Journeyman),"6,890"
2026-07-04,Red Pigment (Professional),"15,555"
2026-07-04,Reflection Enchant Scroll,"30,600,000"
2026-07-04,Regina's Feather: Large Shield,"1,111,800"
2026-07-04,Resolved Enchant Scroll,"1,500,000"
2026-07-04,Revenge Enchant Scroll,"10,000,000"
2026-07-04,Righteous Enchant Scroll,"100,000"
2026-07-04,Robust Eriu Crystal,"1,520,425"
2026-07-04,Robust Uaithne Crystal,"821,234"
2026-07-04,Roots of Abundance,"75,000,000"
2026-07-04,Ruins Erg Crystal,"1,999"
2026-07-04,Sacred Erg Crystal,"5,800"
2026-07-04,Salt Flower,"6,500"
2026-07-04,Sanctuary Earrings,"10,000,000"
2026-07-04,Scattered Essence Box,"150,000"
2026-07-04,Sealed Power: Fragments,"40,000"
2026-07-04,Semias' Essence,"4,969,471"
2026-07-04,Seraphic Feathers Brooch,"12,999,999"
2026-07-04,Ship Graveyard Power Crystal,"5,000"
2026-07-04,Shrewd Enchant Scroll,"4,786,712"
2026-07-04,Shrouded Moonlight,"10,900,000"
2026-07-04,Significant Enchant Scroll,"200,500"
2026-07-04,Silence Erg Crystal,"11,999"
2026-07-04,Silver Bracelet,"100,000"
2026-07-04,Silver Ore,"3,383"
2026-07-04,Smooth Eriu Crystal,"1,751,824"
2026-07-04,Smooth Legacy Shard,"350,000"
2026-07-04,Smooth Legendary Chunk,"499,995"
2026-07-04,Smooth Legendary Ore,"300,000"
2026-07-04,Smooth Legendary Shard,"169,800"
2026-07-04,Smooth Succession Ore,"309,990"
2026-07-04,Smooth Succession Shard,"555,800"
2026-07-04,Smooth Uaithne Crystal,"444,444"
2026-07-04,Solid Eriu Crystal,"1,190,000"
2026-07-04,Solid Legacy Shard,"400,000"
2026-07-04,Solid Legendary Chunk,"333,000"
2026-07-04,Solid Legendary Ore,"300,000"
2026-07-04,Solid Legendary Shard,"2,000,000"
2026-07-04,Solid Succession Ore,"1,016,445"
2026-07-04,Solid Succession Shard,"999,800"
2026-07-04,Solid Uaithne Crystal,"977,777"
2026-07-04,Solitude Enchant Scroll,"12,990,000"
2026-07-04,Sorrowful Enchant Scroll,"1,000,000"
2026-07-04,Space Time Enchant Scroll,"200,000"
2026-07-04,Special Dungeon: Enchant Pouch,"12,180,000"
2026-07-04,Spinos' Essence,"4,200,000"
2026-07-04,Spirit Magic Powder,"13,500"
2026-07-04,Spirit Remnant,"1,500"
2026-07-04,Spirit Water,"1,099"
2026-07-04,Stable Eriu Crystal,"2,200,000"
2026-07-04,Stable Legacy Shard,"249,999"
2026-07-04,Stable Legendary Chunk,"1,999,800"
2026-07-04,Stable Succession Ore,"1,999,000"
2026-07-04,Stable Uaithne Crystal,"2,500,000"
2026-07-04,Star Fruit,"6,500"
2026-07-04,Starlight Belt,"87,999,999"
2026-07-04,Stern Enchant Scroll,"5,555,555"
2026-07-04,Stigma Enchant Scroll,"15,000"
2026-07-04,Stroll Enchant Scroll,"1,500,000"
2026-07-04,Stylish Enchant Scroll,"9,800,000"
2026-07-04,Subdued Enchant Scroll,"1,110,500"
2026-07-04,Superior Bracelet Diamond,"2,500,000"
2026-07-04,Superior Bracelet Emerald,"3,000,000"
2026-07-04,Superior Bracelet Ruby,"2,000,000"
2026-07-04,Superior Bracelet Sapphire,"2,000,000"
2026-07-04,Superior Cloth,"1,000"
2026-07-04,Superior Element Stone,"710,000"
2026-07-04,Superior Enhancement Elixir,"139,728"
2026-07-04,Superior HP Potion,"9,799"
2026-07-04,Superior Iron Ore,"9,000"
2026-07-04,Superior Leather,"70,000"
2026-07-04,Tarian Steel,"2,900,000"
2026-07-04,Tempestuous Enchant Scroll,"7,490,000"
2026-07-04,Terminus Sentinel Essence: Chest Armor,"300,000"
2026-07-04,Terminus Sentinel Essence: Grand Targe,"1,500,000"
2026-07-04,Terminus Sentinel Essence: Large Shield,"499,999"
2026-07-04,Terminus Sentinel Essence: Shield,"700,000"
2026-07-04,Terminus Sentinel Essence: Weapon,"777,777"
2026-07-04,Terra Spirit Remnant,880
2026-07-04,The Book of Legacy,"10,000,000"
2026-07-04,The Book of Orna,"10,000,000"
2026-07-04,The Book of Succession,"10,000,000"
2026-07-04,The Book of Uaithne,"39,999,999"
2026-07-04,The Cursed Belt,"90,000,000"
2026-07-04,The Dead Enchant Scroll,"910,050"
2026-07-04,The Watcher's Glowing Mysterious Cat Statue,"85,000,000"
2026-07-04,The Watcher's Glowing Succubus Fang,"92,222,222"
2026-07-04,The Watcher's Mysterious Cat Statue,"24,000,000"
2026-07-04,The Watcher's Rusty Mysterious Cat Statue,"4,000,000"
2026-07-04,The Watcher's Rusty Succubus Fang,"3,000,000"
2026-07-04,The Watcher's Rusty War Goddess Statue,"3,881,000"
2026-07-04,The Watcher's Rusty Werewolf Paw,"8,100,000"
2026-07-04,The Watcher's Glowing War Goddess Statue,"89,000,000"
2026-07-04,The Watcher's Glowing Werewolf Paw,"160,000,000"
2026-07-04,The Watcher's Succubus Fang,"23,000,000"
2026-07-04,The Watcher's War Goddess Statue,"23,000,000"
2026-07-04,The Watcher's Werewolf Paw,"30,999,999"
2026-07-04,Thick Additive (Apprentice),"36,500"
2026-07-04,Thick Additive (Beginner),"8,900"
2026-07-04,Thick Additive (Journeyman),"13,990"
2026-07-04,Thick Additive (Professional),"5,500"
2026-07-04,Token of Quiet,"65,000,000"
2026-07-04,Tragic Enchant Scroll,"41,111,111"
2026-07-04,Transcendent Enchant Scroll,"14,568,918"
2026-07-04,Trial Enchant Scroll,"23,391,666"
2026-07-04,Tutelary Enchant Scroll,"100,000"
2026-07-04,Twilight Desert Source,"10,999"
2026-07-04,Twilight Erg Crystal,"20,000"
2026-07-04,Twisted Enchant Scroll,"10,000,000"
2026-07-04,Uaithne Advancement Stone: Chest Armor,"55,555,555"
2026-07-04,Uaithne Advancement Stone: Feet Armor,"55,555,555"
2026-07-04,Uaithne Advancement Stone: Hand Armor,"55,555,555"
2026-07-04,Uaithne Advancement Stone: Head Armor,"55,555,555"
2026-07-04,Uaithne Advancement Stone: Leg Armor,"55,555,555"
2026-07-04,Uaithne Advancement Stone: Weapon,"88,888,888"
2026-07-04,Uaithne Crystal,"17,966,942"
2026-07-04,Uaithne Fragment: Auxiliary Equipment,"396,879"
2026-07-04,Uaithne Fragment: Chest Armor,"2,900,000"
2026-07-04,Uaithne Fragment: Feet Armor,"2,353,535"
2026-07-04,Uaithne Fragment: Leg Armor,"2,124,999"
2026-07-04,Uaithne Fragment: The Cursed Belt,"6,000,000"
2026-07-04,Uaithne Fragment: The Sun's Wish,"5,500,000"
2026-07-04,Uaithne Fragment: Token of Quiet,"7,777,777"
2026-07-04,Uaithne Fragment: Token of Silence,"6,180,000"
2026-07-04,Uaithne Fragment: Weapon,"2,820,000"
2026-07-04,Uaithne Remnant,"1,000"
2026-07-04,Unknowable Power: Fragments,"160,000"
2026-07-04,Unrelenting Uaithne Crystal,"599,999"
2026-07-04,Unstable Enhancement Rune,"6,392,844"
2026-07-04,Usurper's Rhod Compass,"8,000,000"
2026-07-04,Usurper's Rusty Rhod Compass,"2,222,222"
2026-07-04,Usurper's Shiny Rhod Compass,"12,950,000"
2026-07-04,Vehement Enchant Scroll,"500,000"
2026-07-04,Veiled Enchant Scroll,"18,450,999"
2026-07-04,Victorious Enchant Scroll,"7,000,000"
2026-07-04,Waking Stone: Cooldown (4 sec),"100,000"
2026-07-04,Waking Stone: Cooldown (5 sec),"125,555"
2026-07-04,Waking Stone: Damage Boost (10%),"1,888,888"
2026-07-04,Waking Stone: Damage Boost (8%),999
2026-07-04,Waking Stone: Efficient SP (70),"131,249"
2026-07-04,Waking Stone: Efficient SP (80),"15,000,000"
2026-07-04,Waking Stone: Efficient Stamina (5),"50,000"
2026-07-04,Waking Stone: Efficient SP (60),"25,000"
2026-07-04,Waking Stone: Major Cooldown (20 sec),300
2026-07-04,Waking Stone: Major Cooldown (22 sec),"20,000"
2026-07-04,Water Erg Crystal,"10,000"
2026-07-04,Wave Enchant Scroll,"36,000,000"
2026-07-04,Weeping Enchant Scroll,500
2026-07-04,Well-Balanced Enchant Scroll,"200,000"
2026-07-04,White Kitty Brooch,"999,999"
2026-07-04,White Kitty Necklace,"288,888"
2026-07-04,Wish Enchant Scroll,"3,333,333"
2026-07-04,Withered Enchant Scroll,"19,999,997"
2026-07-04,Yellow Pigment (Apprentice),"15,500"
2026-07-04,Yellow Pigment (Beginner),"7,806"
2026-07-04,Yellow Pigment (Journeyman),"11,000"
2026-07-04,Yellow Pigment (Professional),"9,999"
2026-07-06,Abomination's Essence: Hand Armor,"1,000,000"
2026-07-06,Abomination's Essence: Head Armor,"1,500,000"
2026-07-06,Abomination's Essence: Leg Armor,"1,500,000"
2026-07-06,Abomination's Essence: Weapon,"1,500,000"
2026-07-06,Abyssal Shard Grade 1,"104,105"
2026-07-06,Abyssal Shard Grade 2,"339,000"
2026-07-06,Abyssal Shard Grade 3,"1,600,000"
2026-07-06,Advance Enchant Scroll,"1,300,000"
2026-07-06,Advent Enchant Scroll,"18,999,999"
2026-07-06,Adversarial Enchant Scroll,"13,777,777"
2026-07-06,Amplified Enchant Scroll,"16,000,000"
2026-07-06,Ancient Elemental Accessory Shard,"20,000"
2026-07-06,Ancient Elemental Armor Shard,"6,400"
2026-07-06,Ancient Elemental Cloth Bundle,"7,730"
2026-07-06,Ancient Elemental Weapon Shard,"6,830"
2026-07-06,Ancient Erg Crystal,"10,933"
2026-07-06,Ancient Spirit Magic Powder,"60,000"
2026-07-06,Ardri's Essence: Chest Armor,"1,567,969"
2026-07-06,Ardri's Essence: Hand Armor,"1,399,999"
2026-07-06,Ardri's Essence: Head Armor,"1,100,000"
2026-07-06,Ardri's Essence: Leg Armor,"1,298,985"
2026-07-06,Ardri's Essence: Weapon,"1,331,999"
2026-07-06,Artisan's Refined Flask,"9,999"
2026-07-06,Artisan's Sturdy Flask,"6,443"
2026-07-06,Astera's Essence: Chest Armor,"1,000,000"
2026-07-06,Astera's Essence: Feet Armor,"1,000,000"
2026-07-06,Astera's Essence: Hand Armor,"2,000,000"
2026-07-06,Astera's Essence: Head Armor,"300,000"
2026-07-06,Astera's Essence: Leg Armor,"2,000,000"
2026-07-06,Astera's Essence: Weapon,"740,000"
2026-07-06,Blessed Magic Elixir,"30,431"
2026-07-06,Blessed Magic Powder,440
2026-07-06,Bloodlust Enchant Scroll,"199,999"
2026-07-06,Blue Kitty Brooch,"1,100,000"
2026-07-06,Blue Kitty Necklace,"650,000"
2026-07-06,Bountiful Enchant Scroll,"34,888,000"
2026-07-06,Bracelet Diamond,"12,000"
2026-07-06,Bracelet Emerald,"4,499"
2026-07-06,Bracelet Ruby,"8,000"
2026-07-06,Bracelet Sapphire,"7,999"
2026-07-06,Braha's Essence: Chest Armor,"100,000"
2026-07-06,Braha's Essence: Hand Armor,"100,000"
2026-07-06,Braha's Essence: Large Shield,"200,000"
2026-07-06,Bres's Moonlight Essence,"5,500,000"
2026-07-06,Brilliant Kitty Necklace,"20,999,999"
2026-07-06,Brutal Enchant Scroll,"2,450,000"
2026-07-06,Calm Enchant Scroll,"400,000"
2026-07-06,Capture Enchant Scroll,"40,000"
2026-07-06,Cessair's Essence,"1,000,000"
2026-07-06,Charging Enchant Scroll,"800,000"
2026-07-06,Chaser's Enchant Scroll,"1,800,000"
2026-07-06,Clash Enchant Scroll,"4,254,999"
2026-07-06,Complete Bracelet Diamond,"11,000,000"
2026-07-06,Complete Bracelet Emerald,"8,000,000"
2026-07-06,Complete Bracelet Ruby,"7,600,000"
2026-07-06,Complete Bracelet Sapphire,"8,200,000"
2026-07-06,Concentrated Enchant Scroll,"5,000,000"
2026-07-06,Concerted Enchant Scroll,"800,500"
2026-07-06,Consume Enchant Scroll,"3,500,000"
2026-07-06,Conviction Enchant Scroll,"5,000,000"
2026-07-06,Cool Enchant Scroll,"280,000"
2026-07-06,Copper Bracelet,"25,997"
2026-07-06,Copper Ore,"5,555"
2026-07-06,Crescent Moon Island Power Crystal,"4,000"
2026-07-06,Cyclical Enchant Scroll,"5,000,000"
2026-07-06,Dash Enchant Scroll,"99,999"
2026-07-06,Decisive Enchant Scroll,"20,000"
2026-07-06,Destructive Enchant Scroll,"1,250,000"
2026-07-06,Dignified Enchant Scroll,"500,000"
2026-07-06,Dullahan's Essence: Chest Armor,"555,800"
2026-07-06,Dullahan's Essence: Feet Armor,"555,800"
2026-07-06,Dullahan's Essence: Grand Targe,"555,800"
2026-07-06,Dullahan's Essence: Hand Armor,"555,800"
2026-07-06,Dullahan's Essence: Large Shield,"499,995"
2026-07-06,Dullahan's Essence: Leg Armor,"555,800"
2026-07-06,Dullahan's Essence: Shield,"888,800"
2026-07-06,Echoing Enchant Scroll,"20,000"
2026-07-06,Element Shard,"3,934"
2026-07-06,Element Stone,"6,666"
2026-07-06,Element Stone Catalyst,"25,351"
2026-07-06,Emmett's Essence,"3,099,999"
2026-07-06,Empowered Stone,"19,220"
2026-07-06,Emptiness Erg Crystal,"5,700"
2026-07-06,Enchant Scroll Scrap: Advance,"1,420,420"
2026-07-06,Enchant Scroll Scrap: Advent,"14,048,080"
2026-07-06,Enchant Scroll Scrap: Adversarial,"14,000,000"
2026-07-06,Enchant Scroll Scrap: Amplified,"14,500,000"
2026-07-06,Enchant Scroll Scrap: Ancient,"13,999,999"
2026-07-06,Enchant Scroll Scrap: Bountiful,"23,000,000"
2026-07-06,Enchant Scroll Scrap: Brutal,"1,000,000"
2026-07-06,Enchant Scroll Scrap: Charge,"2,399,999"
2026-07-06,Enchant Scroll Scrap: Chaser's,"1,856,100"
2026-07-06,Enchant Scroll Scrap: Clash,"2,000,000"
2026-07-06,Enchant Scroll Scrap: Concentrated,"2,200,000"
2026-07-06,Enchant Scroll Scrap: Consume,"5,000,000"
2026-07-06,Enchant Scroll Scrap: Conviction,"5,555,555"
2026-07-06,Enchant Scroll Scrap: Cool,"1,188,888"
2026-07-06,Enchant Scroll Scrap: Cyclical,"8,499,999"
2026-07-06,Enchant Scroll Scrap: Destructive,"3,500,000"
2026-07-06,Enchant Scroll Scrap: Dignified,"1,955,100"
2026-07-06,Enchant Scroll Scrap: Enmity,"5,000,000"
2026-07-06,Enchant Scroll Scrap: Escalating,"19,000,000"
2026-07-06,Enchant Scroll Scrap: Eternal,"17,777,777"
2026-07-06,Enchant Scroll Scrap: Executing,"35,000,000"
2026-07-06,Enchant Scroll Scrap: Fading,"1,250,000"
2026-07-06,Enchant Scroll Scrap: Fighting Spirit,"14,800,000"
2026-07-06,Enchant Scroll Scrap: Forgotten,"4,400,000"
2026-07-06,Enchant Scroll Scrap: Frenzy,"1,500,000"
2026-07-06,Enchant Scroll Scrap: Hollow,"21,999,999"
2026-07-06,Enchant Scroll Scrap: Impaling,"498,000"
2026-07-06,Enchant Scroll Scrap: Indomitable,"6,999,999"
2026-07-06,Enchant Scroll Scrap: Instant,"15,000,000"
2026-07-06,Enchant Scroll Scrap: Irate,"2,500,000"
2026-07-06,Enchant Scroll Scrap: Lament,"999,999"
2026-07-06,Enchant Scroll Scrap: Madness,"4,800,000"
2026-07-06,Enchant Scroll Scrap: Meaningful,"3,000,000"
2026-07-06,Enchant Scroll Scrap: Mystic,"35,000,000"
2026-07-06,Enchant Scroll Scrap: Praise,"19,543,999"
2026-07-06,Enchant Scroll Scrap: Prophetic,"4,000,000"
2026-07-06,Enchant Scroll Scrap: Raging,"1,400,000"
2026-07-06,Enchant Scroll Scrap: Reflection,"19,999,999"
2026-07-06,Enchant Scroll Scrap: Revenge,"4,000,000"
2026-07-06,Enchant Scroll Scrap: Sealed,"5,555,555"
2026-07-06,Enchant Scroll Scrap: Shrewd,"6,000,000"
2026-07-06,Enchant Scroll Scrap: Solitude,"7,100,000"
2026-07-06,Enchant Scroll Scrap: Sorrowful,"3,000,000"
2026-07-06,Enchant Scroll Scrap: Soul,"1,000,000"
2026-07-06,Enchant Scroll Scrap: Stern,"9,999,999"
2026-07-06,Enchant Scroll Scrap: Stylish,"11,600,000"
2026-07-06,Enchant Scroll Scrap: Subdued,"5,555,555"
2026-07-06,Enchant Scroll Scrap: Tempestuous,"7,999,999"
2026-07-06,Enchant Scroll Scrap: Tragic,"29,900,000"
2026-07-06,Enchant Scroll Scrap: Transcendent,"9,999,999"
2026-07-06,Enchant Scroll Scrap: Trial,"17,000,000"
2026-07-06,Enchant Scroll Scrap: Vehement,"1,999,999"
2026-07-06,Enchant Scroll Scrap: Veiled,"15,500,000"
2026-07-06,Enchant Scroll Scrap: Victorious,"6,499,999"
2026-07-06,Enchant Scroll Scrap: Wave,"22,850,000"
2026-07-06,Enchant Scroll Scrap: Weeping,"5,000,000"
2026-07-06,Enchant Scroll Scrap: Withered,"11,465,000"
2026-07-06,Enhanced New Era Cloth,"37,999"
2026-07-06,Enhanced New Era Leather,"36,999"
2026-07-06,Enhanced New Era Orb,"25,163"
2026-07-06,Enhanced New Era Ore,"58,195"
2026-07-06,Enhancement Elixir,"1,008"
2026-07-06,Enmity Enchant Scroll,"4,999,999"
2026-07-06,Enok's Essence,"2,890,000"
2026-07-06,Enthusiastic Enchant Scroll,"80,000"
2026-07-06,Eriu Advancement Stone: Head Armor,"66,666,666"
2026-07-06,Eriu Advancement Stone: Leg Armor,"66,666,666"
2026-07-06,Eriu Advancement Stone: Weapon,"34,999,999"
2026-07-06,Eriu Book,"66,666,666"
2026-07-06,Eriu Fragment: Auxiliary Equipment,"8,400,000"
2026-07-06,Eriu Fragment: Chest Armor,"2,400,000"
2026-07-06,Eriu Fragment: Head Armor,"2,030,377"
2026-07-06,Eriu Fragment: Leg Armor,"2,908,774"
2026-07-06,Eriu Fragment: Roots of Abundance,"6,100,000"
2026-07-06,Eriu Fragment: Starlight Belt,"6,700,000"
2026-07-06,Eriu Fragment: Weapon,"3,800,430"
2026-07-06,Escalating Enchant Scroll,"29,999,999"
2026-07-06,Eternal Enchant Scroll,"19,000,000"
2026-07-06,Eternity Erg Crystal,"9,500"
2026-07-06,Executing Enchant Scroll,"84,900,000"
2026-07-06,Expeditionary Enchant Scroll,"20,000"
2026-07-06,Exquisite Cloth,909
2026-07-06,Exquisite Iron Ore,98
2026-07-06,Fading Enchant Scroll,"249,000"
2026-07-06,Fallen One's Rhod Compass,"67,500,000"
2026-07-06,Fallen One's Rusty Rhod Compass,"22,000,000"
2026-07-06,Fallen One's Shiny Rhod Compass,"149,999,999"
2026-07-06,Fast Enchant Scroll,"500,000"
2026-07-06,Fate Enchant Scroll,"450,000,000"
2026-07-06,Fear of the Divide,"4,444,444"
2026-07-06,Fighting Belt,"12,228,225"
2026-07-06,Fighting Spirit Enchant Scroll,"19,000,000"
2026-07-06,Fine Bracelet Diamond,"115,000"
2026-07-06,Fine Bracelet Emerald,"200,000"
2026-07-06,Fine Bracelet Ruby,"200,000"
2026-07-06,Fine Bracelet Sapphire,"122,625"
2026-07-06,Fine Cloth,"1,500"
2026-07-06,Fine Fobellow Tin,"5,555"
2026-07-06,Fine Iron Ore,"4,420"
2026-07-06,Fire Spirit Remnant,900
2026-07-06,Flask of Niflheim,"1,178,292"
2026-07-06,Fleet Enchant Scroll,"149,500"
2026-07-06,Forgotten Enchant Scroll,"6,500,000"
2026-07-06,Frenzy Enchant Scroll,"3,000,000"
2026-07-06,Fresh Enchant Scroll,"40,000,000"
2026-07-06,Godly Cloth,"8,645"
2026-07-06,Godly Iron Ore,"4,310"
2026-07-06,Goibhniu's Enhancement Stone,"2,450,000"
2026-07-06,Goibhniu's Stone+,"5,268,999"
2026-07-06,Gold Bracelet,"20,990,000"
2026-07-06,Gold Ore,70
2026-07-06,Gray Twilight Brooch,"19,000,000"
2026-07-06,Greater Bronze Lion Statue,"350,000"
2026-07-06,Greater Succubus Fang,"290,000"
2026-07-06,Greater War Goddess Statue,"400,000"
2026-07-06,Healthy Enchant Scroll,"999,999"
2026-07-06,Heartless Enchant Scroll,"5,000"
2026-07-06,Heavenly Leather,"10,000"
2026-07-06,Hoarfrost Hollow Erg Crystal,"4,500"
2026-07-06,Hollow Enchant Scroll,"41,000,000"
2026-07-06,Impaling Enchant Scroll,"5,000,000"
2026-07-06,Indomitable Enchant Scroll,"14,000,000"
2026-07-06,Infinite Enchant Scroll,"50,000"
2026-07-06,Inherited Power: Fragments,"8,500"
2026-07-06,Instant Enchant Scroll,"19,000,000"
2026-07-06,Intermediate Element Stone,"301,606"
2026-07-06,Irate Enchant Scroll,"3,799,989"
2026-07-06,Iron Ore,"13,000"
2026-07-06,Jardin Steel,"30,000"
2026-07-06,Jarnir's Essence,"5,999,999"
2026-07-06,Keen Eriu Crystal,"929,999"
2026-07-06,Keen Legacy Shard,"1,000,000"
2026-07-06,Keen Legendary Chunk,"1,999,800"
2026-07-06,Keen Legendary Ore,"333,800"
2026-07-06,Keen Succession Ore,"466,800"
2026-07-06,Keen Uaithne Crystal,"2,499,000"
2026-07-06,Kitty Brooch,"200,000"
2026-07-06,Lambent Powder,950
2026-07-06,Lament Enchant Scroll,"634,999"
2026-07-06,Life Erg Crystal,"5,851"
2026-07-06,Life Spirit Remnant,"42,000"
2026-07-06,Light Erg Crystal,"12,341"
2026-07-06,Lightweight Eriu Crystal,"499,999"
2026-07-06,Lightweight Legacy Shard,"1,500,000"
2026-07-06,Lightweight Legendary Chunk,"1,000,000"
2026-07-06,Lightweight Legendary Ore,"400,000"
2026-07-06,Lightweight Succession Ore,"799,999"
2026-07-06,Lightweight Uaithne Crystal,"3,290,000"
2026-07-06,Lord's Glowing Obsidian Bracelet,"750,000,000"
2026-07-06,Lord's Rusty Obsidian Bracelet,"350,000,000"
2026-07-06,Lugh Lamhfada's Essence: Feet Armor,"1,500,000"
2026-07-06,Lugh Lamhfada's Essence: Grand Targe,"800,800"
2026-07-06,Madness Enchant Scroll,"9,999,999"
2026-07-06,Magic Elixir,"49,993"
2026-07-06,Magic Elixir of Life,"12,000"
2026-07-06,Magic Powder,"9,018"
2026-07-06,Magic Stone,"2,500"
2026-07-06,Mana Reformer,"5,000"
2026-07-06,Mark of Friendship,"10,000"
2026-07-06,Meaningful Enchant Scroll,"1,268,879"
2026-07-06,Memorable Enchant Scroll,"20,000"
2026-07-06,Milletian's Essence: Feet Armor,"2,999,800"
2026-07-06,Milo's Essence,"1,500,000"
2026-07-06,Mysterious Shard Grade 1,"77,888"
2026-07-06,Mysterious Shard Grade 2,"288,800"
2026-07-06,Mysterious Shard Grade 3,"788,888"
2026-07-06,Mystic Enchant Scroll,"74,900,000"
2026-07-06,New Era Cloth,"27,995"
2026-07-06,New Era Leather,"28,400"
2026-07-06,New Era Orb,"7,552"
2026-07-06,New Era Ore,"9,556"
2026-07-06,New Era Remnant,25
2026-07-06,New Era Stone,"8,399"
2026-07-06,Obsidian Kitty Necklace,"155,000,000"
2026-07-06,Orb,"8,251"
2026-07-06,Orna's Essence: Chest Armor,"1,500,000"
2026-07-06,Orna's Essence: Feet Armor,"1,780,000"
2026-07-06,Orna's Essence: Hand Armor,"1,770,000"
2026-07-06,Orna's Essence: Head Armor,"1,455,999"
2026-07-06,Orna's Essence: Leg Armor,"1,700,000"
2026-07-06,Orna's Essence: Weapon,"1,620,000"
2026-07-06,Outburst Enchant Scroll,"22,500"
2026-07-06,Paradise Orb,"2,210"
2026-07-06,Paradise Stone,"18,000"
2026-07-06,Passion Enchant Scroll,"800,000"
2026-07-06,Peaceful Enchant Scroll,"1,000,000"
2026-07-06,Perfect Legendary Chunk,"333,800"
2026-07-06,Perfect Succession Ore,"1,999,999"
2026-07-06,Perfect Uaithne Crystal,"2,800,000"
2026-07-06,Petite Enchant Scroll,"149,500"
2026-07-06,Petrify Enchant Scroll,"250,000"
2026-07-06,Prairie Erg Crystal,"8,880"
2026-07-06,Praise Enchant Scroll,"50,000,000"
2026-07-06,Premium Enhancement Rune,"110,000,000"
2026-07-06,Prophetic Enchant Scroll,"3,999,999"
2026-07-06,Quiet Enchant Scroll,"500,000"
2026-07-06,Rage Erg Crystal,"4,899"
2026-07-06,Raging Enchant Scroll,"600,000"
2026-07-06,Red Kitty Necklace,"1,500,000"
2026-07-06,Reflection Enchant Scroll,"58,000,000"
2026-07-06,Regina's Feather: Head Armor,"800,800"
2026-07-06,Regina's Feather: Large Shield,"1,111,800"
2026-07-06,Regina's Feather: Leg Armor,"3,000,000"
2026-07-06,Resolved Enchant Scroll,"999,999"
2026-07-06,Revenge Enchant Scroll,"8,000,000"
2026-07-06,Righteous Enchant Scroll,"200,000"
2026-07-06,Robust Eriu Crystal,"1,375,000"
2026-07-06,Robust Uaithne Crystal,"780,000"
2026-07-06,Roots of Abundance,"75,000,000"
2026-07-06,Ruins Erg Crystal,"3,167"
2026-07-06,Sacred Erg Crystal,"5,899"
2026-07-06,Salt Flower,"6,500"
2026-07-06,Sanctuary Earrings,"10,000,000"
2026-07-06,Sealed Enchant Scroll,"1,000,000"
2026-07-06,Sealed Power: Fragments,"39,300"
2026-07-06,Seraphic Feathers Brooch,"12,999,999"
2026-07-06,Ship Graveyard Power Crystal,"5,000"
2026-07-06,Shrewd Enchant Scroll,"4,141,414"
2026-07-06,Shrouded Moonlight,"10,900,000"
2026-07-06,Shrouded Shadow,"13,522,416"
2026-07-06,Significant Enchant Scroll,"200,000"
2026-07-06,Silence Erg Crystal,"20,000"
2026-07-06,Silver Bracelet,"200,000"
2026-07-06,Silver Ore,"2,500"
2026-07-06,Smooth Eriu Crystal,"1,865,097"
2026-07-06,Smooth Legacy Shard,"1,200,000"
2026-07-06,Smooth Legendary Chunk,"499,994"
2026-07-06,Smooth Legendary Ore,"333,800"
2026-07-06,Smooth Legendary Shard,"167,800"
2026-07-06,Smooth Succession Ore,"3,333,333"
2026-07-06,Smooth Succession Shard,"555,800"
2026-07-06,Smooth Uaithne Crystal,"429,999"
2026-07-06,Solid Eriu Crystal,"1,199,999"
2026-07-06,Solid Legacy Shard,"1,000,000"
2026-07-06,Solid Legendary Chunk,"333,000"
2026-07-06,Solid Legendary Ore,"333,800"
2026-07-06,Solid Legendary Shard,"189,880"
2026-07-06,Solid Succession Ore,"1,000,000"
2026-07-06,Solid Succession Shard,"999,800"
2026-07-06,Solid Uaithne Crystal,"779,999"
2026-07-06,Solitude Enchant Scroll,"12,666,666"
2026-07-06,Sorrowful Enchant Scroll,"750,000"
2026-07-06,Space Time Enchant Scroll,"150,000"
2026-07-06,Special Dungeon: Enchant Pouch,"12,500,000"
2026-07-06,Spirit Magic Powder,"13,000"
2026-07-06,Spirit Remnant,"1,500"
2026-07-06,Spirit Water,"1,100"
2026-07-06,Stable Eriu Crystal,"1,676,767"
2026-07-06,Stable Legacy Shard,"249,988"
2026-07-06,Stable Legendary Chunk,"1,999,800"
2026-07-06,Stable Succession Ore,"888,887"
2026-07-06,Stable Uaithne Crystal,"3,400,000"
2026-07-06,Star Fruit,"6,500"
2026-07-06,Starlight Belt,"87,999,999"
2026-07-06,Stern Enchant Scroll,"4,765,543"
2026-07-06,Stigma Enchant Scroll,"15,000"
2026-07-06,Stroll Enchant Scroll,"1,500,000"
2026-07-06,Stylish Enchant Scroll,"17,000,000"
2026-07-06,Subdued Enchant Scroll,"75,000"
2026-07-06,Superior Bracelet Diamond,"2,750,000"
2026-07-06,Superior Bracelet Emerald,"3,000,000"
2026-07-06,Superior Bracelet Ruby,"2,850,000"
2026-07-06,Superior Bracelet Sapphire,"2,442,500"
2026-07-06,Superior Cloth,900
2026-07-06,Superior Element Stone,"669,999"
2026-07-06,Superior Enhancement Elixir,"119,000"
2026-07-06,Superior Iron Ore,"24,430"
2026-07-06,Superior Leather,"70,000"
2026-07-06,Tarian Steel,"3,075,807"
2026-07-06,Tempestuous Enchant Scroll,"10,000,000"
2026-07-06,Temporal Enchant Scroll,"20,000"
2026-07-06,Terminus Sentinel Essence: Chest Armor,"300,000"
2026-07-06,Terminus Sentinel Essence: Hand Armor,"777,800"
2026-07-06,Terminus Sentinel Essence: Large Shield,"499,999"
2026-07-06,Terminus Sentinel Essence: Shield,"700,000"
2026-07-06,Terminus Sentinel Essence: Weapon,"400,000"
2026-07-06,Terra Spirit Remnant,800
2026-07-06,The Book of Legacy,"10,000,000"
2026-07-06,The Book of Orna,"9,000,000"
2026-07-06,The Book of Succession,"10,000,000"
2026-07-06,The Book of Uaithne,"39,999,999"
2026-07-06,The Cursed Belt,"90,000,000"
2026-07-06,The Dead Enchant Scroll,"222,500"
2026-07-06,The Watcher's Glowing Mysterious Cat Statue,"84,000,000"
2026-07-06,The Watcher's Glowing Succubus Fang,"92,222,222"
2026-07-06,The Watcher's Mysterious Cat Statue,"24,000,000"
2026-07-06,The Watcher's Rusty Mysterious Cat Statue,"3,999,999"
2026-07-06,The Watcher's Rusty Succubus Fang,"4,200,000"
2026-07-06,The Watcher's Rusty War Goddess Statue,"3,600,000"
2026-07-06,The Watcher's Rusty Werewolf Paw,"6,991,000"
2026-07-06,The Watcher's Glowing War Goddess Statue,"89,999,999"
2026-07-06,The Watcher's Glowing Werewolf Paw,"160,000,000"
2026-07-06,The Watcher's Succubus Fang,"23,000,000"
2026-07-06,The Watcher's War Goddess Statue,"22,222,222"
2026-07-06,The Watcher's Werewolf Paw,"34,444,444"
2026-07-06,Token of Quiet,"65,000,000"
2026-07-06,Tragic Enchant Scroll,"39,999,999"
2026-07-06,Transcendent Enchant Scroll,"14,900,000"
2026-07-06,Trial Enchant Scroll,"23,000,000"
2026-07-06,Twilight Desert Source,"18,500"
2026-07-06,Twilight Erg Crystal,"24,000"
2026-07-06,Twisted Enchant Scroll,"13,000,000"
2026-07-06,Uaithne Advancement Stone: Chest Armor,"55,555,555"
2026-07-06,Uaithne Advancement Stone: Feet Armor,"55,555,555"
2026-07-06,Uaithne Advancement Stone: Head Armor,"55,555,555"
2026-07-06,Uaithne Advancement Stone: Leg Armor,"55,555,555"
2026-07-06,Uaithne Advancement Stone: Weapon,"88,888,888"
2026-07-06,Uaithne Crystal,"18,590,954"
2026-07-06,Uaithne Fragment: Auxiliary Equipment,"349,999"
2026-07-06,Uaithne Fragment: Chest Armor,"3,899,999"
2026-07-06,Uaithne Fragment: Feet Armor,"2,666,555"
2026-07-06,Uaithne Fragment: Hand Armor,"2,700,000"
2026-07-06,Uaithne Fragment: Head Armor,"2,650,000"
2026-07-06,Uaithne Fragment: Leg Armor,"2,079,749"
2026-07-06,Uaithne Fragment: The Cursed Belt,"5,000,000"
2026-07-06,Uaithne Fragment: The Sun's Wish,"5,400,000"
2026-07-06,Uaithne Fragment: Token of Quiet,"8,300,000"
2026-07-06,Uaithne Fragment: Token of Silence,"5,891,000"
2026-07-06,Uaithne Fragment: Weapon,"2,850,000"
2026-07-06,Uaithne Remnant,750
2026-07-06,Unknowable Power: Fragments,"169,999"
2026-07-06,Unrelenting Uaithne Crystal,"510,000"
2026-07-06,Unstable Enhancement Rune,"5,777,777"
2026-07-06,Usurper's Rhod Compass,"7,300,000"
2026-07-06,Usurper's Rusty Rhod Compass,"2,399,998"
2026-07-06,Usurper's Shiny Rhod Compass,"12,300,000"
2026-07-06,Vehement Enchant Scroll,"900,000"
2026-07-06,Veiled Enchant Scroll,"17,901,505"
2026-07-06,Victorious Enchant Scroll,"9,390,000"
2026-07-06,Waking Stone: Cooldown (5 sec),"120,000"
2026-07-06,Waking Stone: Damage Boost (10%),"1,168,451"
2026-07-06,Waking Stone: Damage Boost (8%),"1,000"
2026-07-06,Waking Stone: Efficient SP (70),"99,999"
2026-07-06,Waking Stone: Efficient Stamina (5),"49,998"
2026-07-06,Waking Stone: Efficient SP (80),"15,000,000"
2026-07-06,Waking Stone: Efficient Stamina (6),"999,999"
2026-07-06,Waking Stone: Major Cooldown (20 sec),300
2026-07-06,Waking Stone: Major Cooldown (22 sec),"20,000"
2026-07-06,Warlord's Enchant Scroll,"20,000"
2026-07-06,Water Erg Crystal,"13,388"
2026-07-06,Wave Enchant Scroll,"34,000,000"
2026-07-06,Weeping Enchant Scroll,"4,444"
2026-07-06,White Kitty Brooch,"1,000,000"
2026-07-06,White Kitty Necklace,"288,888"
2026-07-06,Wish Enchant Scroll,"1,000,000"
2026-07-06,Withered Enchant Scroll,"18,999,999"
2026-07-06,Abomination's Essence: Grand Targe,"845,000"
2026-07-06,Abomination's Essence: Hand Armor,"1,000,000"
2026-07-06,Abomination's Essence: Large Shield,"845,000"
2026-07-06,Abomination's Essence: Leg Armor,"885,000"
2026-07-06,Abyssal Shard Grade 1,"199,000"
2026-07-06,Abyssal Shard Grade 2,"339,264"
2026-07-06,Abyssal Shard Grade 3,"1,985,000"
2026-07-06,Advance Enchant Scroll,"690,000"
2026-07-06,Advent Enchant Scroll,"19,999,999"
2026-07-06,Adversarial Enchant Scroll,"15,000,000"
2026-07-06,Ancient Enchant Scroll,"8,500,000"
2026-07-06,Ancient Lambent Powder,"40,000"
2026-07-06,Ancient Spirit Magic Powder,"120,000"
2026-07-06,Ardor Enchant Scroll,"200,000"
2026-07-06,Ardri's Essence,"1,000,000"
2026-07-06,Ardri's Essence: Hand Armor,"1,200,000"
2026-07-06,Barrier Enchant Scroll,"99,999"
2026-07-06,Berserker Enchant Scroll,"30,000"
2026-07-06,Blessed Magic Elixir,"30,425"
2026-07-06,Blessed Magic Powder,401
2026-07-06,Bloodlust Enchant Scroll,"5,555,555"
2026-07-06,Blue Kitty Necklace,"644,444"
2026-07-06,Blue Pigment (Apprentice),"15,000"
2026-07-06,Blue Pigment (Beginner),"9,999"
2026-07-06,Blue Pigment (Jlourneyman),"13,500"
2026-07-06,Blue Pigment (Professional),"9,440"
2026-07-06,Bountiful Enchant Scroll,"34,000,000"
2026-07-06,Bracelet Diamond,"9,999"
2026-07-06,Bracelet Emerald,"3,800"
2026-07-06,Bracelet Ruby,"7,600"
2026-07-06,Bracelet Sapphire,"6,400"
2026-07-06,Braha's Essence: Hand Armor,"100,000"
2026-07-06,Bres's Moonlight Essence,"5,480,000"
2026-07-06,Brutal Enchant Scroll,"2,449,500"
2026-07-06,Calm Enchant Scroll,"500,000"
2026-07-06,Capture Enchant Scroll,"799,999"
2026-07-06,Charging Enchant Scroll,"499,999"
2026-07-06,Chaser's Enchant Scroll,"1,000,000"
2026-07-06,Clash Enchant Scroll,"2,222,222"
2026-07-06,Clear Additive (Apprentice),"25,000"
2026-07-06,Clear Additive (Beginner),"8,900"
2026-07-06,Clear Additive (Journeyman),"10,000"
2026-07-06,Clear Additive (Professional),900
2026-07-06,Cloth,"7,700"
2026-07-06,Complete Bracelet Ruby,"7,250,000"
2026-07-06,Complete Bracelet Sapphire,"8,450,000"
2026-07-06,Concentrated Enchant Scroll,"3,000,000"
2026-07-06,Concerted Enchant Scroll,"500,000"
2026-07-06,Cool Enchant Scroll,"250,000"
2026-07-06,Copper Ore,"3,000"
2026-07-06,Destructive Enchant Scroll,"1,033,026"
2026-07-06,Dignified Enchant Scroll,"350,000"
2026-07-06,Dullahan's Essence: Chest Armor,"500,000"
2026-07-06,Dullahan's Essence: Grand Targe,"1,333,800"
2026-07-06,Dullahan's Essence: Hand Armor,"1,222,800"
2026-07-06,Dullahan's Essence: Head Armor,"500,000"
2026-07-06,Dullahan's Essence: Leg Armor,"1,222,800"
2026-07-06,Dullahan's Essence: Shield,"1,333,800"
2026-07-06,Element Stone,"9,500"
2026-07-06,Element Stone Catalyst,"21,000"
2026-07-06,Emmett's Essence,"3,350,000"
2026-07-06,Empowered Stone,"10,000"
2026-07-06,Emptiness Erg Crystal,"4,988"
2026-07-06,Enchant Scroll Scrap: Advance,"1,400,000"
2026-07-06,Enchant Scroll Scrap: Advent,"13,048,080"
2026-07-06,Enchant Scroll Scrap: Adversarial,"22,222,222"
2026-07-06,Enchant Scroll Scrap: Amplified,"13,500,000"
2026-07-06,Enchant Scroll Scrap: Chaser's,"1,799,999"
2026-07-06,Enchant Scroll Scrap: Clash,"9,999,999"
2026-07-06,Enchant Scroll Scrap: Concentrated,"2,000,000"
2026-07-06,Enchant Scroll Scrap: Cool,"1,170,000"
2026-07-06,Enchant Scroll Scrap: Destructive,"3,000,000"
2026-07-06,Enchant Scroll Scrap: Dignified,"1,900,000"
2026-07-06,Enchant Scroll Scrap: Enmity,"4,850,000"
2026-07-06,Enchant Scroll Scrap: Eternal,"16,950,000"
2026-07-06,Enchant Scroll Scrap: Fighting Spirit,"13,000,000"
2026-07-06,Enchant Scroll Scrap: Frenzy,"1,100,000"
2026-07-06,Enchant Scroll Scrap: Hollow,"21,900,000"
2026-07-06,Enchant Scroll Scrap: Impaling,"2,000,000"
2026-07-06,Enchant Scroll Scrap: Instant,"14,000,000"
2026-07-06,Enchant Scroll Scrap: Irate,"4,900,000"
2026-07-06,Enchant Scroll Scrap: Lament,"1,450,000"
2026-07-06,Enchant Scroll Scrap: Madness,"5,000,000"
2026-07-06,Enchant Scroll Scrap: Praise,"19,533,100"
2026-07-06,Enchant Scroll Scrap: Raging,"1,300,000"
2026-07-06,Enchant Scroll Scrap: Reflection,"21,823,540"
2026-07-06,Enchant Scroll Scrap: Shrewd,"9,999,999"
2026-07-06,Enchant Scroll Scrap: Solitude,"6,000,000"
2026-07-06,Enchant Scroll Scrap: Sorrowful,"2,000,000"
2026-07-06,Enchant Scroll Scrap: Stylish,"11,111,100"
2026-07-06,Enchant Scroll Scrap: Subdued,"1,000,000"
2026-07-06,Enchant Scroll Scrap: Tempestuous,"9,999,100"
2026-07-06,Enchant Scroll Scrap: Tragic,"28,000,000"
2026-07-06,Enchant Scroll Scrap: Transcendent,"10,999,999"
2026-07-06,Enchant Scroll Scrap: Trial,"16,700,000"
2026-07-06,Enchant Scroll Scrap: Twisted,"8,000,000"
2026-07-06,Enchant Scroll Scrap: Vehement,"999,999"
2026-07-06,Enchant Scroll Scrap: Veiled,"12,500,000"
2026-07-06,Enchant Scroll Scrap: Victorious,"6,250,000"
2026-07-06,Enchant Scroll Scrap: Wave,"22,800,000"
2026-07-06,Enchant Scroll Scrap: Withered,"14,000,000"
2026-07-06,Enhanced New Era Cloth,"36,999"
2026-07-06,Enhanced New Era Leather,"29,999"
2026-07-06,Enhanced New Era Orb,"22,058"
2026-07-06,Enhanced New Era Ore,"47,490"
2026-07-06,Enhancement Elixir,"1,007"
2026-07-06,Enmity Enchant Scroll,"25,000,000"
2026-07-06,Enthusiastic Enchant Scroll,"66,500"
2026-07-06,Eriu Fragment: Auxiliary Equipment,"9,500,000"
2026-07-06,Eriu Fragment: Chest Armor,"2,290,000"
2026-07-06,Eriu Fragment: Head Armor,"2,209,829"
2026-07-06,Eriu Fragment: Leg Armor,"2,290,000"
2026-07-06,Eriu Fragment: Roots of Abundance,"6,000,000"
2026-07-06,Eriu Fragment: Weapon,"3,548,410"
2026-07-06,Escalating Enchant Scroll,"30,000,000"
2026-07-06,Eternal Enchant Scroll,"17,000,000"
2026-07-06,Eternal Legacy,"100,000"
2026-07-06,Executing Enchant Scroll,"82,000,000"
2026-07-06,Exquisite Cloth,"1,902"
2026-07-06,Exquisite Iron Ore,99
2026-07-06,Fading Enchant Scroll,"99,999"
2026-07-06,Fallen One's Rusty Rhod Compass,"21,750,000"
2026-07-06,Fast Enchant Scroll,"1,000,000"
2026-07-06,Fighting Spirit Enchant Scroll,"18,000,000"
2026-07-06,Fine Bracelet Diamond,"113,912"
2026-07-06,Fine Bracelet Emerald,"193,399"
2026-07-06,Fine Bracelet Ruby,"193,333"
2026-07-06,Fine Bracelet Sapphire,"22,625"
2026-07-06,Fine Iron Ore,"5,500"
2026-07-06,Flask of Niflheim,"1,269,999"
2026-07-06,Fleet Enchant Scroll,"99,500"
2026-07-06,Forgotten Enchant Scroll,"6,900,990"
2026-07-06,Fragrant Additive (Apprentice),"30,000"
2026-07-06,Fragrant Additive (Beginner),"8,000"
2026-07-06,Fragrant Additive (Journeyman),"24,990"
2026-07-06,Fragrant Additive (Professional),"3,000"
2026-07-06,Frenzy Enchant Scroll,"1,000,000"
2026-07-06,Godly Iron Ore,"4,320"
2026-07-06,Goibhniu's Enhancement Stone,"2,666,666"
2026-07-06,Goibhniu's Stone+,"5,264,999"
2026-07-06,Gold Bracelet,"20,890,000"
2026-07-06,Gray Twilight Brooch,"20,000,000"
2026-07-06,Greater Bronze Lion Statue,"300,000"
2026-07-06,Heavenly Leather,"8,739"
2026-07-06,Hoarfrost Hollow Erg Crystal,"14,890"
2026-07-06,Hollow Enchant Scroll,"35,988,888"
2026-07-06,Indomitable Enchant Scroll,"12,000,000"
2026-07-06,Inherited Power: Fragments,"10,500"
2026-07-06,Instant Enchant Scroll,"25,000,000"
2026-07-06,Intermediate Element Stone,"294,700"
2026-07-06,Irate Enchant Scroll,"5,399,999"
2026-07-06,Iron Ore,"11,719"
2026-07-06,Jardin Steel,"22,999"
2026-07-06,Jarnir's Essence,"5,350,000"
2026-07-06,Keen Eriu Crystal,"774,000"
2026-07-06,Keen Legacy Shard,"800,000"
2026-07-06,Keen Legendary Ore,"1,800,000"
2026-07-06,Keen Succession Ore,"400,000"
2026-07-06,Keen Uaithne Crystal,"2,255,555"
2026-07-06,Kitty Brooch,"250,000"
2026-07-06,Lament Enchant Scroll,"500,000"
2026-07-06,Life Erg Crystal,"5,678"
2026-07-06,Light Erg Crystal,"12,232"
2026-07-06,Lightweight Eriu Crystal,"505,000"
2026-07-06,Lightweight Succession Ore,"750,000"
2026-07-06,Lightweight Uaithne Crystal,"3,000,000"
2026-07-06,Lord's Glowing Obsidian Bracelet,"700,000,000"
2026-07-06,Lord's Rusty Obsidian Bracelet,"369,696,969"
2026-07-06,Lucian's Essence,"3,000,000"
2026-07-06,Lugh Lamhfada's Essence: Grand Targe,"900,800"
2026-07-06,Madness Enchant Scroll,"10,000,000"
2026-07-06,Magic Elixir,"40,980"
2026-07-06,Magic Powder,"8,333"
2026-07-06,Mana Dust,"1,000"
2026-07-06,Mana Reformer,499
2026-07-06,Meaningful Enchant Scroll,"1,150,000"
2026-07-06,Meditating Enchant Scroll,"200,000"
2026-07-06,Milletian's Essence,"900,000"
2026-07-06,Morgant's Essence,"3,150,000"
2026-07-06,Mysterious Shard Grade 1,"66,666"
2026-07-06,Mysterious Shard Grade 2,"264,769"
2026-07-06,Mysterious Shard Grade 3,"844,000"
2026-07-06,Mystic Enchant Scroll,"74,000,000"
2026-07-06,New Era Cloth,"49,998"
2026-07-06,New Era Leather,"64,999"
2026-07-06,New Era Orb,"7,540"
2026-07-06,New Era Stone,"7,388"
2026-07-06,Obsidian Kitty Necklace,"154,000,000"
2026-07-06,Orb,"7,000"
2026-07-06,Orna's Essence,"550,000"
2026-07-06,Orna's Essence: Chest Armor,"1,699,990"
2026-07-06,Orna's Essence: Feet Armor,"1,500,000"
2026-07-06,Orna's Essence: Hand Armor,"1,900,000"
2026-07-06,Orna's Essence: Head Armor,"1,776,006"
2026-07-06,Orna's Essence: Weapon,"1,599,999"
2026-07-06,Outburst Enchant Scroll,500
2026-07-06,Paradise Orb,"1,700"
2026-07-06,Passion Enchant Scroll,"4,444,444"
2026-07-06,Perfect Legendary Chunk,"795,000"
2026-07-06,Perfect Legendary Ore,"1,000,000"
2026-07-06,Perfect Uaithne Crystal,"2,880,000"
2026-07-06,Petite Enchant Scroll,"88,500"
2026-07-06,Petrify Enchant Scroll,"800,000"
2026-07-06,Prairie Erg Crystal,"15,000"
2026-07-06,Praise Enchant Scroll,"48,000,000"
2026-07-06,Prophetic Enchant Scroll,"5,800,000"
2026-07-06,Raging Enchant Scroll,"3,500,000"
2026-07-06,Red Moon Brooch,"15,000,000"
2026-07-06,Red Pigment (Apprentice),"12,000"
2026-07-06,Red Pigment (Beginner),"11,000"
2026-07-06,Red Pigment (Journeyman),"7,144"
2026-07-06,Red Pigment (Professional),"11,888"
2026-07-06,Reflection Enchant Scroll,"27,000,000"
2026-07-06,Regina's Feather: Grand Targe,"745,000"
2026-07-06,Regina's Feather: Large Shield,"2,999,800"
2026-07-06,Revenge Enchant Scroll,"6,000,000"
2026-07-06,Robust Eriu Crystal,"1,211,570"
2026-07-06,Robust Uaithne Crystal,"765,730"
2026-07-06,Ruins Erg Crystal,"6,165"
2026-07-06,Sacred Erg Crystal,"4,899"
2026-07-06,Sealed Enchant Scroll,"900,000"
2026-07-06,Sealed Power: Fragments,"38,054"
2026-07-06,Semias' Essence,"3,800,000"
2026-07-06,Shrewd Enchant Scroll,"3,900,000"
2026-07-06,Shrouded Moonlight,"12,228,225"
2026-07-06,Significant Enchant Scroll,"199,999"
2026-07-06,Silence Erg Crystal,"19,200"
2026-07-06,Silver Bracelet,"535,000"
2026-07-06,Smooth Eriu Crystal,"1,466,484"
2026-07-06,Smooth Legendary Chunk,"400,000"
2026-07-06,Smooth Legendary Ore,"1,999,800"
2026-07-06,Smooth Legendary Shard,"168,800"
2026-07-06,Smooth Succession Ore,"1,999,999"
2026-07-06,Smooth Uaithne Crystal,"999,110"
2026-07-06,Solid Eriu Crystal,"1,012,431"
2026-07-06,Solid Legendary Chunk,"300,000"
2026-07-06,Solid Legendary Ore,"1,500,000"
2026-07-06,Solid Legendary Shard,"200,000"
2026-07-06,Solid Succession Ore,"997,777"
2026-07-06,Solid Uaithne Crystal,"814,431"
2026-07-06,Solitude Enchant Scroll,"8,775,600"
2026-07-06,Sorrowful Enchant Scroll,"2,000,000"
2026-07-06,Soul Enchant Scroll,"300,500"
2026-07-06,Space Time Enchant Scroll,"200,000"
2026-07-06,Special Dungeon: Enchant Pouch,"11,500,000"
2026-07-06,Spinos' Essence,"4,200,000"
2026-07-06,Spirit Magic Powder,"12,000"
2026-07-06,Spirited Enchant Scroll,"50,000"
2026-07-06,Stable Eriu Crystal,"1,480,000"
2026-07-06,Stable Legendary Chunk,"1,500,000"
2026-07-06,Stable Legendary Ore,"1,000,000"
2026-07-06,Stable Succession Ore,"500,000"
2026-07-06,Stable Uaithne Crystal,"3,199,900"
2026-07-06,Starlight Belt,"95,000,000"
2026-07-06,Stern Enchant Scroll,"4,600,000"
2026-07-06,Stigma Enchant Scroll,"20,000"
2026-07-06,Stylish Enchant Scroll,"13,500,000"
2026-07-06,Subdued Enchant Scroll,"49,500"
2026-07-06,Superior Bracelet Diamond,"3,400,000"
2026-07-06,Superior Bracelet Sapphire,"2,390,000"
2026-07-06,Superior Element Stone,"694,745"
2026-07-06,Superior Enhancement Elixir,"115,999"
2026-07-06,Superior Iron Ore,"9,995"
2026-07-06,Tarian Steel,"3,075,000"
2026-07-06,Tempestuous Enchant Scroll,"7,200,000"
2026-07-06,Terminus Sentinel Essence: Hand Armor,"1,500,000"
2026-07-06,The Book of Orna,"8,500,000"
2026-07-06,The Dead Enchant Scroll,"300,000"
2026-07-06,The Watcher's Rusty War Goddess Statue,"3,700,000"
2026-07-06,The Watcher's Rusty Werewolf Paw,"9,500,000"
2026-07-06,The Watcher's War Goddess Statue,"21,989,898"
2026-07-06,Thick Additive (Apprentice),"17,450"
2026-07-06,Thick Additive (Beginner),"8,900"
2026-07-06,Thick Additive (Journeyman),"12,000"
2026-07-06,Thick Additive (Professional),"5,500"
2026-07-06,Tragic Enchant Scroll,"40,000,000"
2026-07-06,Trial Enchant Scroll,"22,975,000"
2026-07-06,Twilight Erg Crystal,"21,000"
2026-07-06,Twisted Enchant Scroll,"17,000,000"
2026-07-06,Uaithne Advancement Stone: Hand Armor,"55,555,555"
2026-07-06,Uaithne Crystal,"18,350,000"
2026-07-06,Uaithne Fragment: Auxiliary Equipment,"400,000"
2026-07-06,Uaithne Fragment: Chest Armor,"4,899,000"
2026-07-06,Uaithne Fragment: Feet Armor,"2,400,000"
2026-07-06,Uaithne Fragment: Hand Armor,"2,590,000"
2026-07-06,Uaithne Fragment: Head Armor,"3,400,000"
2026-07-06,Uaithne Fragment: Leg Armor,"2,000,000"
2026-07-06,Uaithne Fragment: The Cursed Belt,"4,500,000"
2026-07-06,Uaithne Fragment: The Sun's Wish,"5,000,000"
2026-07-06,Uaithne Fragment: Token of Quiet,"8,000,000"
2026-07-06,Uaithne Fragment: Token of Silence,"5,700,000"
2026-07-06,Uaithne Fragment: Weapon,"2,400,000"
2026-07-06,Uaithne Remnant,745
2026-07-06,Unknowable Power: Fragments,"155,233"
2026-07-06,Unrelenting Uaithne Crystal,"671,942"
2026-07-06,Unstable Enhancement Rune,"7,895,275"
2026-07-06,Uscias' Essence,"4,000,000"
2026-07-06,Usurper's Rhod Compass,"7,750,000"
2026-07-06,Usurper's Rusty Rhod Compass,"2,300,000"
2026-07-06,Usurper's Shiny Rhod Compass,"12,500,000"
2026-07-06,Veiled Enchant Scroll,"14,999,999"
2026-07-06,Victorious Enchant Scroll,"30,000,000"
2026-07-06,Waking Stone: Breakoff DMG +8%,"22,994"
2026-07-06,Waking Stone: Damage Boost (10%),"999,900"
2026-07-06,Waking Stone: Efficient SP (80),"15,000,000"
2026-07-06,Waking Stone: Efficient Stamina (5),"50,000"
2026-07-06,Waking Stone: Major Cooldown (22 sec),"19,999"
2026-07-06,Water Erg Crystal,"12,000"
2026-07-06,Wave Enchant Scroll,"33,333,333"
2026-07-06,Wish Enchant Scroll,"2,003,366"
2026-07-06,Withered Enchant Scroll,"18,406,058"
2026-07-06,Yellow Pigment (Apprentice),"15,857"
2026-07-06,Yellow Pigment (Beginner),"8,000"
2026-07-06,Yellow Pigment (Journeyman),"11,000"
2026-07-06,Yellow Pigment (Professional),"4,449"
2026-07-08,Airtight Enchant Rune,"29,000,000"
2026-07-08,Airtight Exquisite Enchant Rune,"107,989,000"
2026-07-08,Airtight Unstable Enchant Rune (x1),"19,000,000"
2026-07-08,Eriu Book,"222,222,222"
2026-07-08,Lord's Glowing Obsidian Bracelet,"700,000,000"
2026-07-08,Lord's Obsidian Bracelet,"600,000,000"
2026-07-08,Lord's Rusty Obsidian Bracelet,"340,000,000"
2026-07-08,Obsidian Kitty Necklace,"154,000,000"
2026-07-08,Roots of Abundance,"68,000,000"
2026-07-08,Starlight Belt,"95,000,000"
2026-07-08,The Watcher's Rusty War Goddess Statue,"4,000,000"
2026-07-08,The Watcher's Glowing War Goddess Statue,"90,000,000"
2026-07-08,The Watcher's War Goddess Statue,"17,500,000"
2026-07-08,Abomination's Essence: Feet Armor,"500,000"
2026-07-08,Abomination's Essence: Grand Targe,"845,000"
2026-07-08,Abomination's Essence: Head Armor,"1,500,000"
2026-07-08,Abomination's Essence: Large Shield,"845,000"
2026-07-08,Abomination's Essence: Leg Armor,"885,000"
2026-07-08,Abomination's Essence: Weapon,"1,500,000"
2026-07-08,Abyssal Shard Grade 1,"104,099"
2026-07-08,Abyssal Shard Grade 2,"600,000"
2026-07-08,Abyssal Shard Grade 3,"1,699,108"
2026-07-08,Adamant Enchant Scroll,"5,000"
2026-07-08,Advance Enchant Scroll,"410,989"
2026-07-08,Advent Enchant Scroll,"12,500,000"
2026-07-08,Adversarial Enchant Scroll,"12,000,000"
2026-07-08,Airtight Exquisite Enchant Rune,"105,000,000"
2026-07-08,Amplified Enchant Scroll,"17,000,000"
2026-07-08,Ancient Elemental Accessory Shard,"20,000"
2026-07-08,Ancient Elemental Armor Shard,"6,400"
2026-07-08,Ancient Elemental Cloth Bundle,"7,730"
2026-07-08,Ancient Elemental Weapon Shard,"6,830"
2026-07-08,Ancient Enchant Scroll,"6,800,000"
2026-07-08,Ancient Erg Crystal,"10,933"
2026-07-08,Ancient Spirit Magic Powder,"80,000"
2026-07-08,Ardor Enchant Scroll,"100,000"
2026-07-08,Ardri's Essence,"508,000"
2026-07-08,Ardri's Essence: Chest Armor,"1,499,999"
2026-07-08,Ardri's Essence: Feet Armor,"1,499,999"
2026-07-08,Ardri's Essence: Hand Armor,"1,399,999"
2026-07-08,Ardri's Essence: Leg Armor,"1,199,999"
2026-07-08,Ardri's Essence: Weapon,"999,999"
2026-07-08,Artisan's Refined Flask,"9,999"
2026-07-08,Artisan's Sturdy Flask,"9,999"
2026-07-08,Astera's Essence: Chest Armor,"450,000"
2026-07-08,Astera's Essence: Feet Armor,"450,000"
2026-07-08,Astera's Essence: Hand Armor,"2,000,000"
2026-07-08,Astera's Essence: Leg Armor,"2,000,000"
2026-07-08,Astera's Essence: Weapon,"730,000"
2026-07-08,Barrier Enchant Scroll,"99,999"
2026-07-08,Berserker Enchant Scroll,"100,000"
2026-07-08,Blessed Magic Elixir,"30,645"
2026-07-08,Blessed Magic Powder,400
2026-07-08,Bloodlust Enchant Scroll,"5,555,555"
2026-07-08,Blue Kitty Brooch,"1,100,000"
2026-07-08,Blue Kitty Necklace,"444,444"
2026-07-08,Blue Pigment (Apprentice),"14,000"
2026-07-08,Blue Pigment (Beginner),"5,880"
2026-07-08,Blue Pigment (Jlourneyman),"13,399"
2026-07-08,Blue Pigment (Professional),"9,440"
2026-07-08,Bountiful Enchant Scroll,"37,000,000"
2026-07-08,Bracelet Diamond,"9,999"
2026-07-08,Bracelet Emerald,"3,800"
2026-07-08,Bracelet Ruby,"7,600"
2026-07-08,Bracelet Sapphire,"6,400"
2026-07-08,Bres's Moonlight Essence,"10,000,000"
2026-07-08,Brilliant Kitty Necklace,"19,000,000"
2026-07-08,Brutal Enchant Scroll,"999,999"
2026-07-08,Calm Enchant Scroll,500
2026-07-08,Capture Enchant Scroll,"85,000"
2026-07-08,Cessair's Essence,"1,000,000"
2026-07-08,Character-Specific Hair Coupon,"65,000,000"
2026-07-08,Charging Enchant Scroll,"2,000,000"
2026-07-08,Chaser's Enchant Scroll,"999,999"
2026-07-08,Clash Enchant Scroll,"3,000,000"
2026-07-08,Clear Additive (Apprentice),"23,890"
2026-07-08,Clear Additive (Beginner),"8,900"
2026-07-08,Clear Additive (Journeyman),"7,900"
2026-07-08,Clear Additive (Professional),900
2026-07-08,Cloth,"7,500"
2026-07-08,Complete Bracelet Diamond,"10,300,000"
2026-07-08,Complete Bracelet Emerald,"9,816,740"
2026-07-08,Complete Bracelet Sapphire,"8,200,000"
2026-07-08,Concentrated Enchant Scroll,"3,000,000"
2026-07-08,Concerted Enchant Scroll,"500,000"
2026-07-08,Consume Enchant Scroll,"3,900,000"
2026-07-08,Conviction Enchant Scroll,"555,555"
2026-07-08,Cool Enchant Scroll,"140,000"
2026-07-08,Copper Bracelet,"23,000"
2026-07-08,Copper Ore,"2,440"
2026-07-08,Crescent Moon Island Power Crystal,"3,850"
2026-07-08,Cyclical Enchant Scroll,"10,000,000"
2026-07-08,Dash Enchant Scroll,500
2026-07-08,Deific Devotion A Prophecy That Cannot Be Followed,"3,500,000"
2026-07-08,Deific Devotion Cavern of Enmity,"5,000,000"
2026-07-08,Deific Devotion Dialectic of Death,"4,000,000"
2026-07-08,Deific Devotion Glutton's Banquet,"3,500,000"
2026-07-08,Deific Devotion Great Ministry,"2,500,000"
2026-07-08,Deific Devotion Royal Castle Topaz Hall,"2,000,000"
2026-07-08,Deific Devotion The Winds of Lochlann,"1,950,000"
2026-07-08,Deific Devotion Unjust Cathedral,"4,066,987"
2026-07-08,Deific Devotion Where Earth Meets Sky,"3,857,610"
2026-07-08,Destructive Enchant Scroll,"1,999,999"
2026-07-08,Diamond Enchant Scroll,"50,000"
2026-07-08,Dignified Enchant Scroll,"500,000"
2026-07-08,Dullahan's Essence: Chest Armor,"850,000"
2026-07-08,Dullahan's Essence: Grand Targe,"1,333,800"
2026-07-08,Dullahan's Essence: Large Shield,"1,333,800"
2026-07-08,Dullahan's Essence: Leg Armor,"450,000"
2026-07-08,Dullahan's Essence: Shield,"1,333,800"
2026-07-08,Dullahan's Essence: Weapon,"450,000"
2026-07-08,Echoing Enchant Scroll,"20,000"
2026-07-08,Element Shard,900
2026-07-08,Element Stone,"9,758"
2026-07-08,Element Stone Catalyst,"11,111"
2026-07-08,Emmett's Essence,"3,300,000"
2026-07-08,Empowered Stone,"8,850"
2026-07-08,Emptiness Erg Crystal,"3,000"
2026-07-08,Enchant Scroll Scrap: Advance,"500,000"
2026-07-08,Enchant Scroll Scrap: Advent,"10,000,000"
2026-07-08,Enchant Scroll Scrap: Adversarial,"10,000,000"
2026-07-08,Enchant Scroll Scrap: Amplified,"12,300,000"
2026-07-08,Enchant Scroll Scrap: Ancient,"12,900,000"
2026-07-08,Enchant Scroll Scrap: Bountiful,"24,696,969"
2026-07-08,Enchant Scroll Scrap: Brutal,"1,000,000"
2026-07-08,Enchant Scroll Scrap: Charge,"2,300,000"
2026-07-08,Enchant Scroll Scrap: Chaser's,"1,556,147"
2026-07-08,Enchant Scroll Scrap: Clash,"5,000,000"
2026-07-08,Enchant Scroll Scrap: Concentrated,"1,750,000"
2026-07-08,Enchant Scroll Scrap: Consume,"5,600,000"
2026-07-08,Enchant Scroll Scrap: Conviction,"5,555,555"
2026-07-08,Enchant Scroll Scrap: Cool,"1,099,999"
2026-07-08,Enchant Scroll Scrap: Cyclical,"7,000,100"
2026-07-08,Enchant Scroll Scrap: Destructive,"3,000,000"
2026-07-08,Enchant Scroll Scrap: Dignified,"1,800,000"
2026-07-08,Enchant Scroll Scrap: Enmity,"4,850,000"
2026-07-08,Enchant Scroll Scrap: Escalating,"21,111,100"
2026-07-08,Enchant Scroll Scrap: Eternal,"19,000,000"
2026-07-08,Enchant Scroll Scrap: Executing,"37,999,900"
2026-07-08,Enchant Scroll Scrap: Fighting Spirit,"13,999,990"
2026-07-08,Enchant Scroll Scrap: Forgotten,"5,400,000"
2026-07-08,Enchant Scroll Scrap: Frenzy,"1,500,100"
2026-07-08,Enchant Scroll Scrap: Hollow,"24,000,000"
2026-07-08,Enchant Scroll Scrap: Impaling,"4,000,000"
2026-07-08,Enchant Scroll Scrap: Indomitable,"7,999,999"
2026-07-08,Enchant Scroll Scrap: Instant,"10,000,000"
2026-07-08,Enchant Scroll Scrap: Irate,"1,990,000"
2026-07-08,Enchant Scroll Scrap: Lament,"1,000,000"
2026-07-08,Enchant Scroll Scrap: Madness,"2,000,000"
2026-07-08,Enchant Scroll Scrap: Meaningful,"3,000,000"
2026-07-08,Enchant Scroll Scrap: Mystic,"35,000,000"
2026-07-08,Enchant Scroll Scrap: Praise,"19,999,999"
2026-07-08,Enchant Scroll Scrap: Raging,"500,000"
2026-07-08,Enchant Scroll Scrap: Reflection,"15,555,100"
2026-07-08,Enchant Scroll Scrap: Shrewd,"8,900,000"
2026-07-08,Enchant Scroll Scrap: Solitude,"8,000,000"
2026-07-08,Enchant Scroll Scrap: Sorrowful,"4,000,100"
2026-07-08,Enchant Scroll Scrap: Victorious,"5,000,000"
2026-07-08,Enchant Scroll Scrap: Wave,"21,000,000"
2026-07-08,Enchant Scroll Scrap: Weeping,"5,000,000"
2026-07-08,Enchant Scroll Scrap: Withered,"10,000,000"
2026-07-08,Enduring Enchant Scroll,"50,000"
2026-07-08,Enhanced New Era Cloth,"55,555"
2026-07-08,Enhanced New Era Leather,"37,706"
2026-07-08,Enhanced New Era Orb,"27,209"
2026-07-08,Enhanced New Era Ore,"52,555"
2026-07-08,Enhancement Elixir,999
2026-07-08,Enmity Enchant Scroll,"25,000,000"
2026-07-08,Enok's Essence,"3,999,800"
2026-07-08,Eriu Advancement Stone: Head Armor,"66,666,666"
2026-07-08,Eriu Advancement Stone: Leg Armor,"66,666,666"
2026-07-08,Eriu Advancement Stone: Weapon,"34,999,999"
2026-07-08,Eriu Book,"66,666,666"
2026-07-08,Eriu Fragment: Auxiliary Equipment,"10,000,000"
2026-07-08,Eriu Fragment: Chest Armor,"2,429,575"
2026-07-08,Eriu Fragment: Head Armor,"1,999,999"
2026-07-08,Eriu Fragment: Leg Armor,"2,310,518"
2026-07-08,Eriu Fragment: Roots of Abundance,"8,999,999"
2026-07-08,Eriu Fragment: Starlight Belt,"6,700,000"
2026-07-08,Eriu Fragment: Weapon,"3,500,000"
2026-07-08,Escalating Enchant Scroll,"23,500,000"
2026-07-08,Eternal Enchant Scroll,"35,000,000"
2026-07-08,Eternal Legacy,"100,000"
2026-07-08,Eternity Erg Crystal,"9,000"
2026-07-08,Executing Enchant Scroll,"69,500,000"
2026-07-08,Expeditionary Enchant Scroll,"20,000"
2026-07-08,Exquisite HP Potion,"18,888"
2026-07-08,Exquisite Iron Ore,"1,205"
2026-07-08,Fading Enchant Scroll,"5,000,000"
2026-07-08,Fallen One's Rhod Compass,"80,000,000"
2026-07-08,Fallen One's Rusty Rhod Compass,"22,700,000"
2026-07-08,Fallen One's Shiny Rhod Compass,"145,000,000"
2026-07-08,Fast Enchant Scroll,"4,444,444"
2026-07-08,Fate Enchant Scroll,"450,000,000"
2026-07-08,Fear of the Divide,"3,333,333"
2026-07-08,Fighting Spirit Enchant Scroll,"20,000,000"
2026-07-08,Fine Bracelet Diamond,"100,000"
2026-07-08,Fine Bracelet Emerald,"140,399"
2026-07-08,Fine Bracelet Ruby,"138,888"
2026-07-08,Fine Bracelet Sapphire,"99,625"
2026-07-08,Fine Cloth,"2,940"
2026-07-08,Fine Fobellow Tin,"5,000"
2026-07-08,Fine HP Potion,"1,100"
2026-07-08,Fine Iron Ore,"9,811"
2026-07-08,Fire Spirit Remnant,900
2026-07-08,Flask of Niflheim,"1,250,000"
2026-07-08,Fleet Enchant Scroll,"49,500"
2026-07-08,Forgotten Enchant Scroll,"2,500,000"
2026-07-08,Fragrant Additive (Apprentice),"14,011"
2026-07-08,Fragrant Additive (Beginner),"4,938"
2026-07-08,Fragrant Additive (Journeyman),"15,555"
2026-07-08,Fragrant Additive (Professional),"3,891"
2026-07-08,Frenzy Enchant Scroll,"755,500"
2026-07-08,Godly Cloth,"10,200"
2026-07-08,Godly Iron Ore,"2,990"
2026-07-08,Goibhniu's Enhancement Stone,"2,222,222"
2026-07-08,Goibhniu's Stone+,"5,799,999"
2026-07-08,Gold Bracelet,"17,777,776"
2026-07-08,Gold Ore,10
2026-07-08,Gorbas' Essence,"8,999,999"
2026-07-08,Gray Twilight Brooch,"17,499,999"
2026-07-08,Greater Bronze Lion Statue,"300,000"
2026-07-08,Greater Succubus Fang,"444,444"
2026-07-08,Greater War Goddess Statue,"399,999"
2026-07-08,Healthy Enchant Scroll,"50,000"
2026-07-08,Heartless Enchant Scroll,"99,000"
2026-07-08,Heavenly Leather,"8,700"
2026-07-08,Hoarfrost Hollow Erg Crystal,"9,950"
2026-07-08,Hollow Enchant Scroll,"32,999,500"
2026-07-08,Immoral Enchant Scroll,"50,000"
2026-07-08,Impaling Enchant Scroll,"1,400,000"
2026-07-08,Indomitable Enchant Scroll,"12,000,000"
2026-07-08,Infinite Enchant Scroll,500
2026-07-08,Inherited Power: Fragments,"8,910"
2026-07-08,Instant Enchant Scroll,"24,450,000"
2026-07-08,Intermediate Element Stone,"199,001"
2026-07-08,Irate Enchant Scroll,"3,000,000"
2026-07-08,Iron Ore,"9,805"
2026-07-08,Jardin Steel,"34,990"
2026-07-08,Jarnir's Essence,"5,000,000"
2026-07-08,Keen Eriu Crystal,"998,384"
2026-07-08,Keen Legacy Shard,"999,999"
2026-07-08,Keen Legendary Ore,"1,999,800"
2026-07-08,Keen Succession Ore,"600,000"
2026-07-08,Keen Uaithne Crystal,"1,999,999"
2026-07-08,Kitty Brooch,"300,000"
2026-07-08,Lambent Powder,"1,500"
2026-07-08,Lament Enchant Scroll,"444,500"
2026-07-08,Life Erg Crystal,"6,250"
2026-07-08,Light Erg Crystal,"9,950"
2026-07-08,Lightweight Eriu Crystal,"900,000"
2026-07-08,Lightweight Legacy Shard,"1,500,000"
2026-07-08,Lightweight Legendary Chunk,"1,000,000"
2026-07-08,Lightweight Legendary Ore,"400,000"
2026-07-08,Lightweight Uaithne Crystal,"2,500,000"
2026-07-08,Lord's Obsidian Bracelet,"550,000,000"
2026-07-08,Lord's Rusty Obsidian Bracelet,"310,000,000"
2026-07-08,Lucian's Essence,"2,150,000"
2026-07-08,Lugh Lamhfada's Essence: Feet Armor,"1,500,000"
2026-07-08,Lugh Lamhfada's Essence: Grand Targe,"900,800"
2026-07-08,Madness Enchant Scroll,"4,000,000"
2026-07-08,Magic Elixir,"49,899"
2026-07-08,Magic Elixir of Life,"12,000"
2026-07-08,Magic Powder,"8,000"
2026-07-08,Magic Stone,900
2026-07-08,Mark of Friendship,"10,000"
2026-07-08,Meaningful Enchant Scroll,"777,777"
2026-07-08,Meditating Enchant Scroll,"10,000"
2026-07-08,Melancholy Belt,"9,999"
2026-07-08,Memorable Enchant Scroll,"20,000"
2026-07-08,Milletian's Essence,"2,555,800"
2026-07-08,Milletian's Essence: Feet Armor,"2,999,800"
2026-07-08,Milo's Essence,"1,500,000"
2026-07-08,Misty Summit Source,"150,000"
2026-07-08,Morgant's Essence,"3,500,000"
2026-07-08,Mysterious Shard Grade 1,"56,946"
2026-07-08,Mysterious Shard Grade 2,"174,900"
2026-07-08,Mysterious Shard Grade 3,"769,449"
2026-07-08,Mystic Enchant Scroll,"66,600,000"
2026-07-08,New Era Cloth,"29,970"
2026-07-08,New Era Leather,"29,975"
2026-07-08,New Era Orb,"5,555"
2026-07-08,New Era Ore,"7,500"
2026-07-08,New Era Remnant,40
2026-07-08,New Era Stone,"7,000"
2026-07-08,Obsidian Kitty Necklace,"150,000,000"
2026-07-08,Orb,"7,900"
2026-07-08,Orna's Essence,"550,000"
2026-07-08,Orna's Essence: Chest Armor,"1,499,999"
2026-07-08,Orna's Essence: Feet Armor,"1,640,000"
2026-07-08,Orna's Essence: Hand Armor,"1,450,000"
2026-07-08,Orna's Essence: Leg Armor,"1,650,000"
2026-07-08,Orna's Essence: Weapon,"1,119,054"
2026-07-08,Outburst Enchant Scroll,"99,999"
2026-07-08,Paradise Orb,"1,600"
2026-07-08,Paradise Stone,"18,000"
2026-07-08,Passion Enchant Scroll,"4,444,443"
2026-07-08,Peaceful Enchant Scroll,"100,000"
2026-07-08,Perfect Legendary Chunk,"795,000"
2026-07-08,Perfect Legendary Ore,"1,000,000"
2026-07-08,Perfect Succession Ore,"1,250,000"
2026-07-08,Perfect Succession Shard,"500,000"
2026-07-08,Perfect Uaithne Crystal,"2,700,000"
2026-07-08,Petite Enchant Scroll,"99,500"
2026-07-08,Petrify Enchant Scroll,"44,500"
2026-07-08,Prairie Erg Crystal,"40,000"
2026-07-08,Praise Enchant Scroll,"48,000,000"
2026-07-08,Premium Enhancement Rune,"50,000,000"
2026-07-08,Prophetic Enchant Scroll,"5,000,000"
2026-07-08,Rage Erg Crystal,"5,000"
2026-07-08,Raging Enchant Scroll,"969,420"
2026-07-08,Red Kitty Necklace,"1,500,000"
2026-07-08,Red Moon Brooch,"15,000,000"
2026-07-08,Red Pigment (Apprentice),"10,000"
2026-07-08,Red Pigment (Beginner),"5,000"
2026-07-08,Red Pigment (Journeyman),"20,000"
2026-07-08,Red Pigment (Professional),"8,000"
2026-07-08,Reflection Enchant Scroll,"24,888,887"
2026-07-08,Regina's Feather: Grand Targe,"450,000"
2026-07-08,Regina's Feather: Leg Armor,"3,000,000"
2026-07-08,Reinforced Enchant Scroll,"50,000"
2026-07-08,Resolved Enchant Scroll,"500,000"
2026-07-08,Revenge Enchant Scroll,"4,444,444"
2026-07-08,Righteous Enchant Scroll,"250,000"
2026-07-08,Robust Eriu Crystal,"1,864,040"
2026-07-08,Robust Uaithne Crystal,"350,000"
2026-07-08,Ruins Erg Crystal,"6,165"
2026-07-08,Sacred Erg Crystal,"6,000"
2026-07-08,Sanctuary Earrings,"10,000,000"
2026-07-08,Scattered Essence Box,"150,000"
2026-07-08,Sealed Enchant Scroll,"200,000"
2026-07-08,Sealed Power: Fragments,"30,999"
2026-07-08,Semias' Essence,"3,769,471"
2026-07-08,Seraphic Feathers Brooch,"12,550,000"
2026-07-08,Ship Graveyard Power Crystal,"5,000"
2026-07-08,Shrewd Enchant Scroll,"2,586,712"
2026-07-08,Shrouded Moonlight,"18,888,888"
2026-07-08,Shrouded Shadow,"13,522,416"
2026-07-08,Significant Enchant Scroll,"399,999"
2026-07-08,Silence Erg Crystal,"19,000"
2026-07-08,Silver Bracelet,"269,420"
2026-07-08,Smooth Eriu Crystal,"2,055,555"
2026-07-08,Smooth Legacy Shard,"800,000"
2026-07-08,Smooth Legendary Chunk,"499,994"
2026-07-08,Smooth Legendary Ore,"1,999,800"
2026-07-08,Smooth Legendary Shard,"149,999"
2026-07-08,Smooth Succession Ore,"1,100,000"
2026-07-08,Smooth Uaithne Crystal,"300,000"
2026-07-08,Solid Eriu Crystal,"899,999"
2026-07-08,Solid Legacy Shard,"999,800"
2026-07-08,Solid Legendary Chunk,"333,000"
2026-07-08,Solid Legendary Ore,"1,500,000"
2026-07-08,Solid Legendary Shard,"200,000"
2026-07-08,Solid Succession Ore,"1,111,111"
2026-07-08,Solid Uaithne Crystal,"444,444"
2026-07-08,Solitude Enchant Scroll,"6,750,000"
2026-07-08,Sorrowful Enchant Scroll,"1,000,000"
2026-07-08,Soul Enchant Scroll,"3,000"
2026-07-08,Space Time Enchant Scroll,"85,000"
2026-07-08,Sparkling Enchant Scroll,"50,000"
2026-07-08,Special Dungeon: Enchant Pouch,"10,081,389"
2026-07-08,Spinos' Essence,"8,888,888"
2026-07-08,Spirit Magic Powder,"13,939"
2026-07-08,Spirit Remnant,380
2026-07-08,Spirit Water,800
2026-07-08,Sreng's Essence,"26,666,666"
2026-07-08,Stable Eriu Crystal,"1,553,123"
2026-07-08,Stable Legacy Shard,"2,800,000"
2026-07-08,Stable Legendary Chunk,"1,999,800"
2026-07-08,Stable Legendary Ore,"1,000,000"
2026-07-08,Stable Legendary Shard,"500,000"
2026-07-08,Stable Succession Ore,"342,408"
2026-07-08,Stable Uaithne Crystal,"3,275,000"
2026-07-08,Starlight Belt,"88,888,888"
2026-07-08,Stern Enchant Scroll,"2,999,999"
2026-07-08,Stigma Enchant Scroll,"50,000"
2026-07-08,Stroll Enchant Scroll,"1,500,000"
2026-07-08,Stylish Enchant Scroll,"15,500,000"
2026-07-08,Subdued Enchant Scroll,"50,000"
2026-07-08,Superior Bracelet Diamond,"6,666,666"
2026-07-08,Superior Bracelet Emerald,"3,000,000"
2026-07-08,Superior Bracelet Ruby,"9,999,999"
2026-07-08,Superior Bracelet Sapphire,"2,442,500"
2026-07-08,Superior Cloth,"2,222"
2026-07-08,Superior Element Stone,"725,000"
2026-07-08,Superior Enhancement Elixir,"129,800"
2026-07-08,Superior HP Potion,"8,500"
2026-07-08,Superior Iron Ore,"9,738"
2026-07-08,Tarian Steel,"2,984,592"
2026-07-08,Tempestuous Enchant Scroll,"5,350,000"
2026-07-08,Temporal Enchant Scroll,"20,000"
2026-07-08,Terminus Sentinel Essence: Chest Armor,"300,000"
2026-07-08,Terminus Sentinel Essence: Shield,"500,000"
2026-07-08,Terra Spirit Remnant,790
2026-07-08,The Book of Legacy,"5,000,000"
2026-07-08,The Book of Orna,"8,000,000"
2026-07-08,The Book of Succession,"5,000,000"
2026-07-08,The Book of Uaithne,"30,000,000"
2026-07-08,The Cursed Belt,"55,555,555"
2026-07-08,The Dead Enchant Scroll,"200,000"
2026-07-08,The Watcher's Glowing Mysterious Cat Statue,"84,000,000"
2026-07-08,The Watcher's Glowing Succubus Fang,"81,111,111"
2026-07-08,The Watcher's Mysterious Cat Statue,"30,000,000"
2026-07-08,The Watcher's Rusty Mysterious Cat Statue,"3,750,000"
2026-07-08,The Watcher's Rusty Succubus Fang,"3,500,000"
2026-07-08,The Watcher's Rusty Werewolf Paw,"8,500,000"
2026-07-08,The Watcher's Glowing War Goddess Statue,"89,553,000"
2026-07-08,The Watcher's Glowing Werewolf Paw,"157,913,579"
2026-07-08,The Watcher's Succubus Fang,"24,000,000"
2026-07-08,The Watcher's War Goddess Statue,"23,999,999"
2026-07-08,The Watcher's Werewolf Paw,"24,000,000"
2026-07-08,Thick Additive (Apprentice),"12,449"
2026-07-08,Thick Additive (Beginner),"2,002"
2026-07-08,Thick Additive (Journeyman),"16,000"
2026-07-08,Thick Additive (Professional),"5,500"
2026-07-08,Token of Quiet,"65,000,000"
2026-07-08,Token of Silence,"250,000,000"
2026-07-08,Tragic Enchant Scroll,"38,500,000"
2026-07-08,Transcendent Enchant Scroll,"13,000,000"
2026-07-08,Trial Enchant Scroll,"20,000,000"
2026-07-08,Tricky Enchant Scroll,"50,000"
2026-07-08,Truth Enchant Scroll,"100,000"
2026-07-08,Twilight Desert Source,"7,200"
2026-07-08,Twilight Erg Crystal,900
2026-07-08,Twisted Enchant Scroll,"14,999,999"
2026-07-08,Uaithne Advancement Stone: Chest Armor,"55,555,555"
2026-07-08,Uaithne Advancement Stone: Feet Armor,"55,555,555"
2026-07-08,Uaithne Advancement Stone: Hand Armor,"55,555,555"
2026-07-08,Uaithne Advancement Stone: Head Armor,"55,555,555"
2026-07-08,Uaithne Advancement Stone: Leg Armor,"55,555,555"
2026-07-08,Uaithne Advancement Stone: Weapon,"88,888,888"
2026-07-08,Uaithne Crystal,"18,654,146"
2026-07-08,Uaithne Fragment: Auxiliary Equipment,"400,000"
2026-07-08,Uaithne Fragment: Chest Armor,"4,744,136"
2026-07-08,Uaithne Fragment: Feet Armor,"3,839,520"
2026-07-08,Uaithne Fragment: Leg Armor,"1,999,990"
2026-07-08,Uaithne Fragment: The Cursed Belt,"3,200,000"
2026-07-08,Uaithne Fragment: The Sun's Wish,"2,900,000"
2026-07-08,Uaithne Fragment: Token of Quiet,"7,000,000"
2026-07-08,Uaithne Fragment: Token of Silence,"4,999,999"
2026-07-08,Uaithne Fragment: Weapon,"2,666,666"
2026-07-08,Uaithne Remnant,745
2026-07-08,Unknowable Power: Fragments,"158,000"
2026-07-08,Unrelenting Uaithne Crystal,"740,000"
2026-07-08,Unstable Enhancement Rune,"5,100,000"
2026-07-08,Uscias' Essence,"4,222,222"
2026-07-08,Usurper's Rhod Compass,"9,000,000"
2026-07-08,Usurper's Rusty Rhod Compass,"2,200,000"
2026-07-08,Usurper's Shiny Rhod Compass,"11,003,000"
2026-07-08,Sweet Chocolate,"10,000,000"
2026-07-08,Vehement Enchant Scroll,"499,999"
2026-07-08,Veiled Enchant Scroll,"14,999,999"
2026-07-08,Victorious Enchant Scroll,"9,500,000"
2026-07-08,Waking Stone: Cooldown (5 sec),"79,999"
2026-07-08,Waking Stone: Damage Boost (10%),"900,000"
2026-07-08,Waking Stone: Damage Boost (8%),"1,000"
2026-07-08,Waking Stone: Efficient SP (80),"15,000,000"
2026-07-08,Waking Stone: Efficient Stamina (5),"47,000"
2026-07-08,Waking Stone: Efficient SP (60),"5,000"
2026-07-08,Waking Stone: Efficient SP (70),"99,999"
2026-07-08,Waking Stone: Efficient Stamina (4),"3,000"
2026-07-08,Waking Stone: Major Cooldown (20 sec),"5,000"
2026-07-08,Waking Stone: Major Cooldown (22 sec),"49,999"
2026-07-08,Warlord's Enchant Scroll,"20,000"
2026-07-08,Water Erg Crystal,"13,300"
2026-07-08,Wave Enchant Scroll,"27,777,777"
2026-07-08,Weeping Enchant Scroll,"1,800,000"
2026-07-08,White Kitty Brooch,"1,000,000"
2026-07-08,White Kitty Necklace,"999,999"
2026-07-08,Wish Enchant Scroll,"300,000"
2026-07-08,Withered Enchant Scroll,"18,499,999"
2026-07-08,Yellow Pigment (Apprentice),"15,000"
2026-07-08,Yellow Pigment (Beginner),"11,000"
2026-07-08,Yellow Pigment (Journeyman),"22,000"
2026-07-08,Yellow Pigment (Professional),"4,449"
2026-07-11,Abomination's Essence: Hand Armor,"500,000"
2026-07-11,Abomination's Essence: Large Shield,"845,000"
2026-07-11,Abomination's Essence: Leg Armor,"885,000"
2026-07-11,Abyssal Shard Grade 1,"99,999"
2026-07-11,Abyssal Shard Grade 2,"333,000"
2026-07-11,Abyssal Shard Grade 3,"1,059,392"
2026-07-11,Advance Enchant Scroll,"371,830"
2026-07-11,Advent Enchant Scroll,"18,386,888"
2026-07-11,Adversarial Enchant Scroll,"14,950,000"
2026-07-11,Airtight Exquisite Enchant Rune,"99,999,999"
2026-07-11,Airtight Extraction Rune 1x,"52,420,420"
2026-07-11,Amplified Enchant Scroll,"20,000,000"
2026-07-11,Ancient Elemental Accessory Shard,"17,500"
2026-07-11,Ancient Elemental Armor Shard,"15,000"
2026-07-11,Ancient Elemental Cloth Bundle,"7,730"
2026-07-11,Ancient Elemental Weapon Shard,"16,000"
2026-07-11,Ancient Enchant Scroll,"8,999,999"
2026-07-11,Ancient Erg Crystal,"8,995"
2026-07-11,Ancient Magic Stone,"59,999"
2026-07-11,Ancient Spirit Magic Powder,"44,889"
2026-07-11,Ancient Spirit Water,"59,999"
2026-07-11,Ardri's Essence: Chest Armor,"1,049,999"
2026-07-11,Ardri's Essence: Hand Armor,"1,200,000"
2026-07-11,Ardri's Essence: Head Armor,"1,199,997"
2026-07-11,Ardri's Essence: Leg Armor,"1,199,998"
2026-07-11,Ardri's Essence: Weapon,"1,196,999"
2026-07-11,Armadillo Enchant Scroll,"50,000"
2026-07-11,Artisan's Refined Flask,"999,997"
2026-07-11,Artisan's Sturdy Flask,"39,998"
2026-07-11,Astera's Essence: Chest Armor,"450,000"
2026-07-11,Astera's Essence: Feet Armor,"1,000,000"
2026-07-11,Astera's Essence: Head Armor,"500,000"
2026-07-11,Astera's Essence: Leg Armor,"500,000"
2026-07-11,Astera's Essence: Weapon,"720,000"
2026-07-11,Barrier Enchant Scroll,"5,000"
2026-07-11,Berserker Enchant Scroll,"100,000"
2026-07-11,Blessed Magic Elixir,"42,796"
2026-07-11,Blessed Magic Powder,384
2026-07-11,Bloodlust Enchant Scroll,"2,000,000"
2026-07-11,Blue Kitty Brooch,"950,000"
2026-07-11,Blue Kitty Necklace,"99,999"
2026-07-11,Blue Pigment (Apprentice),"13,000"
2026-07-11,Blue Pigment (Beginner),"42,222"
2026-07-11,Blue Pigment (Jlourneyman),"8,900"
2026-07-11,Bountiful Enchant Scroll,"30,000,000"
2026-07-11,Bracelet Diamond,"5,000"
2026-07-11,Bracelet Emerald,"3,000"
2026-07-11,Bracelet Ruby,"5,000"
2026-07-11,Bracelet Sapphire,"5,000"
2026-07-11,Bres's Moonlight Essence,"8,000,000"
2026-07-11,Bres's Shadow Essence,"8,800,000"
2026-07-11,Brilliant Kitty Necklace,"16,699,999"
2026-07-11,Brutal Enchant Scroll,"999,000"
2026-07-11,Capture Enchant Scroll,"50,000"
2026-07-11,Cessair's Essence,"1,000,000"
2026-07-11,Charging Enchant Scroll,"899,999"
2026-07-11,Chaser's Enchant Scroll,"2,800,000"
2026-07-11,Clash Enchant Scroll,"1,800,000"
2026-07-11,Clear Additive (Apprentice),"20,990"
2026-07-11,Clear Additive (Beginner),"31,815"
2026-07-11,Clear Additive (Journeyman),"6,900"
2026-07-11,Clear Additive (Professional),"7,777"
2026-07-11,Cloth,"5,500"
2026-07-11,Complete Bracelet Diamond,"9,750,000"
2026-07-11,Complete Bracelet Emerald,"8,000,000"
2026-07-11,Complete Bracelet Ruby,"5,000,000"
2026-07-11,Complete Bracelet Sapphire,"8,299,500"
2026-07-11,Concentrated Enchant Scroll,"900,000"
2026-07-11,Consume Enchant Scroll,"2,150,000"
2026-07-11,Cool Enchant Scroll,"371,975"
2026-07-11,Copper Bracelet,"25,997"
2026-07-11,Copper Ore,"1,500"
2026-07-11,Crescent Moon Island Power Crystal,"2,999"
2026-07-11,Cyclical Enchant Scroll,"7,777,777"
2026-07-11,Damascus Steel,"20,000"
2026-07-11,Dash Enchant Scroll,"500,000"
2026-07-11,Decisive Enchant Scroll,"88,000"
2026-07-11,Dignified Enchant Scroll,"991,812"
2026-07-11,Dullahan's Essence: Chest Armor,"1,150,000"
2026-07-11,Dullahan's Essence: Hand Armor,"500,000"
2026-07-11,Dullahan's Essence: Large Shield,"1,333,800"
2026-07-11,Dullahan's Essence: Leg Armor,"500,000"
2026-07-11,Dullahan's Essence: Shield,"1,333,800"
2026-07-11,Dullahan's Essence: Weapon,"1,119,500"
2026-07-11,Element Shard,"1,420"
2026-07-11,Element Stone,"9,899"
2026-07-11,Element Stone Catalyst,"16,522"
2026-07-11,Elemental Accessory Shard,95
2026-07-11,Elemental Cloth Bundle,"7,000"
2026-07-11,Emmett's Essence,"8,000,000"
2026-07-11,Empowered Stone,"5,000"
2026-07-11,Emptiness Erg Crystal,"6,770"
2026-07-11,Enchant Scroll Scrap: Advance,"2,500,100"
2026-07-11,Enchant Scroll Scrap: Advent,"11,500,000"
2026-07-11,Enchant Scroll Scrap: Adversarial,"13,500,000"
2026-07-11,Enchant Scroll Scrap: Amplified,"12,300,000"
2026-07-11,Enchant Scroll Scrap: Ancient,"8,900,000"
2026-07-11,Enchant Scroll Scrap: Bountiful,"23,450,000"
2026-07-11,Enchant Scroll Scrap: Brutal,"1,000,000"
2026-07-11,Enchant Scroll Scrap: Charge,"1,999,999"
2026-07-11,Enchant Scroll Scrap: Chaser's,"1,856,099"
2026-07-11,Enchant Scroll Scrap: Clash,"1,300,000"
2026-07-11,Enchant Scroll Scrap: Concentrated,"4,300,000"
2026-07-11,Enchant Scroll Scrap: Consume,"5,400,000"
2026-07-11,Enchant Scroll Scrap: Cool,"800,000"
2026-07-11,Enchant Scroll Scrap: Cyclical,"7,000,000"
2026-07-11,Enchant Scroll Scrap: Destructive,"2,000,000"
2026-07-11,Enchant Scroll Scrap: Dignified,"1,666,666"
2026-07-11,Enchant Scroll Scrap: Enmity,"4,400,000"
2026-07-11,Enchant Scroll Scrap: Escalating,"18,500,000"
2026-07-11,Enchant Scroll Scrap: Eternal,"18,999,990"
2026-07-11,Enchant Scroll Scrap: Fate,"150,000,000"
2026-07-11,Enchant Scroll Scrap: Fighting Spirit,"10,000,000"
2026-07-11,Enchant Scroll Scrap: Forgotten,"3,500,000"
2026-07-11,Enchant Scroll Scrap: Frenzy,"3,000,000"
2026-07-11,Enchant Scroll Scrap: Hollow,"21,999,999"
2026-07-11,Enchant Scroll Scrap: Impaling,"3,999,999"
2026-07-11,Enchant Scroll Scrap: Indomitable,"8,888,000"
2026-07-11,Enchant Scroll Scrap: Instant,"11,500,000"
2026-07-11,Enchant Scroll Scrap: Irate,"3,000,000"
2026-07-11,Enchant Scroll Scrap: Lament,"1,300,000"
2026-07-11,Enchant Scroll Scrap: Madness,"5,000,000"
2026-07-11,Enchant Scroll Scrap: Meaningful,"3,000,000"
2026-07-11,Enchant Scroll Scrap: Mystic,"35,000,000"
2026-07-11,Enchant Scroll Scrap: Petrify,"1,100,000"
2026-07-11,Enchant Scroll Scrap: Praise,"22,969,696"
2026-07-11,Enchant Scroll Scrap: Prophetic,"4,999,999"
2026-07-11,Enchant Scroll Scrap: Reflection,"19,000,000"
2026-07-11,Enchant Scroll Scrap: Sealed,"5,555,555"
2026-07-11,Enchant Scroll Scrap: Shrewd,"5,000,000"
2026-07-11,Enchant Scroll Scrap: Solitude,"7,777,777"
2026-07-11,Enchant Scroll Scrap: Sorrowful,"2,200,000"
2026-07-11,Enchant Scroll Scrap: Stern,"2,100,000"
2026-07-11,Enchant Scroll Scrap: Stylish,"9,999,999"
2026-07-11,Enchant Scroll Scrap: Subdued,"1,000,000"
2026-07-11,Enchant Scroll Scrap: Tempestuous,"9,999,100"
2026-07-11,Enchant Scroll Scrap: Tragic,"23,450,000"
2026-07-11,Enchant Scroll Scrap: Transcendent,"9,798,765"
2026-07-11,Enchant Scroll Scrap: Trial,"12,999,999"
2026-07-11,Enchant Scroll Scrap: Twisted,"6,666,666"
2026-07-11,Enchant Scroll Scrap: Vehement,"1,190,000"
2026-07-11,Enchant Scroll Scrap: Veiled,"12,200,000"
2026-07-11,Enchant Scroll Scrap: Victorious,"6,399,999"
2026-07-11,Enchant Scroll Scrap: Wave,"16,969,696"
2026-07-11,Enchant Scroll Scrap: Weeping,"5,555,555"
2026-07-11,Enchant Scroll Scrap: Withered,"11,512,100"
2026-07-11,Enhanced New Era Cloth,"40,537"
2026-07-11,Enhanced New Era Leather,"40,900"
2026-07-11,Enhanced New Era Orb,"25,440"
2026-07-11,Enhanced New Era Ore,"55,000"
2026-07-11,Enhancement Elixir,500
2026-07-11,Eriu Advancement Stone: Head Armor,"66,666,666"
2026-07-11,Eriu Advancement Stone: Leg Armor,"66,666,666"
2026-07-11,Eriu Advancement Stone: Weapon,"99,999,999"
2026-07-11,Eriu Book,"66,666,666"
2026-07-11,Eriu Fragment: Auxiliary Equipment,"9,800,000"
2026-07-11,Eriu Fragment: Chest Armor,"2,200,000"
2026-07-11,Eriu Fragment: Head Armor,"2,034,623"
2026-07-11,Eriu Fragment: Leg Armor,"1,999,999"
2026-07-11,Eriu Fragment: Weapon,"4,349,999"
2026-07-11,Eternal Legacy,"1,000,000"
2026-07-11,Eternity Erg Crystal,"50,000"
2026-07-11,Exquisite Cloth,999
2026-07-11,Exquisite HP Potion,"21,012"
2026-07-11,Exquisite Iron Ore,720
2026-07-11,Fading Enchant Scroll,"1,000,000"
2026-07-11,Fallen One's Rhod Compass,"73,993,000"
2026-07-11,Fallen One's Rusty Rhod Compass,"19,800,000"
2026-07-11,Fallen One's Shiny Rhod Compass,"139,000,000"
2026-07-11,Fate Enchant Scroll,"550,000,000"
2026-07-11,Fear of the Divide,"3,333,333"
2026-07-11,Fighting Belt,"15,558,225"
2026-07-11,Fighting Spirit Enchant Scroll,"23,900,000"
2026-07-11,Fine Bracelet Diamond,"90,000"
2026-07-11,Fine Bracelet Emerald,"59,999"
2026-07-11,Fine Bracelet Ruby,"50,000"
2026-07-11,Fine Bracelet Sapphire,"80,000"
2026-07-11,Fine Cloth,"2,939"
2026-07-11,Fine Fobellow Tin,"4,750"
2026-07-11,Fine HP Potion,"2,999"
2026-07-11,Fine Iron Ore,"9,999"
2026-07-11,Fire Spirit Remnant,820
2026-07-11,Flask of Niflheim,"1,200,000"
2026-07-11,Forgotten Enchant Scroll,"2,242,943"
2026-07-11,Fragrant Additive (Apprentice),"30,000"
2026-07-11,Fragrant Additive (Beginner),"23,800"
2026-07-11,Fragrant Additive (Journeyman),"10,000"
2026-07-11,Frenzy Enchant Scroll,"1,999,500"
2026-07-11,Godly Cloth,"10,200"
2026-07-11,Godly Iron Ore,"1,390"
2026-07-11,Goibhniu's Enhancement Stone,"2,222,222"
2026-07-11,Goibhniu's Stone+,"4,959,999"
2026-07-11,Gold Bracelet,"15,900,000"
2026-07-11,Gold Ore,58
2026-07-11,Gorbas' Essence,"7,000,000"
2026-07-11,Gray Twilight Brooch,"19,800,000"
2026-07-11,Greater Bronze Lion Statue,"300,000"
2026-07-11,Greater Succubus Fang,"444,333"
2026-07-11,Greater War Goddess Statue,"400,000"
2026-07-11,Greater Werewolf Paw,"4,299,999"
2026-07-11,Grinding Enchant Scroll,"45,000"
2026-07-11,Healthy Enchant Scroll,"199,999"
2026-07-11,Heartless Enchant Scroll,"19,999"
2026-07-11,Heavenly Leather,"8,700"
2026-07-11,Hoarfrost Hollow Erg Crystal,"9,950"
2026-07-11,Hollow Enchant Scroll,"36,500,000"
2026-07-11,Immoral Enchant Scroll,"100,000"
2026-07-11,Impaling Enchant Scroll,"999,750"
2026-07-11,Indomitable Enchant Scroll,"9,999,999"
2026-07-11,Inherited Power: Fragments,"5,793"
2026-07-11,Instant Enchant Scroll,"15,000,000"
2026-07-11,Intermediate Element Stone,"308,454"
2026-07-11,Irate Enchant Scroll,"3,211,999"
2026-07-11,Iron Ore,"31,046"
2026-07-11,Jardin Steel,"30,000"
2026-07-11,Jarnir's Essence,"9,000,000"
2026-07-11,Keen Eriu Crystal,"1,500,000"
2026-07-11,Keen Legacy Shard,"999,998"
2026-07-11,Keen Legendary Ore,"1,999,800"
2026-07-11,Keen Succession Ore,"1,799,000"
2026-07-11,Keen Uaithne Crystal,"2,200,000"
2026-07-11,Kitty Brooch,"800,000"
2026-07-11,Kitty Necklace,"990,000"
2026-07-11,Lambent Powder,756
2026-07-11,Life Erg Crystal,"5,570"
2026-07-11,Life Spirit Remnant,"6,669"
2026-07-11,Light Erg Crystal,"7,700"
2026-07-11,Lightweight Eriu Crystal,"780,000"
2026-07-11,Lightweight Legacy Shard,"999,999"
2026-07-11,Lightweight Legendary Chunk,"800,000"
2026-07-11,Lightweight Legendary Ore,"400,000"
2026-07-11,Lightweight Succession Ore,"900,000"
2026-07-11,Lightweight Uaithne Crystal,"2,799,702"
2026-07-11,Lord's Glowing Obsidian Bracelet,"699,999,000"
2026-07-11,Lord's Obsidian Bracelet,"488,888,888"
2026-07-11,Lord's Rusty Obsidian Bracelet,"320,000,000"
2026-07-11,Lucian's Essence,"2,080,000"
2026-07-11,Lugh Lamhfada's Essence: Hand Armor,"500,000"
2026-07-11,Madness Enchant Scroll,"6,444,444"
2026-07-11,Magic Elixir,"33,300"
2026-07-11,Magic Elixir of Life,"10,500"
2026-07-11,Magic Powder,"14,557"
2026-07-11,Magic Stone,"1,284"
2026-07-11,Mana Dust,"1,064"
2026-07-11,Master Enchant Scroll,"20,000"
2026-07-11,Meaningful Enchant Scroll,"2,000,000"
2026-07-11,Meditating Enchant Scroll,"10,000"
2026-07-11,Memorable Enchant Scroll,"200,000"
2026-07-11,Milletian's Essence: Chest Armor,"900,000"
2026-07-11,Milletian's Essence: Feet Armor,"2,999,800"
2026-07-11,Milletian's Essence: Head Armor,"500,000"
2026-07-11,Milo's Essence,"2,000,000"
2026-07-11,Misty Summit Source,"130,000"
2026-07-11,Morgant's Essence,"3,256,761"
2026-07-11,Mysterious Shard Grade 1,"30,000"
2026-07-11,Mysterious Shard Grade 2,"295,000"
2026-07-11,Mysterious Shard Grade 3,"900,000"
2026-07-11,Mystic Enchant Scroll,"62,899,999"
2026-07-11,New Era Cloth,"44,600"
2026-07-11,New Era Leather,"28,705"
2026-07-11,New Era Orb,"6,000"
2026-07-11,New Era Ore,"11,000"
2026-07-11,New Era Remnant,40
2026-07-11,New Era Stone,"4,100"
2026-07-11,Obsidian Kitty Necklace,"125,000,000"
2026-07-11,Orb,"10,199"
2026-07-11,Orna's Essence,"150,000"
2026-07-11,Orna's Essence: Chest Armor,"1,600,000"
2026-07-11,Orna's Essence: Feet Armor,"1,480,000"
2026-07-11,Orna's Essence: Hand Armor,"1,500,000"
2026-07-11,Orna's Essence: Head Armor,"1,476,000"
2026-07-11,Orna's Essence: Leg Armor,"1,640,000"
2026-07-11,Orna's Essence: Weapon,"1,444,444"
2026-07-11,Outburst Enchant Scroll,"90,000"
2026-07-11,Paradise Orb,"2,500"
2026-07-11,Paradise Stone,"18,000"
2026-07-11,Passion Enchant Scroll,"4,444,444"
2026-07-11,Peaceful Enchant Scroll,"50,000"
2026-07-11,Perfect Legacy Shard,"1,000,000"
2026-07-11,Perfect Legendary Chunk,"800,000"
2026-07-11,Perfect Succession Ore,"1,000,000"
2026-07-11,Perfect Uaithne Crystal,"2,650,000"
2026-07-11,Petite Enchant Scroll,"49,415"
2026-07-11,Prairie Erg Crystal,"8,888"
2026-07-11,Praise Enchant Scroll,"33,333,300"
2026-07-11,Premium Enhancement Rune,"100,000,000"
2026-07-11,Prophetic Enchant Scroll,"5,000,000"
2026-07-11,Rage Erg Crystal,"5,000"
2026-07-11,Raging Enchant Scroll,"499,999"
2026-07-11,Rainbow Belt,"61,500"
2026-07-11,Red Kitty Necklace,"1,250,000"
2026-07-11,Red Moon Brooch,"21,000,000"
2026-07-11,Red Pigment (Apprentice),"10,000"
2026-07-11,Red Pigment (Beginner),"34,743"
2026-07-11,Red Pigment (Journeyman),"5,900"
2026-07-11,Red Pigment (Professional),"15,551"
2026-07-11,Reflection Enchant Scroll,"26,499,999"
2026-07-11,Regina's Feather: Head Armor,"99,800"
2026-07-11,Regina's Feather: Leg Armor,"3,000,000"
2026-07-11,Regina's Feather: Weapon,"99,800"
2026-07-11,Revenge Enchant Scroll,"5,900,000"
2026-07-11,Righteous Enchant Scroll,"48,000"
2026-07-11,Robust Eriu Crystal,"1,488,943"
2026-07-11,Robust Uaithne Crystal,"530,000"
2026-07-11,Roots of Abundance,"90,000,000"
2026-07-11,Ruins Erg Crystal,"4,895"
2026-07-11,Sacred Erg Crystal,"6,000"
2026-07-11,Sanctuary Earrings,"15,555,555"
2026-07-11,Sealed Enchant Scroll,"9,999,500"
2026-07-11,Sealed Power: Fragments,"36,000"
2026-07-11,Semias' Essence,"3,769,471"
2026-07-11,Seraphic Feathers Brooch,"12,549,999"
2026-07-11,Ship Graveyard Power Crystal,"3,000"
2026-07-11,Shrewd Enchant Scroll,"4,500,000"
2026-07-11,Shrouded Moonlight,"12,000,000"
2026-07-11,Shrouded Shadow,"13,522,416"
2026-07-11,Significant Enchant Scroll,"150,000"
2026-07-11,Silence Erg Crystal,"18,999"
2026-07-11,Silver Bracelet,"300,000"
2026-07-11,Silver Ore,"1,290"
2026-07-11,Smooth Eriu Crystal,"1,200,000"
2026-07-11,Smooth Legacy Shard,"299,999"
2026-07-11,Smooth Legendary Ore,"1,000,000"
2026-07-11,Smooth Uaithne Crystal,"350,000"
2026-07-11,Solid Eriu Crystal,"619,000"
2026-07-11,Solid Legacy Shard,"800,000"
2026-07-11,Solid Legendary Chunk,"500,000"
2026-07-11,Solid Legendary Ore,"1,000,000"
2026-07-11,Solid Legendary Shard,"200,000"
2026-07-11,Solid Succession Ore,"1,499,999"
2026-07-11,Solid Uaithne Crystal,"624,999"
2026-07-11,Solitude Enchant Scroll,"11,250,000"
2026-07-11,Sorrowful Enchant Scroll,"3,500,000"
2026-07-11,Soul Enchant Scroll,"100,500"
2026-07-11,Space Time Enchant Scroll,"189,999"
2026-07-11,Sparkling Enchant Scroll,"49,500"
2026-07-11,Special Dungeon: Enchant Pouch,"10,400,000"
2026-07-11,Spinos' Essence,"16,000,000"
2026-07-11,Spirit Magic Powder,"12,505"
2026-07-11,Spirit Remnant,"1,210"
2026-07-11,Spirit Water,595
2026-07-11,Sreng's Essence,"25,900,000"
2026-07-11,Stable Eriu Crystal,"2,391,922"
2026-07-11,Stable Legacy Shard,"300,000"
2026-07-11,Stable Legendary Ore,"500,000"
2026-07-11,Stable Succession Ore,"400,000"
2026-07-11,Stable Uaithne Crystal,"2,714,744"
2026-07-11,Starlight Belt,"95,000,000"
2026-07-11,Stern Enchant Scroll,"3,000,000"
2026-07-11,Stigma Enchant Scroll,500
2026-07-11,Striking Enchant Scroll,"45,000"
2026-07-11,Stylish Enchant Scroll,"12,500,000"
2026-07-11,Superior Bracelet Diamond,"4,880,099"
2026-07-11,Superior Bracelet Ruby,"5,000,000"
2026-07-11,Superior Bracelet Sapphire,"4,500,000"
2026-07-11,Superior Cloth,"1,500"
2026-07-11,Superior Element Stone,"733,000"
2026-07-11,Superior Enhancement Elixir,"127,928"
2026-07-11,Superior HP Potion,"9,074"
2026-07-11,Superior Iron Ore,"6,504"
2026-07-11,Tarian Steel,"2,978,888"
2026-07-11,Tempestuous Enchant Scroll,"9,380,000"
2026-07-11,Terminus Sentinel Essence: Chest Armor,"500,000"
2026-07-11,Terminus Sentinel Essence: Shield,"500,000"
2026-07-11,Terra Spirit Remnant,740
2026-07-11,The Book of Legacy,"5,000,000"
2026-07-11,The Book of Orna,"19,999,999"
2026-07-11,The Book of Succession,"5,000,000"
2026-07-11,The Book of Uaithne,"64,999,999"
2026-07-11,The Cursed Belt,"90,000,000"
2026-07-11,The Watcher's Glowing Mysterious Cat Statue,"84,000,000"
2026-07-11,The Watcher's Glowing Succubus Fang,"88,000,000"
2026-07-11,The Watcher's Mysterious Cat Statue,"22,000,000"
2026-07-11,The Watcher's Rusty Mysterious Cat Statue,"3,399,987"
2026-07-11,The Watcher's Rusty Succubus Fang,"3,488,000"
2026-07-11,The Watcher's Rusty War Goddess Statue,"6,499,999"
2026-07-11,The Watcher's Rusty Werewolf Paw,"6,000,000"
2026-07-11,The Watcher's Glowing War Goddess Statue,"88,000,000"
2026-07-11,The Watcher's Glowing Werewolf Paw,"143,000,000"
2026-07-11,The Watcher's Succubus Fang,"23,999,998"
2026-07-11,The Watcher's War Goddess Statue,"39,999,999"
2026-07-11,The Watcher's Werewolf Paw,"24,999,999"
2026-07-11,Thick Additive (Apprentice),"15,000"
2026-07-11,Thick Additive (Beginner),"12,215"
2026-07-11,Thick Additive (Journeyman),"9,928"
2026-07-11,Token of Quiet,"65,000,000"
2026-07-11,Twilight Desert Source,"7,200"
2026-07-11,Twilight Erg Crystal,"7,777"
2026-07-11,Uaithne Advancement Stone: Chest Armor,"55,555,555"
2026-07-11,Uaithne Advancement Stone: Feet Armor,"55,555,555"
2026-07-11,Uaithne Advancement Stone: Hand Armor,"55,555,555"
2026-07-11,Uaithne Advancement Stone: Head Armor,"55,555,555"
2026-07-11,Uaithne Advancement Stone: Leg Armor,"55,555,555"
2026-07-11,Uaithne Advancement Stone: Weapon,"88,888,888"
2026-07-11,Uaithne Crystal,"16,805,292"
2026-07-11,Uaithne Fragment: Auxiliary Equipment,"1,000,000"
2026-07-11,Uaithne Fragment: Chest Armor,"3,500,000"
2026-07-11,Uaithne Fragment: Feet Armor,"2,492,908"
2026-07-11,Uaithne Fragment: Hand Armor,"2,300,000"
2026-07-11,Uaithne Fragment: Head Armor,"3,500,000"
2026-07-11,Uaithne Fragment: Leg Armor,"1,788,888"
2026-07-11,Uaithne Fragment: Token of Quiet,"6,555,800"
2026-07-11,Uaithne Fragment: Token of Silence,"9,799,990"
2026-07-11,Uaithne Fragment: Weapon,"2,700,000"
2026-07-11,Uaithne Remnant,"1,553"
2026-07-11,Unknowable Power: Fragments,"175,000"
2026-07-11,Unrelenting Uaithne Crystal,"752,301"
2026-07-11,Unstable Enhancement Rune,"6,100,000"
2026-07-11,Uscias' Essence,"2,990,000"
2026-07-11,Usurper's Rhod Compass,"8,900,000"
2026-07-11,Usurper's Rusty Rhod Compass,"2,700,000"
2026-07-11,Usurper's Shiny Rhod Compass,"12,000,000"
2026-07-11,Veiled Enchant Scroll,"17,999,999"
2026-07-11,Victorious Enchant Scroll,"11,500,000"
2026-07-11,Waking Stone: Breakoff DMG +8%,"14,999"
2026-07-11,Waking Stone: Cooldown (5 sec),"74,000"
2026-07-11,Waking Stone: Damage Boost (10%),"681,000"
2026-07-11,Waking Stone: Damage Boost (8%),"1,000"
2026-07-11,Waking Stone: Efficient SP (70),"99,999"
2026-07-11,Waking Stone: Efficient SP (80),"12,000,000"
2026-07-11,Waking Stone: Efficient Stamina (5),"44,999"
2026-07-11,Waking Stone: Major Cooldown (22 sec),"99,999"
2026-07-11,Warlord's Enchant Scroll,"18,400"
2026-07-11,Water Erg Crystal,"8,388"
2026-07-11,Wave Enchant Scroll,"40,000,000"
2026-07-11,White Kitty Brooch,"1,177,777"
2026-07-11,White Kitty Necklace,"999,999"
2026-07-11,Wish Enchant Scroll,"2,000,000"
2026-07-11,Withered Enchant Scroll,"18,500,000"
2026-07-11,Yellow Pigment (Apprentice),"14,999"
2026-07-11,Yellow Pigment (Beginner),"34,587"
2026-07-11,Yellow Pigment (Journeyman),"8,999"
2026-07-11,Yellow Pigment (Professional),"34,449"
2026-07-16,Abomination's Essence: Hand Armor,"500,000"
2026-07-16,Abyssal Shard Grade 1,"104,104"
2026-07-16,Abyssal Shard Grade 2,"431,898"
2026-07-16,Abyssal Shard Grade 3,"1,428,573"
2026-07-16,Advance Enchant Scroll,"5,000,000"
2026-07-16,Advent Enchant Scroll,"9,000,000"
2026-07-16,Adversarial Enchant Scroll,"10,000,000"
2026-07-16,Airtight Exquisite Enchant Rune,"105,000,000"
2026-07-16,Airtight Extraction Rune 1x,"54,420,420"
2026-07-16,Amplified Enchant Scroll,"24,900,000"
2026-07-16,Ancient Element Shard,"25,000"
2026-07-16,Ancient Elemental Accessory Shard,"17,500"
2026-07-16,Ancient Elemental Armor Shard,"15,000"
2026-07-16,Ancient Elemental Weapon Shard,"16,000"
2026-07-16,Ancient Enchant Scroll,"2,929,292"
2026-07-16,Ancient Erg Crystal,"9,000"
2026-07-16,Ancient Lambent Powder,"25,000"
2026-07-16,Ancient Magic Stone,"25,000"
2026-07-16,Ancient Spirit Magic Powder,"52,000"
2026-07-16,Ancient Spirit Water,"25,000"
2026-07-16,Ancient Succession,"500,000"
2026-07-16,Ardor Enchant Scroll,"500,000"
2026-07-16,Ardri's Essence: Chest Armor,"1,199,800"
2026-07-16,Ardri's Essence: Hand Armor,"1,350,000"
2026-07-16,Ardri's Essence: Head Armor,"1,199,999"
2026-07-16,Ardri's Essence: Leg Armor,"1,190,000"
2026-07-16,Ardri's Essence: Weapon,"1,999,800"
2026-07-16,Artisan's Refined Flask,"49,898"
2026-07-16,Artisan's Sturdy Flask,"36,000"
2026-07-16,Astera's Essence: Chest Armor,"444,800"
2026-07-16,Astera's Essence: Feet Armor,"2,999,800"
2026-07-16,Astera's Essence: Hand Armor,"440,800"
2026-07-16,Astera's Essence: Head Armor,"500,000"
2026-07-16,Astera's Essence: Leg Armor,"500,000"
2026-07-16,Astera's Essence: Weapon,"429,999"
2026-07-16,Blessed Magic Elixir,"48,800"
2026-07-16,Blessed Magic Powder,"4,999"
2026-07-16,Blue Kitty Brooch,"2,222,100"
2026-07-16,Blue Kitty Necklace,"200,000"
2026-07-16,Blue Pigment (Apprentice),"13,333"
2026-07-16,Blue Pigment (Beginner),"11,000"
2026-07-16,Blue Pigment (Jlourneyman),"18,000"
2026-07-16,Blue Pigment (Professional),"14,400"
2026-07-16,Bountiful Enchant Scroll,"28,999,999"
2026-07-16,Bracelet Diamond,"3,900"
2026-07-16,Bracelet Emerald,"2,500"
2026-07-16,Bracelet Ruby,"3,900"
2026-07-16,Bracelet Sapphire,"3,900"
2026-07-16,Braha's Essence: Large Shield,"200,000"
2026-07-16,Bres's Moonlight Essence,"6,900,000"
2026-07-16,Bres's Shadow Essence,"6,600,000"
2026-07-16,Brilliant Kitty Necklace,"19,000,000"
2026-07-16,Brutal Enchant Scroll,"900,000"
2026-07-16,Capture Enchant Scroll,"1,000,000"
2026-07-16,Cessair's Essence,"1,000,000"
2026-07-16,Challenging Enchant Scroll,"200,000"
2026-07-16,Character-Specific Hair Coupon,"55,000,000"
2026-07-16,Charging Enchant Scroll,"2,000,500"
2026-07-16,Chaser's Enchant Scroll,"1,329,998"
2026-07-16,Clash Enchant Scroll,"4,254,999"
2026-07-16,Clear Additive (Apprentice),"10,000"
2026-07-16,Clear Additive (Beginner),"11,000"
2026-07-16,Clear Additive (Journeyman),"6,800"
2026-07-16,Clear Additive (Professional),"8,800"
2026-07-16,Cloth,"3,500"
2026-07-16,Complete Bracelet Diamond,"13,000,000"
2026-07-16,Complete Bracelet Emerald,"9,500,000"
2026-07-16,Complete Bracelet Ruby,"7,400,000"
2026-07-16,Complete Bracelet Sapphire,"8,000,000"
2026-07-16,Concentrated Enchant Scroll,"9,000,000"
2026-07-16,Cool Enchant Scroll,"1,899,998"
2026-07-16,Copper Bracelet,"40,000"
2026-07-16,Copper Ore,"5,000"
2026-07-16,Crescent Moon Island Power Crystal,"3,000"
2026-07-16,Cyclical Enchant Scroll,"5,900,000"
2026-07-16,Damascus Steel,"20,000"
2026-07-16,Dash Enchant Scroll,"177,500"
2026-07-16,Decisive Enchant Scroll,"100,000"
2026-07-16,Deific Devotion A Prophecy That Cannot Be Followed,"3,750,000"
2026-07-16,Deific Devotion Cavern of Enmity,"2,700,000"
2026-07-16,Deific Devotion Dialectic of Death,"1,699,999"
2026-07-16,Deific Devotion False Confession,"88,888,888"
2026-07-16,Deific Devotion Forest of Abundance,"15,000,000"
2026-07-16,Deific Devotion Great Ministry,"4,350,000"
2026-07-16,Deific Devotion Royal Castle Topaz Hall,"5,000,000"
2026-07-16,Deific Devotion Unjust Cathedral,"5,000,000"
2026-07-16,Deific Devotion Where Earth Meets Sky,"4,444,444"
2026-07-16,Destructive Enchant Scroll,"777,777"
2026-07-16,Dignified Enchant Scroll,"1,999,999"
2026-07-16,Dullahan's Essence: Chest Armor,"444,700"
2026-07-16,Dullahan's Essence: Feet Armor,"444,800"
2026-07-16,Dullahan's Essence: Grand Targe,"444,444"
2026-07-16,Dullahan's Essence: Hand Armor,"444,800"
2026-07-16,Dullahan's Essence: Large Shield,"444,444"
2026-07-16,Dullahan's Essence: Leg Armor,"444,800"
2026-07-16,Dullahan's Essence: Shield,"444,800"
2026-07-16,Echoing Enchant Scroll,"20,000"
2026-07-16,Element Shard,"4,000"
2026-07-16,Element Stone,"4,900"
2026-07-16,Element Stone Catalyst,"14,000"
2026-07-16,Elemental Accessory Shard,"7,000"
2026-07-16,Elemental Armor Shard,"2,200"
2026-07-16,Elemental Cloth Bundle,"7,000"
2026-07-16,Elemental Weapon Shard,"2,400"
2026-07-16,Emmett's Essence,"5,980,000"
2026-07-16,Empowered Stone,"6,000"
2026-07-16,Emptiness Erg Crystal,"8,477"
2026-07-16,Enchant Scroll Scrap: Advance,"2,333,100"
2026-07-16,Enchant Scroll Scrap: Advent,"10,450,000"
2026-07-16,Enchant Scroll Scrap: Adversarial,"10,000,000"
2026-07-16,Enchant Scroll Scrap: Amplified,"18,999,999"
2026-07-16,Enchant Scroll Scrap: Ancient,"2,500,000"
2026-07-16,Enchant Scroll Scrap: Bountiful,"20,000,000"
2026-07-16,Enchant Scroll Scrap: Charge,"1,800,000"
2026-07-16,Enchant Scroll Scrap: Chaser's,"1,956,147"
2026-07-16,Enchant Scroll Scrap: Clash,"12,269,999"
2026-07-16,Enchant Scroll Scrap: Concentrated,"3,333,333"
2026-07-16,Enchant Scroll Scrap: Concerted,"200,000"
2026-07-16,Enchant Scroll Scrap: Consume,"4,000,000"
2026-07-16,Enchant Scroll Scrap: Conviction,"5,555,555"
2026-07-16,Enchant Scroll Scrap: Cool,"1,977,777"
2026-07-16,Enchant Scroll Scrap: Cyclical,"6,000,000"
2026-07-16,Enchant Scroll Scrap: Destructive,"1,888,100"
2026-07-16,Enchant Scroll Scrap: Dignified,"3,000,000"
2026-07-16,Enchant Scroll Scrap: Enmity,"2,990,100"
2026-07-16,Enchant Scroll Scrap: Escalating,"18,900,000"
2026-07-16,Enchant Scroll Scrap: Eternal,"15,989,800"
2026-07-16,Enchant Scroll Scrap: Executing,"60,000,000"
2026-07-16,Enchant Scroll Scrap: Fading,"1,000,000"
2026-07-16,Enchant Scroll Scrap: Fighting Spirit,"16,999,999"
2026-07-16,Enchant Scroll Scrap: Forgotten,"4,899,100"
2026-07-16,Enchant Scroll Scrap: Hollow,"19,999,000"
2026-07-16,Enchant Scroll Scrap: Impaling,"1,999,999"
2026-07-16,Enchant Scroll Scrap: Indomitable,"6,909,999"
2026-07-16,Enchant Scroll Scrap: Instant,"11,999,990"
2026-07-16,Enchant Scroll Scrap: Irate,"3,555,100"
2026-07-16,Enchant Scroll Scrap: Lament,"3,000,000"
2026-07-16,Enchant Scroll Scrap: Madness,"5,000,000"
2026-07-16,Enchant Scroll Scrap: Meaningful,"1,500,000"
2026-07-16,Enchant Scroll Scrap: Petrify,"980,000"
2026-07-16,Enchant Scroll Scrap: Praise,"22,696,969"
2026-07-16,Enchant Scroll Scrap: Prophetic,"4,999,999"
2026-07-16,Enchant Scroll Scrap: Raging,"1,500,000"
2026-07-16,Enchant Scroll Scrap: Reflection,"17,500,000"
2026-07-16,Enchant Scroll Scrap: Revenge,"5,599,999"
2026-07-16,Enchant Scroll Scrap: Shrewd,"3,333,333"
2026-07-16,Enchant Scroll Scrap: Solitude,"16,950,000"
2026-07-16,Enchant Scroll Scrap: Sorrowful,"2,100,000"
2026-07-16,Enchant Scroll Scrap: Stern,"6,000,000"
2026-07-16,Enchant Scroll Scrap: Stylish,"9,700,000"
2026-07-16,Enchant Scroll Scrap: Subdued,"5,555,555"
2026-07-16,Enchant Scroll Scrap: Tempestuous,"4,999,999"
2026-07-16,Enchant Scroll Scrap: Tragic,"21,000,000"
2026-07-16,Enchant Scroll Scrap: Transcendent,"9,000,000"
2026-07-16,Enchant Scroll Scrap: Trial,"13,000,000"
2026-07-16,Enchant Scroll Scrap: Vehement,"1,666,100"
2026-07-16,Enchant Scroll Scrap: Veiled,"10,929,191"
2026-07-16,Enchant Scroll Scrap: Victorious,"6,200,000"
2026-07-16,Enchant Scroll Scrap: Wave,"19,888,888"
2026-07-16,Enchant Scroll Scrap: Weeping,"4,000,000"
2026-07-16,Enchant Scroll Scrap: Withered,"12,666,666"
2026-07-16,Enhanced New Era Cloth,"32,267"
2026-07-16,Enhanced New Era Leather,"36,044"
2026-07-16,Enhanced New Era Orb,"50,500"
2026-07-16,Enhanced New Era Ore,"72,700"
2026-07-16,Enhancement Elixir,894
2026-07-16,Enmity Enchant Scroll,"1,499,999"
2026-07-16,Enthusiastic Enchant Scroll,"100,000"
2026-07-16,Eriu Advancement Stone: Head Armor,"66,666,666"
2026-07-16,Eriu Advancement Stone: Leg Armor,"66,666,666"
2026-07-16,Eriu Advancement Stone: Weapon,"79,999,999"
2026-07-16,Eriu Book,"66,666,666"
2026-07-16,Eriu Fragment: Auxiliary Equipment,"4,999,999"
2026-07-16,Eriu Fragment: Chest Armor,"2,222,222"
2026-07-16,Eriu Fragment: Head Armor,"2,111,111"
2026-07-16,Eriu Fragment: Leg Armor,"2,100,000"
2026-07-16,Eriu Fragment: Roots of Abundance,"10,000,000"
2026-07-16,Eriu Fragment: Starlight Belt,"9,280,000"
2026-07-16,Eriu Fragment: Weapon,"3,651,390"
2026-07-16,Eternal Enchant Scroll,"15,223,913"
2026-07-16,Eternal Legacy,"1,000,000"
2026-07-16,Eternity Erg Crystal,"7,980"
2026-07-16,Executing Enchant Scroll,"70,000,000"
2026-07-16,Exquisite Cloth,"23,900"
2026-07-16,Exquisite HP Potion,"17,777"
2026-07-16,Exquisite Iron Ore,469
2026-07-16,Fading Enchant Scroll,"2,999,999"
2026-07-16,Fallen One's Rhod Compass,"70,000,000"
2026-07-16,Fallen One's Rusty Rhod Compass,"18,399,000"
2026-07-16,Fallen One's Shiny Rhod Compass,"132,223,000"
2026-07-16,Fast Enchant Scroll,"200,000"
2026-07-16,Fate Enchant Scroll,"494,494,494"
2026-07-16,Fear of the Divide,"2,222,222"
2026-07-16,Fighting Belt,"16,228,225"
2026-07-16,Fighting Spirit Enchant Scroll,"19,999,887"
2026-07-16,Fine Bracelet Diamond,"98,880"
2026-07-16,Fine Bracelet Emerald,"40,000"
2026-07-16,Fine Bracelet Ruby,"71,333"
2026-07-16,Fine Bracelet Sapphire,"65,025"
2026-07-16,Fine Cloth,"2,020"
2026-07-16,Fine Fobellow Tin,"4,772"
2026-07-16,Fine HP Potion,"1,200"
2026-07-16,Fine Iron Ore,"11,000"
2026-07-16,Fire Spirit Remnant,779
2026-07-16,Flask of Niflheim,"2,427,824"
2026-07-16,Fragrant Additive (Apprentice),"34,000"
2026-07-16,Fragrant Additive (Beginner),"10,909"
2026-07-16,Fragrant Additive (Journeyman),"8,000"
2026-07-16,Fragrant Additive (Professional),"8,850"
2026-07-16,Frenzy Enchant Scroll,"2,888,500"
2026-07-16,Godly Cloth,"10,200"
2026-07-16,Godly Iron Ore,939
2026-07-16,Goibhniu's Enhancement Stone,400
2026-07-16,Goibhniu's Stone+,"5,999,969"
2026-07-16,Gold Bracelet,"15,000,000"
2026-07-16,Gorbas' Essence,"8,585,858"
2026-07-16,Gray Twilight Brooch,"17,850,000"
2026-07-16,Greater Bronze Lion Statue,"1,100,000"
2026-07-16,Greater Mysterious Cat Statue,"27,580,000"
2026-07-16,Greater Succubus Fang,"999,999"
2026-07-16,Greater War Goddess Statue,"250,000"
2026-07-16,Healthy Enchant Scroll,"100,000"
2026-07-16,Heartless Enchant Scroll,"1,000"
2026-07-16,Heavenly Leather,"15,628"
2026-07-16,Hoarfrost Hollow Erg Crystal,"12,670"
2026-07-16,Hollow Enchant Scroll,"26,500,000"
2026-07-16,Ice Crystal,"1,234,567"
2026-07-16,Impaling Enchant Scroll,"1,500,000"
2026-07-16,Indomitable Enchant Scroll,"8,000,000"
2026-07-16,Infinite Enchant Scroll,"299,500"
2026-07-16,Inherited Power: Fragments,"7,836"
2026-07-16,Instant Enchant Scroll,"15,000,000"
2026-07-16,Intermediate Element Stone,"262,845"
2026-07-16,Irate Enchant Scroll,"2,200,000"
2026-07-16,Iron Ore,"10,000"
2026-07-16,Jardin Steel,"31,333"
2026-07-16,Jarnir's Essence,"7,000,000"
2026-07-16,Keen Eriu Crystal,"1,264,895"
2026-07-16,Keen Legacy Shard,"800,000"
2026-07-16,Keen Legendary Chunk,"1,999,800"
2026-07-16,Keen Legendary Ore,"440,000"
2026-07-16,Keen Succession Ore,"899,999"
2026-07-16,Keen Uaithne Crystal,"2,222,222"
2026-07-16,Kitty Brooch,"1,111,200"
2026-07-16,Kitty Necklace,"50,500"
2026-07-16,Lambent Powder,755
2026-07-16,Lament Enchant Scroll,"879,000"
2026-07-16,Life Erg Crystal,"5,350"
2026-07-16,Life Spirit Remnant,"5,487"
2026-07-16,Light Erg Crystal,"6,499"
2026-07-16,Lightweight Eriu Crystal,"430,000"
2026-07-16,Lightweight Legacy Shard,"500,000"
2026-07-16,Lightweight Legendary Chunk,"1,444,800"
2026-07-16,Lightweight Legendary Ore,"350,000"
2026-07-16,Lightweight Succession Ore,"750,000"
2026-07-16,Lightweight Succession Shard,"444,800"
2026-07-16,Lightweight Uaithne Crystal,"2,438,000"
2026-07-16,Lord's Glowing Obsidian Bracelet,"676,767,676"
2026-07-16,Lord's Obsidian Bracelet,"380,000,000"
2026-07-16,Lord's Rusty Obsidian Bracelet,"314,000,000"
2026-07-16,Lucian's Essence,"2,000,000"
2026-07-16,Madness Enchant Scroll,"6,000,000"
2026-07-16,Magic Elixir,"31,000"
2026-07-16,Magic Elixir of Life,"8,945"
2026-07-16,Magic Powder,"6,987"
2026-07-16,Magic Stone,"1,115"
2026-07-16,Mana Dust,"1,000"
2026-07-16,Meaningful Enchant Scroll,"1,268,879"
2026-07-16,Meditating Enchant Scroll,"250,000"
2026-07-16,Memorable Enchant Scroll,"20,000"
2026-07-16,Milletian's Essence: Chest Armor,"444,800"
2026-07-16,Milletian's Essence: Feet Armor,"400,000"
2026-07-16,Milletian's Essence: Head Armor,"400,000"
2026-07-16,Milo's Essence,"1,800,000"
2026-07-16,Morgant's Essence,"2,555,555"
2026-07-16,Mysterious Shard Grade 1,"41,888"
2026-07-16,Mysterious Shard Grade 2,"208,888"
2026-07-16,Mysterious Shard Grade 3,"898,789"
2026-07-16,Mystic Enchant Scroll,"110,000,000"
2026-07-16,New Era Cloth,"34,400"
2026-07-16,New Era Leather,"34,900"
2026-07-16,New Era Orb,"4,100"
2026-07-16,New Era Ore,"9,700"
2026-07-16,New Era Remnant,30
2026-07-16,New Era Stone,"8,500"
2026-07-16,Obsidian Kitty Necklace,"119,900,000"
2026-07-16,Orb,"7,350"
2026-07-16,Orna's Essence,"1,000,000"
2026-07-16,Orna's Essence: Chest Armor,"2,523,700"
2026-07-16,Orna's Essence: Feet Armor,"1,322,430"
2026-07-16,Orna's Essence: Hand Armor,"1,635,400"
2026-07-16,Orna's Essence: Head Armor,"1,999,998"
2026-07-16,Orna's Essence: Leg Armor,"1,900,000"
2026-07-16,Orna's Essence: Weapon,"1,999,998"
2026-07-16,Outburst Enchant Scroll,"19,999"
2026-07-16,Paradise Orb,"2,489"
2026-07-16,Paradise Stone,"18,000"
2026-07-16,Passion Enchant Scroll,"930,000"
2026-07-16,Peaceful Enchant Scroll,"199,999"
2026-07-16,Perfect Legendary Chunk,"444,800"
2026-07-16,Perfect Legendary Ore,"1,000,000"
2026-07-16,Perfect Succession Ore,"2,049,900"
2026-07-16,Perfect Uaithne Crystal,"2,544,444"
2026-07-16,Petrify Enchant Scroll,"986,500"
2026-07-16,Prairie Erg Crystal,"6,887"
2026-07-16,Praise Enchant Scroll,"37,000,000"
2026-07-16,Premium Armor Enhancement Rune,"50,000,000"
2026-07-16,Premium Enhancement Rune,"100,000,000"
2026-07-16,Prophetic Enchant Scroll,"8,888,888"
2026-07-16,Quiet Enchant Scroll,"999,999"
2026-07-16,Rage Erg Crystal,"8,971"
2026-07-16,Raging Enchant Scroll,"4,000,000"
2026-07-16,Red Kitty Necklace,"3,000,000"
2026-07-16,Red Moon Brooch,"5,000,000"
2026-07-16,Red Pigment (Apprentice),"10,000"
2026-07-16,Red Pigment (Beginner),"11,000"
2026-07-16,Red Pigment (Journeyman),"5,800"
2026-07-16,Red Pigment (Professional),"14,700"
2026-07-16,Reflection Enchant Scroll,"30,000,000"
2026-07-16,Regina's Feather: Grand Targe,"420,000"
2026-07-16,Regina's Feather: Large Shield,"444,800"
2026-07-16,Regina's Feather: Leg Armor,"200,000"
2026-07-16,Regina's Feather: Shield,"200,000"
2026-07-16,Reinforced Enchant Scroll,"20,000"
2026-07-16,Resolved Enchant Scroll,"350,000"
2026-07-16,Revenge Enchant Scroll,"5,000,000"
2026-07-16,Robust Eriu Crystal,"1,690,690"
2026-07-16,Robust Uaithne Crystal,"550,000"
2026-07-16,Roots of Abundance,"88,888,888"
2026-07-16,Ruins Erg Crystal,"3,000"
2026-07-16,Sacred Erg Crystal,"2,000"
2026-07-16,Sanctuary Earrings,"17,000,000"
2026-07-16,Sealed Enchant Scroll,"200,000"
2026-07-16,Sealed Power: Fragments,"31,279"
2026-07-16,Semias' Essence,"2,333,333"
2026-07-16,Seraphic Feathers Brooch,"10,999,999"
2026-07-16,Ship Graveyard Power Crystal,"3,000"
2026-07-16,Shrewd Enchant Scroll,"4,100,000"
2026-07-16,Shrouded Moonlight,"14,555,555"
2026-07-16,Significant Enchant Scroll,"800,000"
2026-07-16,Silence Erg Crystal,"9,999"
2026-07-16,Silver Bracelet,"100,000"
2026-07-16,Silver Ore,"1,340"
2026-07-16,Smooth Eriu Crystal,"1,800,000"
2026-07-16,Smooth Legacy Shard,"1,200,000"
2026-07-16,Smooth Legendary Chunk,"444,800"
2026-07-16,Smooth Legendary Ore,"400,000"
2026-07-16,Smooth Legendary Shard,"200,000"
2026-07-16,Smooth Succession Ore,"199,000"
2026-07-16,Smooth Succession Shard,"444,800"
2026-07-16,Smooth Uaithne Crystal,"440,236"
2026-07-16,Solid Eriu Crystal,"744,444"
2026-07-16,Solid Legacy Shard,"800,000"
2026-07-16,Solid Legendary Chunk,"444,800"
2026-07-16,Solid Legendary Ore,"440,800"
2026-07-16,Solid Legendary Shard,"200,000"
2026-07-16,Solid Succession Ore,"950,000"
2026-07-16,Solid Succession Shard,"444,800"
2026-07-16,Solid Uaithne Crystal,"1,199,900"
2026-07-16,Solitude Enchant Scroll,"13,433,333"
2026-07-16,Sorrowful Enchant Scroll,"2,500,000"
2026-07-16,Soul Enchant Scroll,"111,500"
2026-07-16,Space Time Enchant Scroll,"200,000"
2026-07-16,Special Dungeon: Enchant Pouch,"11,163,137"
2026-07-16,Spinos' Essence,"15,700,000"
2026-07-16,Spirit Magic Powder,"8,500"
2026-07-16,Spirit Remnant,"1,190"
2026-07-16,Spirit Water,495
2026-07-16,Sreng's Essence,"22,222,222"
2026-07-16,Stable Eriu Crystal,"1,616,725"
2026-07-16,Stable Legacy Shard,"800,000"
2026-07-16,Stable Legendary Chunk,"1,999,800"
2026-07-16,Stable Legendary Ore,"500,000"
2026-07-16,Stable Legendary Shard,"200,000"
2026-07-16,Stable Succession Ore,"490,000"
2026-07-16,Stable Succession Shard,"444,800"
2026-07-16,Stable Uaithne Crystal,"2,449,022"
2026-07-16,Starlight Belt,"88,888,888"
2026-07-16,Stern Enchant Scroll,"6,000,000"
2026-07-16,Stroll Enchant Scroll,"100,000"
2026-07-16,Stylish Enchant Scroll,"12,001,111"
2026-07-16,Subdued Enchant Scroll,"1,000,000"
2026-07-16,Superior Bracelet Diamond,"5,888,800"
2026-07-16,Superior Bracelet Emerald,"6,000,000"
2026-07-16,Superior Bracelet Ruby,"2,998,946"
2026-07-16,Superior Bracelet Sapphire,"4,000,000"
2026-07-16,Superior Cloth,"1,500"
2026-07-16,Superior Element Stone,"720,000"
2026-07-16,Superior Enhancement Elixir,"122,000"
2026-07-16,Superior HP Potion,"5,500"
2026-07-16,Superior Iron Ore,"20,000"
2026-07-16,Tarian Steel,"2,900,000"
2026-07-16,Tempestuous Enchant Scroll,"7,455,500"
2026-07-16,Temporal Enchant Scroll,"19,000"
2026-07-16,Terminus Sentinel Essence: Chest Armor,"500,000"
2026-07-16,Terminus Sentinel Essence: Hand Armor,"444,800"
2026-07-16,Terra Spirit Remnant,738
2026-07-16,The Book of Orna,"17,000,000"
2026-07-16,The Cursed Belt,"44,444,444"
2026-07-16,The Dead Enchant Scroll,"500,000"
2026-07-16,The Watcher's Glowing Mysterious Cat Statue,"85,000,000"
2026-07-16,The Watcher's Glowing Succubus Fang,"130,000,000"
2026-07-16,The Watcher's Mysterious Cat Statue,"27,580,000"
2026-07-16,The Watcher's Rusty Mysterious Cat Statue,"3,700,000"
2026-07-16,The Watcher's Rusty Succubus Fang,"2,999,999"
2026-07-16,The Watcher's Rusty War Goddess Statue,"5,000,000"
2026-07-16,The Watcher's Rusty Werewolf Paw,"6,000,000"
2026-07-16,The Watcher's Glowing War Goddess Statue,"88,000,000"
2026-07-16,The Watcher's Glowing Werewolf Paw,"135,000,000"
2026-07-16,The Watcher's Succubus Fang,"22,799,999"
2026-07-16,The Watcher's War Goddess Statue,"34,500,000"
2026-07-16,The Watcher's Werewolf Paw,"28,999,999"
2026-07-16,Thick Additive (Apprentice),"10,000"
2026-07-16,Thick Additive (Beginner),"10,204"
2026-07-16,Thick Additive (Journeyman),"17,000"
2026-07-16,Thick Additive (Professional),"3,333"
2026-07-16,Token of Quiet,"65,000,000"
2026-07-16,Tragic Enchant Scroll,"29,500,000"
2026-07-16,Transcendent Enchant Scroll,"11,164,999"
2026-07-16,Trial Enchant Scroll,"22,000,000"
2026-07-16,Truth Enchant Scroll,"500,000"
2026-07-16,Twilight Desert Source,"6,800"
2026-07-16,Twilight Erg Crystal,"35,191"
2026-07-16,Twisted Enchant Scroll,"15,000,000"
2026-07-16,Uaithne Advancement Stone: Chest Armor,"55,555,555"
2026-07-16,Uaithne Advancement Stone: Feet Armor,"55,555,555"
2026-07-16,Uaithne Advancement Stone: Hand Armor,"55,555,555"
2026-07-16,Uaithne Advancement Stone: Head Armor,"55,555,555"
2026-07-16,Uaithne Advancement Stone: Leg Armor,"55,555,555"
2026-07-16,Uaithne Advancement Stone: Weapon,"88,888,888"
2026-07-16,Uaithne Crystal,"17,000,000"
2026-07-16,Uaithne Fragment: Auxiliary Equipment,"2,400,000"
2026-07-16,Uaithne Fragment: Chest Armor,"2,899,999"
2026-07-16,Uaithne Fragment: Feet Armor,"2,370,000"
2026-07-16,Uaithne Fragment: Hand Armor,"2,338,436"
2026-07-16,Uaithne Fragment: Head Armor,"2,350,000"
2026-07-16,Uaithne Fragment: Leg Armor,"2,200,000"
2026-07-16,Uaithne Fragment: The Cursed Belt,"5,500,000"
2026-07-16,Uaithne Fragment: The Sun's Wish,"4,998,000"
2026-07-16,Uaithne Fragment: Token of Quiet,"6,000,000"
2026-07-16,Uaithne Fragment: Token of Silence,"6,999,999"
2026-07-16,Uaithne Fragment: Weapon,"2,887,540"
2026-07-16,Uaithne Remnant,"1,790"
2026-07-16,Unknowable Power: Fragments,"119,999"
2026-07-16,Unrelenting Uaithne Crystal,"620,000"
2026-07-16,Unstable Enhancement Rune,"6,799,996"
2026-07-16,Uscias' Essence,"2,990,000"
2026-07-16,Usurper's Rhod Compass,"9,000,000"
2026-07-16,Usurper's Rusty Rhod Compass,"4,570,000"
2026-07-16,Usurper's Shiny Rhod Compass,"11,000,000"
2026-07-16,Vehement Enchant Scroll,"1,000,000"
2026-07-16,Veiled Enchant Scroll,"14,896,408"
2026-07-16,Victorious Enchant Scroll,"10,000,000"
2026-07-16,Waking Stone: Breakoff DMG +8%,999
2026-07-16,Waking Stone: Cooldown (4 sec),"1,195"
2026-07-16,Waking Stone: Cooldown (5 sec),"45,555"
2026-07-16,Waking Stone: Damage Boost (10%),"1,777,777"
2026-07-16,Waking Stone: Damage Boost (12%),"250,000,000"
2026-07-16,Waking Stone: Damage Boost (8%),"1,000"
2026-07-16,Waking Stone: Efficient SP (60),999
2026-07-16,Waking Stone: Efficient SP (70),"77,776"
2026-07-16,Waking Stone: Efficient Stamina (5),"45,000"
2026-07-16,Waking Stone: Efficient SP (80),"7,000,000"
2026-07-16,Waking Stone: Efficient Stamina (4),300
2026-07-16,Waking Stone: Major Cooldown (20 sec),"1,299"
2026-07-16,Waking Stone: Major Cooldown (22 sec),"45,555"
2026-07-16,Water Erg Crystal,"8,388"
2026-07-16,Wave Enchant Scroll,"30,500,000"
2026-07-16,Weeping Enchant Scroll,"1,500,000"
2026-07-16,Well-Balanced Enchant Scroll,"2,222,222"
2026-07-16,White Kitty Brooch,"799,210"
2026-07-16,White Kitty Necklace,"150,000"
2026-07-16,Wish Enchant Scroll,"800,000"
2026-07-16,Withered Enchant Scroll,"16,000,000"
2026-07-16,Yellow Pigment (Apprentice),"9,993"
2026-07-16,Yellow Pigment (Beginner),"10,000"
2026-07-16,Yellow Pigment (Journeyman),"10,000"
2026-07-16,Yellow Pigment (Professional),"4,000"
2026-07-22,Abomination's Essence: Chest Armor,"222,800"
2026-07-22,Abomination's Essence: Grand Targe,"222,800"
2026-07-22,Abomination's Essence: Hand Armor,"200,000"
2026-07-22,Abomination's Essence: Large Shield,"222,800"
2026-07-22,Abyssal Shard Grade 2,"499,000"
2026-07-22,Abyssal Shard Grade 3,"2,100,000"
2026-07-22,Advent Enchant Scroll,"15,555,555"
2026-07-22,Adversarial Enchant Scroll,"25,999,899"
2026-07-22,Airtight Exquisite Enchant Rune,"119,999,000"
2026-07-22,Airtight Extraction Rune 1x,"54,420,420"
2026-07-22,Amplified Enchant Scroll,"27,777,777"
2026-07-22,Ancient Element Shard,"24,999"
2026-07-22,Ancient Elemental Accessory Shard,"10,888"
2026-07-22,Ancient Elemental Armor Shard,"6,795"
2026-07-22,Ancient Elemental Cloth Bundle,"6,523"
2026-07-22,Ancient Elemental Weapon Shard,"7,461"
2026-07-22,Ancient Enchant Scroll,"4,500,000"
2026-07-22,Ancient Erg Crystal,"7,700"
2026-07-22,Ancient Spirit Magic Powder,"49,000"
2026-07-22,Ardor Enchant Scroll,"50,000"
2026-07-22,Ardri's Essence,"800,000"
2026-07-22,Ardri's Essence: Chest Armor,"1,000,000"
2026-07-22,Ardri's Essence: Feet Armor,"2,999,800"
2026-07-22,Ardri's Essence: Hand Armor,"1,800,000"
2026-07-22,Ardri's Essence: Head Armor,"1,800,000"
2026-07-22,Ardri's Essence: Leg Armor,"1,000,000"
2026-07-22,Ardri's Essence: Weapon,"1,200,000"
2026-07-22,Armadillo Enchant Scroll,"1,250,000"
2026-07-22,Artisan's Refined Flask,"13,000"
2026-07-22,Artisan's Sturdy Flask,"31,000"
2026-07-22,Astera's Essence: Chest Armor,"150,000"
2026-07-22,Astera's Essence: Feet Armor,"2,999,800"
2026-07-22,Astera's Essence: Head Armor,"1,000,000"
2026-07-22,Astera's Essence: Weapon,"211,800"
2026-07-22,Barrier Enchant Scroll,"555,500"
2026-07-22,Blessed Magic Elixir,"44,601"
2026-07-22,Blessed Magic Powder,498
2026-07-22,Blue Kitty Brooch,"1,500,000"
2026-07-22,Blue Kitty Necklace,"500,000"
2026-07-22,Blue Pigment (Apprentice),"29,200"
2026-07-22,Blue Pigment (Beginner),"8,770"
2026-07-22,Blue Pigment (Jlourneyman),"11,500"
2026-07-22,Blue Pigment (Professional),"7,779"
2026-07-22,Bountiful Enchant Scroll,"40,000,000"
2026-07-22,Bracelet Diamond,"1,000"
2026-07-22,Bracelet Emerald,500
2026-07-22,Bracelet Ruby,900
2026-07-22,Bracelet Sapphire,800
2026-07-22,Braha's Essence: Grand Targe,"200,000"
2026-07-22,Brave Enchant Scroll,"5,000"
2026-07-22,Bres's Moonlight Essence,"6,300,000"
2026-07-22,Bres's Shadow Essence,"5,000,000"
2026-07-22,Brilliant Kitty Necklace,"29,749,999"
2026-07-22,Brutal Enchant Scroll,"1,400,000"
2026-07-22,Calm Enchant Scroll,"111,500"
2026-07-22,Capture Enchant Scroll,"99,999"
2026-07-22,Chaotic Enchant Scroll,"1,799,999"
2026-07-22,Charging Enchant Scroll,"5,000,000"
2026-07-22,Chaser's Enchant Scroll,"6,300,000"
2026-07-22,Clash Enchant Scroll,"6,999,999"
2026-07-22,Clear Additive (Apprentice),"10,000"
2026-07-22,Clear Additive (Beginner),"10,000"
2026-07-22,Clear Additive (Journeyman),"4,900"
2026-07-22,Clear Additive (Professional),"5,555"
2026-07-22,Cloth,"6,000"
2026-07-22,Complete Bracelet Diamond,"9,750,000"
2026-07-22,Complete Bracelet Emerald,"7,416,740"
2026-07-22,Complete Bracelet Ruby,"6,500,000"
2026-07-22,Complete Bracelet Sapphire,"9,000,000"
2026-07-22,Concentrated Enchant Scroll,"1,234,567"
2026-07-22,Concerted Enchant Scroll,"999,999"
2026-07-22,Consume Enchant Scroll,"7,000,000"
2026-07-22,Conviction Enchant Scroll,"211,500"
2026-07-22,Cool Enchant Scroll,"4,939,437"
2026-07-22,Copper Bracelet,"34,999"
2026-07-22,Copper Ore,500
2026-07-22,Crescent Moon Announcement,"78,000"
2026-07-22,Crescent Moon Island Power Crystal,"3,000"
2026-07-22,Cyclical Enchant Scroll,"8,876,500"
2026-07-22,Damascus Steel,"14,899"
2026-07-22,Dash Enchant Scroll,"655,500"
2026-07-22,Decisive Enchant Scroll,"5,000"
2026-07-22,Destructive Enchant Scroll,"4,400,000"
2026-07-22,Dignified Enchant Scroll,"1,000,000"
2026-07-22,Dullahan's Essence: Chest Armor,"211,800"
2026-07-22,Dullahan's Essence: Feet Armor,"200,000"
2026-07-22,Dullahan's Essence: Grand Targe,"211,800"
2026-07-22,Dullahan's Essence: Hand Armor,"222,000"
2026-07-22,Dullahan's Essence: Large Shield,"222,800"
2026-07-22,Dullahan's Essence: Leg Armor,"211,800"
2026-07-22,Dullahan's Essence: Shield,"211,800"
2026-07-22,Echoing Enchant Scroll,"20,000"
2026-07-22,Element Shard,"2,995"
2026-07-22,Element Stone,"5,090"
2026-07-22,Element Stone Catalyst,"14,999"
2026-07-22,Elemental Armor Shard,"4,700"
2026-07-22,Elemental Cloth Bundle,"5,000"
2026-07-22,Elemental Weapon Shard,"2,500"
2026-07-22,Emmett's Essence,"5,500,000"
2026-07-22,Empowered Stone,"3,900"
2026-07-22,Emptiness Erg Crystal,"9,500"
2026-07-22,Enchant Scroll Scrap: Advance,"1,500,000"
2026-07-22,Enchant Scroll Scrap: Advent,"10,777,776"
2026-07-22,Enchant Scroll Scrap: Adversarial,"15,555,555"
2026-07-22,Enchant Scroll Scrap: Amplified,"15,000,000"
2026-07-22,Enchant Scroll Scrap: Ancient,"3,300,000"
2026-07-22,Enchant Scroll Scrap: Bountiful,"21,969,696"
2026-07-22,Enchant Scroll Scrap: Brutal,"1,480,000"
2026-07-22,Enchant Scroll Scrap: Charge,"5,000,000"
2026-07-22,Enchant Scroll Scrap: Chaser's,"1,444,444"
2026-07-22,Enchant Scroll Scrap: Clash,"4,269,999"
2026-07-22,Enchant Scroll Scrap: Concentrated,"3,900,000"
2026-07-22,Enchant Scroll Scrap: Cool,"1,270,000"
2026-07-22,Enchant Scroll Scrap: Cyclical,"5,300,000"
2026-07-22,Enchant Scroll Scrap: Destructive,"1,555,555"
2026-07-22,Enchant Scroll Scrap: Dignified,"1,788,100"
2026-07-22,Enchant Scroll Scrap: Enmity,"3,555,100"
2026-07-22,Enchant Scroll Scrap: Escalating,"17,000,000"
2026-07-22,Enchant Scroll Scrap: Eternal,"14,000,000"
2026-07-22,Enchant Scroll Scrap: Executing,"41,111,111"
2026-07-22,Enchant Scroll Scrap: Fading,"2,555,100"
2026-07-22,Enchant Scroll Scrap: Fate,"165,000,000"
2026-07-22,Enchant Scroll Scrap: Fighting Spirit,"13,333,333"
2026-07-22,Enchant Scroll Scrap: Forgotten,"2,999,999"
2026-07-22,Enchant Scroll Scrap: Frenzy,"1,799,999"
2026-07-22,Enchant Scroll Scrap: Hollow,"18,000,000"
2026-07-22,Enchant Scroll Scrap: Impaling,"1,888,100"
2026-07-22,Enchant Scroll Scrap: Indomitable,"7,399,999"
2026-07-22,Enchant Scroll Scrap: Instant,"10,000,000"
2026-07-22,Enchant Scroll Scrap: Irate,"8,999,999"
2026-07-22,Enchant Scroll Scrap: Lament,"3,000,000"
2026-07-22,Enchant Scroll Scrap: Madness,"3,999,999"
2026-07-22,Enchant Scroll Scrap: Mystic,"43,000,100"
2026-07-22,Enchant Scroll Scrap: Petrify,"999,999"
2026-07-22,Enchant Scroll Scrap: Praise,"21,999,999"
2026-07-22,Enchant Scroll Scrap: Prophetic,"4,900,000"
2026-07-22,Enchant Scroll Scrap: Raging,"2,000,000"
2026-07-22,Enchant Scroll Scrap: Reflection,"21,000,000"
2026-07-22,Enchant Scroll Scrap: Shrewd,"3,400,000"
2026-07-22,Enchant Scroll Scrap: Solitude,"12,500,000"
2026-07-22,Enchant Scroll Scrap: Sorrowful,"1,500,000"
2026-07-22,Enchant Scroll Scrap: Soul,"100,000"
2026-07-22,Enchant Scroll Scrap: Steeping,"45,000,000"
2026-07-22,Enchant Scroll Scrap: Stern,"4,769,696"
2026-07-22,Enchant Scroll Scrap: Stylish,"7,943,100"
2026-07-22,Enchant Scroll Scrap: Subdued,"5,555,555"
2026-07-22,Enchant Scroll Scrap: Tempestuous,"19,800,000"
2026-07-22,Enchant Scroll Scrap: Tragic,"18,999,999"
2026-07-22,Enchant Scroll Scrap: Transcendent,"7,999,999"
2026-07-22,Enchant Scroll Scrap: Trial,"14,444,444"
2026-07-22,Enchant Scroll Scrap: Vehement,"1,250,000"
2026-07-22,Enchant Scroll Scrap: Veiled,"14,444,444"
2026-07-22,Enchant Scroll Scrap: Victorious,"7,000,000"
2026-07-22,Enchant Scroll Scrap: Wandering,"53,899,999"
2026-07-22,Enchant Scroll Scrap: Wave,"19,999,990"
2026-07-22,Enchant Scroll Scrap: Withered,"17,000,000"
2026-07-22,Enhanced New Era Cloth,"58,990"
2026-07-22,Enhanced New Era Leather,"36,000"
2026-07-22,Enhanced New Era Orb,"20,000"
2026-07-22,Enhanced New Era Ore,"64,960"
2026-07-22,Enhancement Elixir,"2,893"
2026-07-22,Enmity Enchant Scroll,"5,000,000"
2026-07-22,Enok's Essence,"1,000,000"
2026-07-22,Enthusiastic Enchant Scroll,"199,999"
2026-07-22,Eriu Advancement Stone: Head Armor,"66,666,666"
2026-07-22,Eriu Advancement Stone: Leg Armor,"66,666,666"
2026-07-22,Eriu Advancement Stone: Weapon,"49,999,999"
2026-07-22,Eriu Book,"77,777,777"
2026-07-22,Eriu Fragment: Auxiliary Equipment,"8,500,000"
2026-07-22,Eriu Fragment: Chest Armor,"3,311,111"
2026-07-22,Eriu Fragment: Head Armor,"2,238,011"
2026-07-22,Eriu Fragment: Leg Armor,"2,393,000"
2026-07-22,Eriu Fragment: Roots of Abundance,"17,800,000"
2026-07-22,Eriu Fragment: Starlight Belt,"6,400,000"
2026-07-22,Eriu Fragment: Yoke of Mortality,"19,888,887"
2026-07-22,Escalating Enchant Scroll,"29,999,999"
2026-07-22,Esras' Essence,"110,000,000"
2026-07-22,Eternal Enchant Scroll,"17,000,000"
2026-07-22,Eternal Legacy,"45,000"
2026-07-22,Eternity Erg Crystal,"15,579"
2026-07-22,Executing Enchant Scroll,"66,444,444"
2026-07-22,Exquisite Cloth,"19,000"
2026-07-22,Exquisite HP Potion,"22,220"
2026-07-22,Exquisite Iron Ore,300
2026-07-22,Fading Enchant Scroll,"4,750,000"
2026-07-22,Fallen One's Rhod Compass,"60,000,000"
2026-07-22,Fallen One's Rusty Rhod Compass,"31,799,000"
2026-07-22,Fallen One's Shiny Rhod Compass,"125,000,000"
2026-07-22,Fate Enchant Scroll,"500,000,000"
2026-07-22,Fighting Belt,"16,228,225"
2026-07-22,Fine Bracelet Diamond,"88,813"
2026-07-22,Fine Bracelet Emerald,"126,431"
2026-07-22,Fine Bracelet Ruby,"67,000"
2026-07-22,Fine Bracelet Sapphire,"40,025"
2026-07-22,Fine Cloth,795
2026-07-22,Fine Fobellow Tin,"5,550"
2026-07-22,Fine HP Potion,"3,200"
2026-07-22,Fine Iron Ore,"9,000"
2026-07-22,Fire Spirit Remnant,770
2026-07-22,Flask of Niflheim,"1,999,999"
2026-07-22,Fleet Enchant Scroll,"100,400"
2026-07-22,Forgotten Enchant Scroll,"2,700,000"
2026-07-22,Fragrant Additive (Apprentice),"15,000"
2026-07-22,Fragrant Additive (Beginner),"10,000"
2026-07-22,Fragrant Additive (Journeyman),"9,999"
2026-07-22,Fragrant Additive (Professional),990
2026-07-22,Frenzy Enchant Scroll,"1,590,500"
2026-07-22,Godly Cloth,"10,000"
2026-07-22,Godly Iron Ore,837
2026-07-22,Goibhniu's Enhancement Stone,"2,777,777"
2026-07-22,Goibhniu's Stone+,"5,973,438"
2026-07-22,Gold Bracelet,"21,000,000"
2026-07-22,Gray Twilight Brooch,"18,000,000"
2026-07-22,Greater Bronze Lion Statue,"500,000"
2026-07-22,Greater Mysterious Cat Statue,"950,000"
2026-07-22,Greater Succubus Fang,"199,999"
2026-07-22,Greater War Goddess Statue,"400,000"
2026-07-22,Heartless Enchant Scroll,"250,000"
2026-07-22,Heavenly Leather,"7,000"
2026-07-22,Hoarfrost Hollow Erg Crystal,"11,500"
2026-07-22,Hollow Enchant Scroll,"40,000,000"
2026-07-22,Impaling Enchant Scroll,"1,500,000"
2026-07-22,Indomitable Enchant Scroll,"15,800,000"
2026-07-22,Infinite Enchant Scroll,"2,222,500"
2026-07-22,Inherited Power: Fragments,"9,967"
2026-07-22,Instant Enchant Scroll,"23,900,000"
2026-07-22,Intermediate Element Stone,"329,990"
2026-07-22,Irate Enchant Scroll,"5,999,999"
2026-07-22,Iron Ore,"14,406"
2026-07-22,Jardin Steel,"39,980"
2026-07-22,Jarnir's Essence,"4,990,000"
2026-07-22,Keen Eriu Crystal,"890,000"
2026-07-22,Keen Uaithne Crystal,"2,459,618"
2026-07-22,Kitty Brooch,"999,999"
2026-07-22,Kitty Necklace,"41,500"
2026-07-22,Lambent Powder,"4,994"
2026-07-22,Lament Enchant Scroll,"500,000"
2026-07-22,Leopard's Enchant Scroll,"1,000,000"
2026-07-22,Life Erg Crystal,"5,300"
2026-07-22,Life Spirit Remnant,"10,486"
2026-07-22,Light Erg Crystal,"21,000"
2026-07-22,Lightweight Eriu Crystal,"775,000"
2026-07-22,Lightweight Legacy Shard,"400,000"
2026-07-22,Lightweight Legendary Chunk,"222,800"
2026-07-22,Lightweight Legendary Ore,"349,978"
2026-07-22,Lightweight Succession Ore,"550,000"
2026-07-22,Lightweight Uaithne Crystal,"8,888,888"
2026-07-22,Lord's Glowing Obsidian Bracelet,"625,000,000"
2026-07-22,Lord's Obsidian Bracelet,"381,000,000"
2026-07-22,Lord's Rusty Obsidian Bracelet,"313,000,000"
2026-07-22,Lucian's Essence,"5,989,846"
2026-07-22,Madness Enchant Scroll,"6,400,000"
2026-07-22,Magic Elixir,"39,800"
2026-07-22,Magic Elixir of Life,"8,000"
2026-07-22,Magic Powder,"10,054"
2026-07-22,Magic Stone,"1,400"
2026-07-22,Mana Dust,999
2026-07-22,Mana Reformer,499
2026-07-22,Meaningful Enchant Scroll,"1,249,000"
2026-07-22,Meditating Enchant Scroll,"1,444"
2026-07-22,Milletian's Essence: Chest Armor,"800,000"
2026-07-22,Milletian's Essence: Feet Armor,"2,999,800"
2026-07-22,Milo's Essence,"1,000,000"
2026-07-22,Misty Summit Source,"12,300"
2026-07-22,Morgant's Essence,"2,647,021"
2026-07-22,Mysterious Shard Grade 1,"54,000"
2026-07-22,Mysterious Shard Grade 2,"193,000"
2026-07-22,Mysterious Shard Grade 3,"800,000"
2026-07-22,Mystic Enchant Scroll,"81,200,000"
2026-07-22,New Era Cloth,"31,000"
2026-07-22,New Era Leather,"28,457"
2026-07-22,New Era Orb,"3,898"
2026-07-22,New Era Ore,"5,350"
2026-07-22,New Era Remnant,20
2026-07-22,New Era Stone,"7,742"
2026-07-22,Obsidian Kitty Necklace,"125,000,000"
2026-07-22,Orb,"7,506"
2026-07-22,Orna's Essence,"1,111,111"
2026-07-22,Orna's Essence: Chest Armor,"1,450,000"
2026-07-22,Orna's Essence: Feet Armor,"1,435,708"
2026-07-22,Orna's Essence: Hand Armor,"1,699,999"
2026-07-22,Orna's Essence: Head Armor,"1,499,998"
2026-07-22,Orna's Essence: Leg Armor,"1,527,521"
2026-07-22,Outburst Enchant Scroll,"999,500"
2026-07-22,Paradise Orb,"2,788"
2026-07-22,Paradise Stone,"15,000"
2026-07-22,Passion Enchant Scroll,"2,000,000"
2026-07-22,Peaceful Enchant Scroll,"1,350,000"
2026-07-22,Perfect Eriu Crystal,"6,300,000"
2026-07-22,Perfect Legacy Shard,"2,900,000"
2026-07-22,Perfect Legendary Chunk,"222,800"
2026-07-22,Perfect Succession Ore,"1,246,969"
2026-07-22,Perfect Uaithne Crystal,"2,408,469"
2026-07-22,Petrify Enchant Scroll,500
2026-07-22,Prairie Erg Crystal,"11,111"
2026-07-22,Praise Enchant Scroll,"42,000,000"
2026-07-22,Prophetic Enchant Scroll,"9,799,999"
2026-07-22,Quiet Enchant Scroll,500
2026-07-22,Rage Erg Crystal,"7,882"
2026-07-22,Raging Enchant Scroll,"3,200,000"
2026-07-22,Red Kitty Necklace,"1,888,888"
2026-07-22,Red Moon Brooch,"5,000,000"
2026-07-22,Red Pigment (Apprentice),"7,600"
2026-07-22,Red Pigment (Beginner),"9,500"
2026-07-22,Red Pigment (Journeyman),"5,900"
2026-07-22,Red Pigment (Professional),"8,735"
2026-07-22,Reflection Enchant Scroll,"29,000,000"
2026-07-22,Regina's Feather: Head Armor,"200,000"
2026-07-22,Regina's Feather: Large Shield,"211,800"
2026-07-22,Resolved Enchant Scroll,"999,999"
2026-07-22,Revenge Enchant Scroll,"35,000,000"
2026-07-22,Robust Eriu Crystal,"2,200,000"
2026-07-22,Robust Uaithne Crystal,"998,888"
2026-07-22,Roots of Abundance,"75,000,000"
2026-07-22,Ruins Erg Crystal,"10,000"
2026-07-22,Sacred Erg Crystal,"2,000"
2026-07-22,Sanctuary Earrings,"14,999,999"
2026-07-22,Sealed Enchant Scroll,"150,000"
2026-07-22,Sealed Power: Fragments,"36,443"
2026-07-22,Semias' Essence,"2,999,999"
2026-07-22,Seraphic Feathers Brooch,"10,800,000"
2026-07-22,Ship Graveyard Power Crystal,"52,999"
2026-07-22,Shrewd Enchant Scroll,"2,000,000"
2026-07-22,Shrouded Moonlight,"14,444,444"
2026-07-22,Significant Enchant Scroll,"1,500,000"
2026-07-22,Silence Erg Crystal,"24,000"
2026-07-22,Silver Bracelet,"330,000"
2026-07-22,Silver Ore,890
2026-07-22,Smooth Eriu Crystal,"1,706,633"
2026-07-22,Smooth Legacy Shard,"1,500,000"
2026-07-22,Smooth Legendary Chunk,"211,800"
2026-07-22,Smooth Legendary Ore,"211,800"
2026-07-22,Smooth Legendary Shard,"210,000"
2026-07-22,Smooth Succession Ore,"210,000"
2026-07-22,Smooth Succession Shard,"211,800"
2026-07-22,Smooth Uaithne Crystal,"395,194"
2026-07-22,Solid Eriu Crystal,"950,000"
2026-07-22,Solid Legacy Shard,"1,300,000"
2026-07-22,Solid Legendary Chunk,"222,800"
2026-07-22,Solid Legendary Ore,"211,800"
2026-07-22,Solid Legendary Shard,"800,900"
2026-07-22,Solid Succession Ore,"950,000"
2026-07-22,Solid Uaithne Crystal,"699,999"
2026-07-22,Solitude Enchant Scroll,"25,000,000"
2026-07-22,Sorrowful Enchant Scroll,"5,400,000"
2026-07-22,Soul Enchant Scroll,"55,555"
2026-07-22,Space Time Enchant Scroll,"60,000"
2026-07-22,Special Dungeon: Enchant Pouch,"10,098,618"
2026-07-22,Spinos' Essence,"12,400,000"
2026-07-22,Spirit Magic Powder,"8,500"
2026-07-22,Spirit Remnant,"1,000"
2026-07-22,Spirit Water,450
2026-07-22,Sreng's Essence,"20,000,000"
2026-07-22,Stable Eriu Crystal,"1,998,880"
2026-07-22,Stable Legacy Shard,"600,000"
2026-07-22,Stable Legendary Chunk,"222,800"
2026-07-22,Stable Succession Ore,"280,000"
2026-07-22,Stable Uaithne Crystal,"2,950,000"
2026-07-22,Starlight Belt,"75,000,000"
2026-07-22,Steeping Enchant Scroll,"67,800,000"
2026-07-22,Stern Enchant Scroll,"3,000,000"
2026-07-22,Stylish Enchant Scroll,"9,488,888"
2026-07-22,Superior Bracelet Diamond,"4,000,000"
2026-07-22,Superior Bracelet Emerald,"3,500,000"
2026-07-22,Superior Bracelet Ruby,"3,750,000"
2026-07-22,Superior Bracelet Sapphire,"2,500,000"
2026-07-22,Superior Cloth,975
2026-07-22,Superior Element Stone,"700,000"
2026-07-22,Superior Enhancement Elixir,"114,000"
2026-07-22,Superior HP Potion,"9,000"
2026-07-22,Superior Iron Ore,"6,000"
2026-07-22,Tarian Steel,"2,800,000"
2026-07-22,Tempestuous Enchant Scroll,"25,679,626"
2026-07-22,Temporal Enchant Scroll,"20,000"
2026-07-22,Terminus Sentinel Essence: Chest Armor,"1,000,000"
2026-07-22,Terminus Sentinel Essence: Shield,"200,000"
2026-07-22,Terra Spirit Remnant,700
2026-07-22,The Book of Orna,"17,000,000"
2026-07-22,The Book of Uaithne,"65,000,000"
2026-07-22,The Cursed Belt,"65,000,000"
2026-07-22,The Dead Enchant Scroll,"444,444"
2026-07-22,The Watcher's Glowing Mysterious Cat Statue,"85,000,000"
2026-07-22,The Watcher's Glowing Succubus Fang,"80,000,000"
2026-07-22,The Watcher's Glowing War Goddess Statue,"82,222,222"
2026-07-22,The Watcher's Glowing Werewolf Paw,"199,999,999"
2026-07-22,The Watcher's Mysterious Cat Statue,"23,000,000"
2026-07-22,The Watcher's Rusty Mysterious Cat Statue,"3,700,000"
2026-07-22,The Watcher's Rusty Succubus Fang,"8,888,888"
2026-07-22,The Watcher's Rusty War Goddess Statue,"4,500,000"
2026-07-22,The Watcher's Rusty Werewolf Paw,"14,444,444"
2026-07-22,The Watcher's Succubus Fang,"38,888,888"
2026-07-22,The Watcher's War Goddess Statue,"35,000,000"
2026-07-22,The Watcher's Werewolf Paw,"45,000,000"
2026-07-22,Thick Additive (Apprentice),"21,000"
2026-07-22,Thick Additive (Beginner),"10,000"
2026-07-22,Thick Additive (Journeyman),"7,128"
2026-07-22,Thick Additive (Professional),"3,333"
2026-07-22,Tragic Enchant Scroll,"27,000,000"
2026-07-22,Transcendent Enchant Scroll,"10,885,472"
2026-07-22,Trial Enchant Scroll,"18,000,000"
2026-07-22,Truth Enchant Scroll,"500,000"
2026-07-22,Twilight Desert Source,"5,200"
2026-07-22,Twilight Erg Crystal,"7,191"
2026-07-22,Twisted Enchant Scroll,"12,999,999"
2026-07-22,Uaithne Advancement Stone: Chest Armor,"55,555,555"
2026-07-22,Uaithne Advancement Stone: Feet Armor,"55,555,555"
2026-07-22,Uaithne Advancement Stone: Hand Armor,"55,555,555"
2026-07-22,Uaithne Advancement Stone: Head Armor,"55,555,555"
2026-07-22,Uaithne Advancement Stone: Leg Armor,"55,555,555"
2026-07-22,Uaithne Advancement Stone: Weapon,"88,888,888"
2026-07-22,Uaithne Crystal,"16,799,998"
2026-07-22,Uaithne Fragment: Auxiliary Equipment,"499,999"
2026-07-22,Uaithne Fragment: Chest Armor,"3,415,178"
2026-07-22,Uaithne Fragment: Feet Armor,"3,300,000"
2026-07-22,Uaithne Fragment: Hand Armor,"3,400,000"
2026-07-22,Uaithne Fragment: Head Armor,"2,528,707"
2026-07-22,Uaithne Fragment: Leg Armor,"3,199,999"
2026-07-22,Uaithne Fragment: The Cursed Belt,"5,000,000"
2026-07-22,Uaithne Fragment: The Sun's Wish,"6,999,999"
2026-07-22,Uaithne Fragment: Token of Quiet,"6,000,000"
2026-07-22,Uaithne Fragment: Token of Silence,"5,700,000"
2026-07-22,Uaithne Remnant,"1,768"
2026-07-22,Unknowable Power: Fragments,"215,000"
2026-07-22,Unrelenting Eriu Crystal,"3,095,651"
2026-07-22,Unrelenting Uaithne Crystal,"892,914"
2026-07-22,Unstable Enhancement Rune,"7,600,000"
2026-07-22,Uscias' Essence,"3,199,999"
2026-07-22,Usurper's Rhod Compass,"9,000,000"
2026-07-22,Usurper's Rusty Rhod Compass,"4,000,000"
2026-07-22,Usurper's Shiny Rhod Compass,"18,696,969"
2026-07-22,Vehement Enchant Scroll,"499,999"
2026-07-22,Veiled Enchant Scroll,"30,000,000"
2026-07-22,Victorious Enchant Scroll,"13,800,000"
2026-07-22,Waking Stone: Breakoff DMG +8%,399
2026-07-22,Waking Stone: Cooldown (4 sec),400
2026-07-22,Waking Stone: Cooldown (5 sec),"44,470"
2026-07-22,Waking Stone: Damage Boost (10%),"799,000"
2026-07-22,Waking Stone: Damage Boost (12%),"299,999,000"
2026-07-22,Waking Stone: Damage Boost (8%),788
2026-07-22,Waking Stone: Efficient SP (60),388
2026-07-22,Waking Stone: Efficient SP (80),"100,000,000"
2026-07-22,Waking Stone: Efficient Stamina (5),"42,387"
2026-07-22,Waking Stone: Efficient SP (70),"299,999"
2026-07-22,Waking Stone: Efficient Stamina (4),"1,000"
2026-07-22,Waking Stone: Major Cooldown (20 sec),399
2026-07-22,Waking Stone: Major Cooldown (22 sec),"36,900"
2026-07-22,Wandering Enchant Scroll,"109,000,000"
2026-07-22,Warlord's Enchant Scroll,"69,420"
2026-07-22,Water Erg Crystal,"7,800"
2026-07-22,Wave Enchant Scroll,"34,000,000"
2026-07-22,Weeping Enchant Scroll,"1,000,000"
2026-07-22,White Kitty Brooch,"2,000,000"
2026-07-22,White Kitty Necklace,"500,000"
2026-07-22,Wish Enchant Scroll,"2,303,366"
2026-07-22,Withered Enchant Scroll,"23,900,000"
2026-07-22,Yellow Pigment (Apprentice),"8,000"
2026-07-22,Yellow Pigment (Beginner),"2,020"
2026-07-22,Yellow Pigment (Journeyman),"6,900"
2026-07-22,Yellow Pigment (Professional),449
2026-07-22,Yoke of Mortality,"150,000,000"
7/27/2026,Abomination's Essence: Chest Armor,"222,800"
7/27/2026,Abomination's Essence: Grand Targe,"198,000"
7/27/2026,Abomination's Essence: Hand Armor,"200,000"
7/27/2026,Abomination's Essence: Head Armor,"200,000"
7/27/2026,Abomination's Essence: Large Shield,"198,000"
7/27/2026,Abomination's Essence: Leg Armor,"495,000"
7/27/2026,Abomination's Essence: Shield,"495,000"
7/27/2026,Abomination's Essence: Weapon,"495,000"
7/27/2026,Abyssal Shard Grade 1,"160,000"
7/27/2026,Abyssal Shard Grade 2,"445,000"
7/27/2026,Abyssal Shard Grade 3,"1,732,250"
7/27/2026,Advance Enchant Scroll,"1,400,000"
7/27/2026,Advent Enchant Scroll,"23,322,415"
7/27/2026,Adversarial Enchant Scroll,"16,999,999"
7/27/2026,Airtight Exquisite Enchant Rune,"119,999,000"
7/27/2026,Airtight Extraction Rune 1x,"54,420,069"
7/27/2026,Ancient Element Shard,"24,999"
7/27/2026,Ancient Elemental Accessory Shard,"9,000"
7/27/2026,Ancient Elemental Armor Shard,"6,200"
7/27/2026,Ancient Elemental Cloth Bundle,"6,323"
7/27/2026,Ancient Elemental Weapon Shard,"7,261"
7/27/2026,Ancient Enchant Scroll,"5,000,000"
7/27/2026,Ancient Erg Crystal,"4,898"
7/27/2026,Ancient Spirit Magic Powder,"65,000"
7/27/2026,Ardri's Essence,"650,000"
7/27/2026,Ardri's Essence: Chest Armor,"1,299,998"
7/27/2026,Ardri's Essence: Feet Armor,"2,999,800"
7/27/2026,Ardri's Essence: Hand Armor,"1,380,000"
7/27/2026,Ardri's Essence: Leg Armor,"1,290,000"
7/27/2026,Ardri's Essence: Weapon,"1,099,999"
7/27/2026,Artisan's Refined Flask,"12,000"
7/27/2026,Artisan's Sturdy Flask,"30,000"
7/27/2026,Astera's Essence: Chest Armor,"222,800"
7/27/2026,Astera's Essence: Feet Armor,"2,999,800"
7/27/2026,Astera's Essence: Head Armor,"495,000"
7/27/2026,Astera's Essence: Leg Armor,"200,000"
7/27/2026,Astera's Essence: Weapon,"222,800"
7/27/2026,Berserker Enchant Scroll,"5,000,000"
7/27/2026,Blessed Magic Elixir,"39,999"
7/27/2026,Blessed Magic Powder,489
7/27/2026,Blue Kitty Brooch,"1,112,100"
7/27/2026,Blue Kitty Necklace,"349,500"
7/27/2026,Blue Pigment (Apprentice),"13,004"
7/27/2026,Blue Pigment (Beginner),"15,012"
7/27/2026,Blue Pigment (Jlourneyman),"11,449"
7/27/2026,Blue Pigment (Professional),"19,999"
7/27/2026,Bountiful Enchant Scroll,"38,000,000"
7/27/2026,Bracelet Diamond,"15,000"
7/27/2026,Bracelet Emerald,800
7/27/2026,Bracelet Ruby,"15,000"
7/27/2026,Bracelet Sapphire,"15,000"
7/27/2026,Braha's Essence: Feet Armor,"495,000"
7/27/2026,Braha's Essence: Hand Armor,"100,000"
7/27/2026,Braha's Essence: Large Shield,"207,000"
7/27/2026,Brave Enchant Scroll,"1,250"
7/27/2026,Bres's Moonlight Essence,"5,400,000"
7/27/2026,Bres's Shadow Essence,"4,750,000"
7/27/2026,Brilliant Kitty Necklace,"25,000,000"
7/27/2026,Brutal Enchant Scroll,"2,500,000"
7/27/2026,Capture Enchant Scroll,"40,500"
7/27/2026,Chaos Enchant Scroll,"1,250"
7/27/2026,Charging Enchant Scroll,"1,111,111"
7/27/2026,Chaser's Enchant Scroll,"980,000"
7/27/2026,Clash Enchant Scroll,"5,000,000"
7/27/2026,Clear Additive (Apprentice),"9,800"
7/27/2026,Clear Additive (Beginner),"25,000"
7/27/2026,Clear Additive (Journeyman),"3,800"
7/27/2026,Clear Additive (Professional),"8,749"
7/27/2026,Cloth,"10,000"
7/27/2026,Complete Bracelet Diamond,"9,000,000"
7/27/2026,Complete Bracelet Emerald,"8,888,888"
7/27/2026,Complete Bracelet Ruby,"5,900,000"
7/27/2026,Complete Bracelet Sapphire,"8,000,000"
7/27/2026,Concentrated Enchant Scroll,"4,444,444"
7/27/2026,Concerted Enchant Scroll,"500,000"
7/27/2026,Consume Enchant Scroll,"2,222,222"
7/27/2026,Conviction Enchant Scroll,500
7/27/2026,Cool Enchant Scroll,"450,000"
7/27/2026,Copper Bracelet,"23,000"
7/27/2026,Copper Ore,990
7/27/2026,Crescent Moon Announcement,"45,000"
7/27/2026,Crescent Moon Island Power Crystal,"24,000"
7/27/2026,Crescent Moonlight Ring,"34,000"
7/27/2026,Damascus Steel,"13,990"
7/27/2026,Dash Enchant Scroll,"8,500"
7/27/2026,Destructive Enchant Scroll,"700,000"
7/27/2026,Diamond Enchant Scroll,"10,000"
7/27/2026,Dignified Enchant Scroll,"777,777"
7/27/2026,Dullahan's Essence: Chest Armor,"211,800"
7/27/2026,Dullahan's Essence: Feet Armor,"200,000"
7/27/2026,Dullahan's Essence: Grand Targe,"211,800"
7/27/2026,Dullahan's Essence: Hand Armor,"200,000"
7/27/2026,Dullahan's Essence: Head Armor,"495,000"
7/27/2026,Dullahan's Essence: Large Shield,"221,000"
7/27/2026,Dullahan's Essence: Leg Armor,"211,800"
7/27/2026,Dullahan's Essence: Shield,"211,800"
7/27/2026,Element Shard,"1,995"
7/27/2026,Element Stone,"5,045"
7/27/2026,Element Stone Catalyst,"13,999"
7/27/2026,Elemental Accessory Shard,"3,750"
7/27/2026,Elemental Armor Shard,"5,499"
7/27/2026,Elemental Cloth Bundle,"5,500"
7/27/2026,Elemental Weapon Shard,"2,300"
7/27/2026,Emmett's Essence,"4,400,000"
7/27/2026,Empowered Stone,"2,999"
7/27/2026,Emptiness Erg Crystal,"7,000"
7/27/2026,Enchant Scroll Scrap: Advance,"1,200,000"
7/27/2026,Enchant Scroll Scrap: Advent,"9,000,000"
7/27/2026,Enchant Scroll Scrap: Adversarial,"12,499,999"
7/27/2026,Enchant Scroll Scrap: Ancient,"2,900,000"
7/27/2026,Enchant Scroll Scrap: Bountiful,"19,500,000"
7/27/2026,Enchant Scroll Scrap: Brutal,"1,100,000"
7/27/2026,Enchant Scroll Scrap: Charge,"2,555,100"
7/27/2026,Enchant Scroll Scrap: Chaser's,"1,000,820"
7/27/2026,Enchant Scroll Scrap: Clash,"5,700,000"
7/27/2026,Enchant Scroll Scrap: Concentrated,"3,999,999"
7/27/2026,Enchant Scroll Scrap: Consume,"2,500,000"
7/27/2026,Enchant Scroll Scrap: Cool,"1,500,000"
7/27/2026,Enchant Scroll Scrap: Destructive,"1,666,100"
7/27/2026,Enchant Scroll Scrap: Dignified,"900,000"
7/27/2026,Enchant Scroll Scrap: Enmity,"2,666,100"
7/27/2026,Enchant Scroll Scrap: Escalating,"15,000,000"
7/27/2026,Enchant Scroll Scrap: Eternal,"13,500,000"
7/27/2026,Enchant Scroll Scrap: Executing,"39,999,990"
7/27/2026,Enchant Scroll Scrap: Fading,"1,999,100"
7/27/2026,Enchant Scroll Scrap: Fate,"150,000,000"
7/27/2026,Enchant Scroll Scrap: Fighting Spirit,"13,333,333"
7/27/2026,Enchant Scroll Scrap: Forgotten,"8,000,000"
7/27/2026,Enchant Scroll Scrap: Frenzy,"899,999"
7/27/2026,Enchant Scroll Scrap: Hollow,"19,500,000"
7/27/2026,Enchant Scroll Scrap: Impaling,"1,990,000"
7/27/2026,Enchant Scroll Scrap: Indomitable,"7,399,999"
7/27/2026,Enchant Scroll Scrap: Instant,"11,500,000"
7/27/2026,Enchant Scroll Scrap: Irate,"4,600,699"
7/27/2026,Enchant Scroll Scrap: Lament,"4,999,999"
7/27/2026,Enchant Scroll Scrap: Madness,"3,000,000"
7/27/2026,Enchant Scroll Scrap: Mystic,"44,500,000"
7/27/2026,Enchant Scroll Scrap: Petrify,"1,550,000"
7/27/2026,Enchant Scroll Scrap: Praise,"24,999,998"
7/27/2026,Enchant Scroll Scrap: Prophetic,"5,000,000"
7/27/2026,Enchant Scroll Scrap: Raging,"1,447,555"
7/27/2026,Enchant Scroll Scrap: Reflection,"19,999,988"
7/27/2026,Enchant Scroll Scrap: Revenge,"11,000,000"
7/27/2026,Enchant Scroll Scrap: Sealed,"5,555,555"
7/27/2026,Enchant Scroll Scrap: Shrewd,"9,999,999"
7/27/2026,Enchant Scroll Scrap: Solitude,"11,999,999"
7/27/2026,Enchant Scroll Scrap: Sorrowful,"2,444,100"
7/27/2026,Enchant Scroll Scrap: Space Time,"3,000,000"
7/27/2026,Enchant Scroll Scrap: Steeping,"23,500,000"
7/27/2026,Enchant Scroll Scrap: Stern,"5,000,000"
7/27/2026,Enchant Scroll Scrap: Stylish,"8,999,998"
7/27/2026,Enchant Scroll Scrap: Subdued,"5,555,555"
7/27/2026,Enchant Scroll Scrap: Tempestuous,"15,440,589"
7/27/2026,Enchant Scroll Scrap: Tragic,"19,000,000"
7/27/2026,Enchant Scroll Scrap: Transcendent,"9,086,083"
7/27/2026,Enchant Scroll Scrap: Trial,"16,999,420"
7/27/2026,Enchant Scroll Scrap: Vehement,"1,500,095"
7/27/2026,Enchant Scroll Scrap: Veiled,"11,220,191"
7/27/2026,Enchant Scroll Scrap: Victorious,"7,000,000"
7/27/2026,Enchant Scroll Scrap: Wandering,"29,000,000"
7/27/2026,Enchant Scroll Scrap: Wave,"23,000,000"
7/27/2026,Enchant Scroll Scrap: Weeping,"5,555,555"
7/27/2026,Enchant Scroll Scrap: Withered,"16,900,000"
7/27/2026,Enhanced New Era Cloth,"37,000"
7/27/2026,Enhanced New Era Leather,"23,000"
7/27/2026,Enhanced New Era Orb,"19,499"
7/27/2026,Enhanced New Era Ore,"60,094"
7/27/2026,Enhancement Elixir,"2,090"
7/27/2026,Enmity Enchant Scroll,"1,197,000"
7/27/2026,Enok's Essence,"1,000,000"
7/27/2026,Eriu Advancement Stone: Head Armor,"66,666,666"
7/27/2026,Eriu Advancement Stone: Leg Armor,"66,666,666"
7/27/2026,Eriu Advancement Stone: Weapon,"39,999,999"
7/27/2026,Eriu Book,"77,777,777"
7/27/2026,Eriu Fragment: Auxiliary Equipment,"9,000,000"
7/27/2026,Eriu Fragment: Chest Armor,"2,100,000"
7/27/2026,Eriu Fragment: Hand Armor,"4,493,216"
7/27/2026,Eriu Fragment: Head Armor,"1,966,100"
7/27/2026,Eriu Fragment: Leg Armor,"2,115,304"
7/27/2026,Eriu Fragment: Roots of Abundance,"15,999,999"
7/27/2026,Eriu Fragment: Starlight Belt,"17,800,000"
7/27/2026,Eriu Fragment: Weapon,"2,834,633"
7/27/2026,Eriu Fragment: Yoke of Mortality,"16,800,000"
7/27/2026,Escalating Enchant Scroll,"37,000,000"
7/27/2026,Esras' Essence,"32,000,000"
7/27/2026,Eternal Enchant Scroll,"60,000,000"
7/27/2026,Eternal Legacy,"100,000"
7/27/2026,Eternity Erg Crystal,"10,000"
7/27/2026,Executing Enchant Scroll,"75,000,000"
7/27/2026,Exquisite Cloth,999
7/27/2026,Exquisite Iron Ore,210
7/27/2026,Fading Enchant Scroll,"500,000"
7/27/2026,Fallen One's Rhod Compass,"72,000,000"
7/27/2026,Fallen One's Rusty Rhod Compass,"29,878,000"
7/27/2026,Fallen One's Shiny Rhod Compass,"110,000,000"
7/27/2026,Fast Enchant Scroll,"3,500,000"
7/27/2026,Fate Enchant Scroll,"470,000,000"
7/27/2026,Fighting Belt,"16,008,225"
7/27/2026,Fighting Spirit Enchant Scroll,"24,000,000"
7/27/2026,Fine Bracelet Diamond,"190,000"
7/27/2026,Fine Bracelet Emerald,"119,000"
7/27/2026,Fine Bracelet Ruby,"35,000"
7/27/2026,Fine Bracelet Sapphire,"30,000"
7/27/2026,Fine Cloth,"2,020"
7/27/2026,Fine Fobellow Tin,"5,000"
7/27/2026,Fine Iron Ore,"7,000"
7/27/2026,Fire Spirit Remnant,779
7/27/2026,Flask of Niflheim,"1,932,121"
7/27/2026,Fleet Enchant Scroll,500
7/27/2026,Forgotten Enchant Scroll,"2,200,000"
7/27/2026,Fragrant Additive (Apprentice),"15,000"
7/27/2026,Fragrant Additive (Beginner),"24,800"
7/27/2026,Fragrant Additive (Journeyman),"2,900"
7/27/2026,Fragrant Additive (Professional),"12,749"
7/27/2026,Frenzy Enchant Scroll,"5,500,000"
7/27/2026,Godly Cloth,"9,300"
7/27/2026,Godly Iron Ore,"4,980"
7/27/2026,Goibhniu's Enhancement Stone,"2,398,900"
7/27/2026,Goibhniu's Stone+,"7,211,111"
7/27/2026,Gold Bracelet,"19,999,999"
7/27/2026,Gorbas' Essence,"8,888,887"
7/27/2026,Gray Twilight Brooch,"19,000,000"
7/27/2026,Greater Bronze Lion Statue,"1,360,000"
7/27/2026,Greater Mysterious Cat Statue,"999,990"
7/27/2026,Greater Succubus Fang,"2,000,000"
7/27/2026,Greater War Goddess Statue,"400,000"
7/27/2026,Heavenly Leather,"8,000"
7/27/2026,Hoarfrost Hollow Erg Crystal,"6,788"
7/27/2026,Hollow Enchant Scroll,"37,750,000"
7/27/2026,Impaling Enchant Scroll,"1,000,000"
7/27/2026,Inherited Power: Fragments,"10,855"
7/27/2026,Instant Enchant Scroll,"24,000,000"
7/27/2026,Intermediate Element Stone,"288,888"
7/27/2026,Irate Enchant Scroll,"7,100,000"
7/27/2026,Iron Ore,"7,000"
7/27/2026,Jardin Steel,"34,875"
7/27/2026,Jarnir's Essence,"7,000,000"
7/27/2026,Keen Eriu Crystal,"740,000"
7/27/2026,Keen Legacy Shard,"600,000"
7/27/2026,Keen Legendary Chunk,"200,000"
7/27/2026,Keen Succession Ore,"350,000"
7/27/2026,Keen Succession Shard,"495,000"
7/27/2026,Keen Uaithne Crystal,"2,490,000"
7/27/2026,Kitty Brooch,"600,000"
7/27/2026,Kitty Necklace,"94,999"
7/27/2026,Lambent Powder,"3,000"
7/27/2026,Lament Enchant Scroll,"3,000,000"
7/27/2026,Leather Bracelet,"15,000"
7/27/2026,Life Erg Crystal,"4,623"
7/27/2026,Life Spirit Remnant,"45,000"
7/27/2026,Light Erg Crystal,"18,898"
7/27/2026,Lightweight Eriu Crystal,"694,161"
7/27/2026,Lightweight Legacy Shard,"200,000"
7/27/2026,Lightweight Legendary Chunk,"200,000"
7/27/2026,Lightweight Legendary Ore,"300,000"
7/27/2026,Lightweight Legendary Shard,"200,000"
7/27/2026,Lightweight Succession Ore,"554,800"
7/27/2026,Lightweight Succession Shard,"200,000"
7/27/2026,Lightweight Uaithne Crystal,"2,800,000"
7/27/2026,Lord's Glowing Obsidian Bracelet,"556,000,000"
7/27/2026,Lucian's Essence,"3,499,999"
7/27/2026,Lugh Lamhfada's Essence: Feet Armor,"200,000"
7/27/2026,Madness Enchant Scroll,"4,000,000"
7/27/2026,Magic Elixir,"46,714"
7/27/2026,Magic Elixir of Life,"7,990"
7/27/2026,Magic Powder,"9,980"
7/27/2026,Magic Stone,975
7/27/2026,Mana Dust,"1,000"
7/27/2026,Mana Reformer,"5,000"
7/27/2026,Meaningful Enchant Scroll,"3,500,000"
7/27/2026,Milletian's Essence: Feet Armor,"2,999,800"
7/27/2026,Milo's Essence,"1,000,000"
7/27/2026,Misty Summit Source,"12,000"
7/27/2026,Morgant's Essence,"9,700,000"
7/27/2026,Mysterious Shard Grade 1,"56,353"
7/27/2026,Mysterious Shard Grade 2,"244,900"
7/27/2026,Mysterious Shard Grade 3,"999,999"
7/27/2026,Mystic Enchant Scroll,"70,000,000"
7/27/2026,New Era Cloth,"24,461"
7/27/2026,New Era Leather,"24,383"
7/27/2026,New Era Orb,"2,499"
7/27/2026,New Era Ore,"7,271"
7/27/2026,New Era Remnant,19
7/27/2026,New Era Stone,"3,000"
7/27/2026,Obsidian Kitty Necklace,"129,000,000"
7/27/2026,Orb,"7,176"
7/27/2026,Orna's Essence,"2,317,551"
7/27/2026,Orna's Essence: Chest Armor,"1,193,000"
7/27/2026,Orna's Essence: Feet Armor,"1,135,708"
7/27/2026,Orna's Essence: Hand Armor,"1,139,999"
7/27/2026,Orna's Essence: Head Armor,"1,137,912"
7/27/2026,Orna's Essence: Leg Armor,"1,180,000"
7/27/2026,Orna's Essence: Weapon,"1,200,000"
7/27/2026,Outburst Enchant Scroll,"1,000,000"
7/27/2026,Paradise Orb,"1,995"
7/27/2026,Paradise Stone,"9,700"
7/27/2026,Passion Enchant Scroll,"2,222,222"
7/27/2026,Peaceful Enchant Scroll,"1,000,000"
7/27/2026,Perfect Eriu Crystal,"2,900,000"
7/27/2026,Perfect Legacy Shard,"2,000,000"
7/27/2026,Perfect Legendary Chunk,"200,000"
7/27/2026,Perfect Succession Ore,"899,995"
7/27/2026,Perfect Uaithne Crystal,"3,114,235"
7/27/2026,Prairie Erg Crystal,"4,846"
7/27/2026,Premium Enhancement Rune,"80,000,000"
7/27/2026,Prophetic Enchant Scroll,"9,999,999"
7/27/2026,Rage Erg Crystal,"29,999"
7/27/2026,Raging Enchant Scroll,"999,999"
7/27/2026,Red Kitty Necklace,"1,740,000"
7/27/2026,Red Moon Brooch,"6,666,666"
7/27/2026,Red Pigment (Apprentice),"13,800"
7/27/2026,Red Pigment (Beginner),"9,790"
7/27/2026,Red Pigment (Journeyman),"2,766"
7/27/2026,Red Pigment (Professional),"13,900"
7/27/2026,Reflection Enchant Scroll,"65,000,000"
7/27/2026,Regina's Feather: Grand Targe,"208,000"
7/27/2026,Regina's Feather: Head Armor,"200,000"
7/27/2026,Regina's Feather: Large Shield,"211,800"
7/27/2026,Regina's Feather: Leg Armor,"207,000"
7/27/2026,Regina's Feather: Shield,"207,000"
7/27/2026,Resilient Enchant Scroll,"5,000"
7/27/2026,Resistant Enchant Scroll,"10,000"
7/27/2026,Revenge Enchant Scroll,"3,500,000"
7/27/2026,Robust Eriu Crystal,"1,990,000"
7/27/2026,Robust Uaithne Crystal,"800,000"
7/27/2026,Roots of Abundance,"74,444,444"
7/27/2026,Ruins Erg Crystal,"6,666"
7/27/2026,Sacred Erg Crystal,"10,987"
7/27/2026,Salt Flower,650
7/27/2026,Sanctuary Earrings,"12,222,222"
7/27/2026,Sealed Power: Fragments,"32,406"
7/27/2026,Selren's Essence,"5,000,000"
7/27/2026,Semias' Essence,"4,500,000"
7/27/2026,Seraphic Feathers Brooch,"10,000,000"
7/27/2026,Ship Graveyard Power Crystal,"2,500"
7/27/2026,Shrewd Enchant Scroll,"5,000,000"
7/27/2026,Shrouded Moonlight,"36,666,666"
7/27/2026,Significant Enchant Scroll,"250,000"
7/27/2026,Silence Erg Crystal,"9,999"
7/27/2026,Silver Bracelet,"325,000"
7/27/2026,Silver Ore,"3,445"
7/27/2026,Smooth Eriu Crystal,"1,299,800"
7/27/2026,Smooth Legacy Shard,"800,000"
7/27/2026,Smooth Legendary Chunk,"175,950"
7/27/2026,Smooth Legendary Ore,"175,950"
7/27/2026,Smooth Legendary Shard,"215,000"
7/27/2026,Smooth Succession Ore,"549,999"
7/27/2026,Smooth Succession Shard,"200,000"
7/27/2026,Smooth Uaithne Crystal,"498,426"
7/27/2026,Solid Eriu Crystal,"586,437"
7/27/2026,Solid Legacy Shard,"1,332,800"
7/27/2026,Solid Legendary Chunk,"222,800"
7/27/2026,Solid Legendary Ore,"211,800"
7/27/2026,Solid Legendary Shard,"2,000,000"
7/27/2026,Solid Succession Ore,"799,999"
7/27/2026,Solid Uaithne Crystal,"788,888"
7/27/2026,Solitude Enchant Scroll,"15,862,507"
7/27/2026,Sorrowful Enchant Scroll,"585,000"
7/27/2026,Space Time Enchant Scroll,"84,999"
7/27/2026,Special Dungeon: Enchant Pouch,"11,000,000"
7/27/2026,Spinos' Essence,"9,000,000"
7/27/2026,Spirit Magic Powder,"8,000"
7/27/2026,Spirit Remnant,"1,000"
7/27/2026,Spirit Water,"2,500"
7/27/2026,Spirited Enchant Scroll,"200,000"
7/27/2026,Stable Eriu Crystal,"1,417,606"
7/27/2026,Stable Legacy Shard,"200,000"
7/27/2026,Stable Legendary Chunk,"200,000"
7/27/2026,Stable Legendary Ore,"222,800"
7/27/2026,Stable Succession Ore,"420,000"
7/27/2026,Stable Succession Shard,"211,800"
7/27/2026,Stable Uaithne Crystal,"3,200,000"
7/27/2026,Star Fruit,"33,650"
7/27/2026,Starlight Belt,"70,000,000"
7/27/2026,Steeping Enchant Scroll,"47,000,000"
7/27/2026,Stern Enchant Scroll,"10,000,000"
7/27/2026,Stylish Enchant Scroll,"12,099,999"
7/27/2026,Subdued Enchant Scroll,"500,000"
7/27/2026,Superior Bracelet Diamond,"3,500,000"
7/27/2026,Superior Bracelet Emerald,"3,425,000"
7/27/2026,Superior Bracelet Ruby,"2,000,000"
7/27/2026,Superior Bracelet Sapphire,"2,700,000"
7/27/2026,Superior Cloth,"7,375"
7/27/2026,Superior Element Stone,"798,798"
7/27/2026,Superior Enhancement Elixir,"106,332"
7/27/2026,Superior Iron Ore,"5,000"
7/27/2026,Tarian Steel,"2,900,000"
7/27/2026,Tempestuous Enchant Scroll,"20,000,000"
7/27/2026,Temporal Enchant Scroll,"20,000"
7/27/2026,Terminus Sentinel Essence: Chest Armor,"500,000"
7/27/2026,Terminus Sentinel Essence: Hand Armor,"1,500,000"
7/27/2026,Terminus Sentinel Essence: Head Armor,"200,000"
7/27/2026,Terminus Sentinel Essence: Shield,"200,000"
7/27/2026,Terra Spirit Remnant,"13,990"
7/27/2026,The Book of Orna,"4,654,651"
7/27/2026,The Book of Uaithne,"65,010,000"
7/27/2026,The Dead Enchant Scroll,"245,000"
7/27/2026,The Watcher's Glowing Mysterious Cat Statue,"80,000,000"
7/27/2026,The Watcher's Glowing Succubus Fang,"78,000,000"
7/27/2026,The Watcher's Glowing War Goddess Statue,"75,555,555"
7/27/2026,The Watcher's Glowing Werewolf Paw,"125,999,999"
7/27/2026,The Watcher's Mysterious Cat Statue,"22,000,000"
7/27/2026,The Watcher's Rusty Mysterious Cat Statue,"7,000,000"
7/27/2026,The Watcher's Rusty Succubus Fang,"4,223,000"
7/27/2026,The Watcher's Rusty War Goddess Statue,"5,200,000"
7/27/2026,The Watcher's Rusty Werewolf Paw,"9,000,000"
7/27/2026,The Watcher's Succubus Fang,"28,000,000"
7/27/2026,The Watcher's War Goddess Statue,"30,003,000"
7/27/2026,The Watcher's Werewolf Paw,"53,888,888"
7/27/2026,Thick Additive (Apprentice),"17,477"
7/27/2026,Thick Additive (Beginner),"35,000"
7/27/2026,Thick Additive (Journeyman),"3,559"
7/27/2026,Thick Additive (Professional),"9,949"
7/27/2026,Token of Quiet,"50,000,000"
7/27/2026,Token of Silence,"120,000,000"
7/27/2026,Tragic Enchant Scroll,"41,000,000"
7/27/2026,Transcendent Enchant Scroll,"14,000,000"
7/27/2026,Trial Enchant Scroll,"25,000,000"
7/27/2026,Truth Enchant Scroll,"100,000"
7/27/2026,Twilight Desert Source,"5,033"
7/27/2026,Twilight Erg Crystal,"4,000"
7/27/2026,Twisted Enchant Scroll,"13,500,000"
7/27/2026,Uaithne Advancement Stone: Chest Armor,"55,555,555"
7/27/2026,Uaithne Advancement Stone: Feet Armor,"55,555,555"
7/27/2026,Uaithne Advancement Stone: Hand Armor,"55,555,555"
7/27/2026,Uaithne Advancement Stone: Head Armor,"55,555,555"
7/27/2026,Uaithne Advancement Stone: Leg Armor,"55,555,555"
7/27/2026,Uaithne Advancement Stone: Weapon,"88,888,888"
7/27/2026,Uaithne Crystal,"18,000,000"
7/27/2026,Uaithne Fragment: Auxiliary Equipment,"959,999"
7/27/2026,Uaithne Fragment: Chest Armor,"3,090,000"
7/27/2026,Uaithne Fragment: Feet Armor,"2,729,998"
7/27/2026,Uaithne Fragment: Hand Armor,"2,700,000"
7/27/2026,Uaithne Fragment: Head Armor,"3,880,000"
7/27/2026,Uaithne Fragment: Leg Armor,"1,900,000"
7/27/2026,Uaithne Fragment: The Cursed Belt,"7,000,000"
7/27/2026,Uaithne Fragment: The Sun's Wish,"7,500,000"
7/27/2026,Uaithne Fragment: Token of Quiet,"7,999,000"
7/27/2026,Uaithne Fragment: Token of Silence,"14,999,000"
7/27/2026,Uaithne Fragment: Weapon,"2,800,000"
7/27/2026,Uaithne Remnant,"2,589"
7/27/2026,Unknowable Power: Fragments,"209,990"
7/27/2026,Unrelenting Eriu Crystal,"3,299,999"
7/27/2026,Unrelenting Uaithne Crystal,"828,888"
7/27/2026,Unstable Enhancement Rune,"8,000,000"
7/27/2026,Uscias' Essence,"3,499,998"
7/27/2026,Usurper's Rusty Rhod Compass,"4,000,000"
7/27/2026,Usurper's Shiny Rhod Compass,"17,696,969"
7/27/2026,Vehement Enchant Scroll,"3,999,999"
7/27/2026,Veiled Enchant Scroll,"19,000,000"
7/27/2026,Victorious Enchant Scroll,"6,999,999"
7/27/2026,Waking Stone: Breakoff DMG +8%,998
7/27/2026,Waking Stone: Damage Boost (10%),"875,000"
7/27/2026,Waking Stone: Damage Boost (12%),"244,444,444"
7/27/2026,Waking Stone: Damage Boost (8%),400
7/27/2026,Waking Stone: Efficient SP (60),388
7/27/2026,Waking Stone: Efficient SP (70),"99,998"
7/27/2026,Waking Stone: Efficient SP (80),"10,000,000"
7/27/2026,Waking Stone: Efficient Stamina (5),"41,999"
7/27/2026,Waking Stone: Efficient Stamina (6),"1,300,000"
7/27/2026,Waking Stone: Major Cooldown (20 sec),"297,000"
7/27/2026,Waking Stone: Major Cooldown (22 sec),"40,000"
7/27/2026,Wandering Enchant Scroll,"49,500,000"
7/27/2026,Warlord's Enchant Scroll,"666,666"
7/27/2026,Water Erg Crystal,"7,800"
7/27/2026,Wave Enchant Scroll,"44,444,444"
7/27/2026,White Kitty Brooch,"1,000,000"
7/27/2026,White Kitty Necklace,"495,000"
7/27/2026,Wish Enchant Scroll,"1,303,366"
7/27/2026,Withered Enchant Scroll,"21,000,000"
7/27/2026,Yellow Pigment (Apprentice),"7,800"
7/27/2026,Yellow Pigment (Beginner),"34,000"
7/27/2026,Yellow Pigment (Journeyman),"2,800"
7/27/2026,Yellow Pigment (Professional),"4,400"
7/27/2026,Yoke of Mortality,"180,000,000"
7/27/2026,Airtight Enchant Rune,"19,000,000"
7/27/2026,Airtight Unstable Enchant Rune (x1),"9,999,999"
7/29/2026,Abomination's Essence: Grand Targe,"198,000"
7/29/2026,Abomination's Essence: Head Armor,"1,500,000"
7/29/2026,Abomination's Essence: Large Shield,"198,000"
7/29/2026,Abomination's Essence: Leg Armor,"495,000"
7/29/2026,Abomination's Essence: Weapon,"495,000"
7/29/2026,Abyssal Shard Grade 1,"131,402"
7/29/2026,Abyssal Shard Grade 2,"348,000"
7/29/2026,Abyssal Shard Grade 3,"1,099,911"
7/29/2026,Advance Enchant Scroll,"1,018,295"
7/29/2026,Advent Enchant Scroll,"12,028,870"
7/29/2026,Adversarial Enchant Scroll,"14,999,999"
7/29/2026,Airtight Enchant Rune,"29,999,999"
7/29/2026,Airtight Exquisite Enchant Rune,"100,000,000"
7/29/2026,Airtight Unstable Enchant Rune (x1),"14,444,440"
7/29/2026,Amplified Enchant Scroll,"22,500,000"
7/29/2026,Ancient Elemental Accessory Shard,"9,990"
7/29/2026,Ancient Elemental Armor Shard,"10,000"
7/29/2026,Ancient Elemental Cloth Bundle,"6,331"
7/29/2026,Ancient Elemental Weapon Shard,"10,000"
7/29/2026,Ancient Enchant Scroll,"8,000,000"
7/29/2026,Ancient Erg Crystal,"3,000"
7/29/2026,Ancient Spirit Magic Powder,"59,999"
7/29/2026,Ardor Enchant Scroll,"250,000"
7/29/2026,Ardri's Essence,"700,000"
7/29/2026,Ardri's Essence: Hand Armor,"1,380,000"
7/29/2026,Ardri's Essence: Leg Armor,"1,200,000"
7/29/2026,Artisan's Refined Flask,"11,999"
7/29/2026,Artisan's Sturdy Flask,"29,000"
7/29/2026,Astera's Essence: Feet Armor,"1,000,000"
7/29/2026,Astera's Essence: Leg Armor,"200,000"
7/29/2026,Blessed Magic Elixir,"44,444"
7/29/2026,Blessed Magic Powder,450
7/29/2026,Blue Pigment (Apprentice),"13,800"
7/29/2026,Blue Pigment (Beginner),"10,000"
7/29/2026,Blue Pigment (Jlourneyman),"3,400"
7/29/2026,Blue Pigment (Professional),"13,951"
7/29/2026,Bountiful Enchant Scroll,"34,000,000"
7/29/2026,Bracelet Diamond,"15,000"
7/29/2026,Bracelet Emerald,800
7/29/2026,Bracelet Ruby,"15,000"
7/29/2026,Bracelet Sapphire,"15,000"
7/29/2026,Braha's Essence: Feet Armor,"495,000"
7/29/2026,Braha's Essence: Large Shield,"207,000"
7/29/2026,Brave Enchant Scroll,"1,250"
7/29/2026,Bres's Moonlight Essence,"4,900,000"
7/29/2026,Bres's Shadow Essence,"4,980,000"
7/29/2026,Brutal Enchant Scroll,"1,250,000"
7/29/2026,Calm Enchant Scroll,"77,500"
7/29/2026,Capture Enchant Scroll,"1,000,000"
7/29/2026,Challenging Enchant Scroll,"25,000"
7/29/2026,Chaos Enchant Scroll,"1,250"
7/29/2026,Chaotic Enchant Scroll,"1,198,975"
7/29/2026,Character-Specific Hair Coupon,"44,999,999"
7/29/2026,Charging Enchant Scroll,"3,500,000"
7/29/2026,Chaser's Enchant Scroll,"758,765"
7/29/2026,Clash Enchant Scroll,"5,100,000"
7/29/2026,Clear Additive (Apprentice),"9,800"
7/29/2026,Clear Additive (Beginner),"9,900"
7/29/2026,Clear Additive (Journeyman),"3,700"
7/29/2026,Clear Additive (Professional),"3,999"
7/29/2026,Cloth,"5,000"
7/29/2026,Complete Bracelet Diamond,"7,500,000"
7/29/2026,Complete Bracelet Emerald,"8,000,000"
7/29/2026,Complete Bracelet Ruby,"4,900,000"
7/29/2026,Complete Bracelet Sapphire,"7,777,777"
7/29/2026,Concentrated Enchant Scroll,"3,999,500"
7/29/2026,Consume Enchant Scroll,"3,400,000"
7/29/2026,Conviction Enchant Scroll,"888,888"
7/29/2026,Cool Enchant Scroll,"300,000"
7/29/2026,Copper Bracelet,"20,000"
7/29/2026,Copper Ore,990
7/29/2026,Cyclical Enchant Scroll,"8,000,000"
7/29/2026,Damascus Steel,"13,990"
7/29/2026,Decisive Enchant Scroll,"25,000"
7/29/2026,Deific Devotion A Prophecy That Cannot Be Followed,"9,000,000"
7/29/2026,Deific Devotion False Confession,"9,999,999"
7/29/2026,Deific Devotion Forest of Abundance,"4,000,000"
7/29/2026,Deific Devotion Golden Tree Hill,"8,000,000"
7/29/2026,Deific Devotion Great Ministry,"2,676,767"
7/29/2026,Deific Devotion The One Who Protects the Altar,"4,500,000"
7/29/2026,Destructive Enchant Scroll,"300,000"
7/29/2026,Diamond Enchant Scroll,"25,000"
7/29/2026,Dignified Enchant Scroll,"1,900,000"
7/29/2026,Dullahan's Essence: Feet Armor,"100,000"
7/29/2026,Dullahan's Essence: Grand Targe,"1,333,800"
7/29/2026,Dullahan's Essence: Head Armor,"495,000"
7/29/2026,Dullahan's Essence: Large Shield,"200,000"
7/29/2026,Dullahan's Essence: Leg Armor,"1,333,800"
7/29/2026,Echoing Enchant Scroll,"20,000"
7/29/2026,Element Shard,"2,901"
7/29/2026,Element Stone,"5,045"
7/29/2026,Element Stone Catalyst,"10,000"
7/29/2026,Elemental Accessory Shard,"3,135"
7/29/2026,Elemental Armor Shard,"5,499"
7/29/2026,Elemental Cloth Bundle,"5,500"
7/29/2026,Elemental Weapon Shard,"3,000"
7/29/2026,Emmett's Essence,"4,800,000"
7/29/2026,Empowered Stone,"2,900"
7/29/2026,Emptiness Erg Crystal,"4,995"
7/29/2026,Enchant Scroll Scrap: Advance,"1,000,000"
7/29/2026,Enchant Scroll Scrap: Advent,"7,500,000"
7/29/2026,Enchant Scroll Scrap: Adversarial,"11,500,000"
7/29/2026,Enchant Scroll Scrap: Ancient,"3,000,000"
7/29/2026,Enchant Scroll Scrap: Bountiful,"19,888,888"
7/29/2026,Enchant Scroll Scrap: Brutal,"1,480,000"
7/29/2026,Enchant Scroll Scrap: Charge,"5,999,999"
7/29/2026,Enchant Scroll Scrap: Chaser's,"600,000"
7/29/2026,Enchant Scroll Scrap: Clash,"5,555,555"
7/29/2026,Enchant Scroll Scrap: Concentrated,"3,000,000"
7/29/2026,Enchant Scroll Scrap: Consume,"2,499,999"
7/29/2026,Enchant Scroll Scrap: Cool,"1,444,100"
7/29/2026,Enchant Scroll Scrap: Cyclical,"12,000,000"
7/29/2026,Enchant Scroll Scrap: Destructive,"1,000,000"
7/29/2026,Enchant Scroll Scrap: Dignified,"1,443,932"
7/29/2026,Enchant Scroll Scrap: Escalating,"18,000,000"
7/29/2026,Enchant Scroll Scrap: Eternal,"13,500,000"
7/29/2026,Enchant Scroll Scrap: Executing,"40,300,000"
7/29/2026,Enchant Scroll Scrap: Fading,"1,999,100"
7/29/2026,Enchant Scroll Scrap: Fate,"146,888,888"
7/29/2026,Enchant Scroll Scrap: Fighting Spirit,"9,676,767"
7/29/2026,Enchant Scroll Scrap: Forgotten,"3,333,333"
7/29/2026,Enchant Scroll Scrap: Frenzy,"2,000,000"
7/29/2026,Enchant Scroll Scrap: Hollow,"23,000,000"
7/29/2026,Enchant Scroll Scrap: Impaling,"1,999,100"
7/29/2026,Enchant Scroll Scrap: Instant,"14,900,000"
7/29/2026,Enchant Scroll Scrap: Irate,"4,450,000"
7/29/2026,Enchant Scroll Scrap: Lament,"4,444,442"
7/29/2026,Enchant Scroll Scrap: Madness,"2,000,000"
7/29/2026,Enchant Scroll Scrap: Mystic,"39,800,000"
7/29/2026,Enchant Scroll Scrap: Petrify,"1,500,000"
7/29/2026,Enchant Scroll Scrap: Praise,"24,000,000"
7/29/2026,Enchant Scroll Scrap: Prophetic,"4,000,000"
7/29/2026,Enchant Scroll Scrap: Raging,"1,000,000"
7/29/2026,Enchant Scroll Scrap: Reflection,"15,000,000"
7/29/2026,Enchant Scroll Scrap: Revenge,"4,000,000"
7/29/2026,Enchant Scroll Scrap: Shrewd,"3,599,999"
7/29/2026,Enchant Scroll Scrap: Stern,"4,400,000"
7/29/2026,Enchant Scroll Scrap: Stylish,"10,000,000"
7/29/2026,Enchant Scroll Scrap: Subdued,"5,555,555"
7/29/2026,Enchant Scroll Scrap: Vehement,"1,000,000"
7/29/2026,Enchant Scroll Scrap: Veiled,"12,969,696"
7/29/2026,Enchant Scroll Scrap: Victorious,"6,000,000"
7/29/2026,Enchant Scroll Scrap: Wandering,"27,542,312"
7/29/2026,Enchant Scroll Scrap: Wave,"23,296,969"
7/29/2026,Enchant Scroll Scrap: Weeping,"5,555,555"
7/29/2026,Enchant Scroll Scrap: Withered,"17,899,994"
7/29/2026,Enhanced New Era Cloth,"55,501"
7/29/2026,Enhanced New Era Leather,"26,135"
7/29/2026,Enhanced New Era Orb,"21,494"
7/29/2026,Enhanced New Era Ore,"65,000"
7/29/2026,Enhancement Elixir,"2,090"
7/29/2026,Enmity Enchant Scroll,"1,900,000"
7/29/2026,Enok's Essence,"1,000,000"
7/29/2026,Eriu Advancement Stone: Head Armor,"66,666,666"
7/29/2026,Eriu Advancement Stone: Leg Armor,"66,666,666"
7/29/2026,Eriu Advancement Stone: Weapon,"39,999,999"
7/29/2026,Eriu Book,"77,777,777"
7/29/2026,Eriu Fragment: Leg Armor,"2,060,000"
7/29/2026,Eriu Fragment: Roots of Abundance,"12,000,000"
7/29/2026,Eriu Fragment: Starlight Belt,"17,800,000"
7/29/2026,Eriu Fragment: Weapon,"3,210,000"
7/29/2026,Escalating Enchant Scroll,"25,522,772"
7/29/2026,Esras' Essence,"26,676,767"
7/29/2026,Eternal Enchant Scroll,"22,400,000"
7/29/2026,Eternal Legacy,"100,000"
7/29/2026,Eternity Erg Crystal,"65,000"
7/29/2026,Executing Enchant Scroll,"64,444,444"
7/29/2026,Exquisite Cloth,999
7/29/2026,Exquisite HP Potion,"17,200"
7/29/2026,Exquisite Iron Ore,190
7/29/2026,Fading Enchant Scroll,"800,000"
7/29/2026,Fast Enchant Scroll,"4,500,500"
7/29/2026,Fate Enchant Scroll,"460,000,000"
7/29/2026,Fighting Spirit Enchant Scroll,"20,000,000"
7/29/2026,Fine Bracelet Diamond,"88,813"
7/29/2026,Fine Bracelet Emerald,"249,969"
7/29/2026,Fine Bracelet Ruby,"74,982"
7/29/2026,Fine Bracelet Sapphire,"30,000"
7/29/2026,Fine Cloth,"2,020"
7/29/2026,Fine Fobellow Tin,"5,550"
7/29/2026,Fine HP Potion,"1,100"
7/29/2026,Fine Iron Ore,"22,630"
7/29/2026,Fire Spirit Remnant,777
7/29/2026,Flask of Niflheim,"1,945,000"
7/29/2026,Fleet Enchant Scroll,500
7/29/2026,Forgotten Enchant Scroll,"4,000,000"
7/29/2026,Fragrant Additive (Apprentice),"1,200"
7/29/2026,Fragrant Additive (Beginner),"9,000"
7/29/2026,Fragrant Additive (Journeyman),"8,100"
7/29/2026,Fragrant Additive (Professional),"4,000"
7/29/2026,Frenzy Enchant Scroll,"2,000,000"
7/29/2026,Godly Cloth,"9,000"
7/29/2026,Godly Iron Ore,"4,000"
7/29/2026,Goibhniu's Enhancement Stone,"2,222,222"
7/29/2026,Goibhniu's Stone+,"5,555,444"
7/29/2026,Gold Bracelet,"24,000,000"
7/29/2026,Gorbas' Essence,"7,000,000"
7/29/2026,Greater Succubus Fang,"2,000,000"
7/29/2026,Heartless Enchant Scroll,"676,767"
7/29/2026,Heavenly Leather,"8,500"
7/29/2026,Hoarfrost Hollow Erg Crystal,"6,500"
7/29/2026,Hollow Enchant Scroll,"36,696,969"
7/29/2026,Ice Spirit Remnant,"2,190"
7/29/2026,Impaling Enchant Scroll,"2,200,000"
7/29/2026,Indomitable Enchant Scroll,"7,900,000"
7/29/2026,Infinite Enchant Scroll,"2,222,222"
7/29/2026,Inherited Power: Fragments,"8,900"
7/29/2026,Instant Enchant Scroll,"18,300,000"
7/29/2026,Intermediate Element Stone,"285,030"
7/29/2026,Irate Enchant Scroll,"6,500,000"
7/29/2026,Iron Ore,"18,000"
7/29/2026,Jardin Steel,"24,970"
7/29/2026,Jarnir's Essence,"6,900,000"
7/29/2026,Keen Eriu Crystal,"648,353"
7/29/2026,Keen Legacy Shard,"500,000"
7/29/2026,Keen Legendary Ore,"500,000"
7/29/2026,Keen Succession Ore,"480,000"
7/29/2026,Keen Succession Shard,"495,000"
7/29/2026,Keen Uaithne Crystal,"2,750,000"
7/29/2026,Lament Enchant Scroll,"4,985,000"
7/29/2026,Life Erg Crystal,"4,400"
7/29/2026,Life Spirit Remnant,"35,000"
7/29/2026,Light Erg Crystal,"5,899"
7/29/2026,Lightweight Eriu Crystal,"649,999"
7/29/2026,Lightweight Legacy Shard,"200,000"
7/29/2026,Lightweight Legendary Chunk,"1,444,800"
7/29/2026,Lightweight Legendary Ore,"300,000"
7/29/2026,Lightweight Legendary Shard,"50,000"
7/29/2026,Lightweight Succession Ore,"480,000"
7/29/2026,Lightweight Uaithne Crystal,"2,888,888"
7/29/2026,Lord's Glowing Obsidian Bracelet,"550,000,000"
7/29/2026,Lord's Obsidian Bracelet,"381,234,567"
7/29/2026,Lord's Rusty Obsidian Bracelet,"299,000,000"
7/29/2026,Lucian's Essence,"3,090,000"
7/29/2026,Lugh Lamhfada's Essence: Feet Armor,"1,500,000"
7/29/2026,Lugh Lamhfada's Essence: Large Shield,"100,000"
7/29/2026,Madness Enchant Scroll,"2,222,222"
7/29/2026,Magic Elixir,"38,774"
7/29/2026,Magic Elixir of Life,"7,890"
7/29/2026,Magic Powder,"8,000"
7/29/2026,Magic Stone,"6,000"
7/29/2026,Mana Dust,"1,000"
7/29/2026,Mana Reformer,"5,000"
7/29/2026,Meaningful Enchant Scroll,"1,500,000"
7/29/2026,Merc Recovery Potion Plus,"985,000"
7/29/2026,Milletian's Essence: Feet Armor,"2,999,800"
7/29/2026,Milo's Essence,"1,000,000"
7/29/2026,Misty Summit Source,"12,000"
7/29/2026,Morgant's Essence,"6,000,000"
7/29/2026,Mysterious Shard Grade 1,"54,160"
7/29/2026,Mysterious Shard Grade 2,"163,902"
7/29/2026,Mysterious Shard Grade 3,"886,157"
7/29/2026,Mystic Enchant Scroll,"74,988,888"
7/29/2026,New Era Cloth,"23,000"
7/29/2026,New Era Leather,"22,587"
7/29/2026,New Era Orb,"2,441"
7/29/2026,New Era Ore,"4,999"
7/29/2026,New Era Remnant,16
7/29/2026,New Era Stone,"3,400"
7/29/2026,Obsidian Kitty Necklace,"125,000,000"
7/29/2026,Orb,"8,999"
7/29/2026,Orna's Essence,"2,689,000"
7/29/2026,Orna's Essence: Feet Armor,"1,388,888"
7/29/2026,Orna's Essence: Hand Armor,"1,250,000"
7/29/2026,Orna's Essence: Leg Armor,"1,500,000"
7/29/2026,Outburst Enchant Scroll,"300,000"
7/29/2026,Paradise Orb,"1,990"
7/29/2026,Paradise Stone,"9,000"
7/29/2026,Party Revival Feather,"49,999"
7/29/2026,Passion Enchant Scroll,"2,696,969"
7/29/2026,Peaceful Enchant Scroll,"1,000,000"
7/29/2026,Perfect Eriu Crystal,"2,999,999"
7/29/2026,Perfect Legacy Shard,"2,000,000"
7/29/2026,Perfect Legendary Chunk,"1,333,800"
7/29/2026,Perfect Legendary Ore,"100,000"
7/29/2026,Perfect Succession Ore,"800,000"
7/29/2026,Perfect Uaithne Crystal,"2,989,000"
7/29/2026,Petrify Enchant Scroll,"2,320,000"
7/29/2026,Prairie Erg Crystal,"3,995"
7/29/2026,Praise Enchant Scroll,"30,000,000"
7/29/2026,Premium Enhancement Rune,"80,000,000"
7/29/2026,Prophetic Enchant Scroll,"2,222,222"
7/29/2026,Rage Erg Crystal,"19,995"
7/29/2026,Raging Enchant Scroll,"699,998"
7/29/2026,Red Kitty Necklace,"1,700,000"
7/29/2026,Red Moon Brooch,"5,000,000"
7/29/2026,Red Pigment (Apprentice),"12,100"
7/29/2026,Red Pigment (Beginner),"7,800"
7/29/2026,Red Pigment (Journeyman),"2,766"
7/29/2026,Red Pigment (Professional),"12,000"
7/29/2026,Reflection Enchant Scroll,"65,000,000"
7/29/2026,Regina's Feather: Feet Armor,"100,000"
7/29/2026,Regina's Feather: Grand Targe,"208,000"
7/29/2026,Regina's Feather: Leg Armor,"207,000"
7/29/2026,Regina's Feather: Weapon,"1,000,000"
7/29/2026,Resolved Enchant Scroll,"200,000"
7/29/2026,Revenge Enchant Scroll,"2,950,000"
7/29/2026,Robust Eriu Crystal,"2,314,391"
7/29/2026,Roots of Abundance,"74,444,444"
7/29/2026,Sacred Erg Crystal,"10,000"
7/29/2026,Salt Flower,650
7/29/2026,Scattered Essence Box,"5,000,000"
7/29/2026,Seal Belt,"50,000"
7/29/2026,Sealed Enchant Scroll,"4,500,000"
7/29/2026,Sealed Power: Fragments,"28,000"
7/29/2026,Semias' Essence,"4,500,000"
7/29/2026,Seraphic Feathers Brooch,"9,800,000"
7/29/2026,Ship Graveyard Power Crystal,"2,500"
7/29/2026,Shrewd Enchant Scroll,"2,400,000"
7/29/2026,Significant Enchant Scroll,"250,000"
7/29/2026,Silence Erg Crystal,"8,500"
7/29/2026,Silver Bracelet,"149,999"
7/29/2026,Silver Ore,988
7/29/2026,Smooth Eriu Crystal,"1,522,737"
7/29/2026,Smooth Legacy Shard,"1,000,000"
7/29/2026,Smooth Legendary Chunk,"175,950"
7/29/2026,Smooth Legendary Ore,"158,800"
7/29/2026,Smooth Legendary Shard,"215,000"
7/29/2026,Smooth Succession Ore,"400,000"
7/29/2026,Smooth Uaithne Crystal,"690,020"
7/29/2026,Solid Eriu Crystal,"601,830"
7/29/2026,Solid Legendary Chunk,"200,000"
7/29/2026,Solid Legendary Shard,"200,000"
7/29/2026,Solid Succession Ore,"700,000"
7/29/2026,Solid Uaithne Crystal,"790,000"
7/29/2026,Solitude Enchant Scroll,"14,000,000"
7/29/2026,Soul Enchant Scroll,"255,555"
7/29/2026,Space Time Enchant Scroll,"1,999,999"
7/29/2026,Sparkling Enchant Scroll,"6,969"
7/29/2026,Spinos' Essence,"8,400,000"
7/29/2026,Spirit Magic Powder,"13,111"
7/29/2026,Spirit Remnant,"1,000"
7/29/2026,Spirit Water,"3,634"
7/29/2026,Spirited Enchant Scroll,"200,000"
7/29/2026,Stable Eriu Crystal,"900,000"
7/29/2026,Stable Legacy Shard,"180,000"
7/29/2026,Stable Legendary Chunk,"222,800"
7/29/2026,Stable Legendary Ore,"190,000"
7/29/2026,Stable Succession Ore,"433,000"
7/29/2026,Stable Uaithne Crystal,"3,418,726"
7/29/2026,Star Fruit,650
7/29/2026,Starlight Belt,"70,000,000"
7/29/2026,Steeping Enchant Scroll,"42,000,000"
7/29/2026,Stern Enchant Scroll,"2,528,984"
7/29/2026,Stylish Enchant Scroll,"15,555,555"
7/29/2026,Subdued Enchant Scroll,"500,000"
7/29/2026,Superior Bracelet Diamond,"3,500,000"
7/29/2026,Superior Bracelet Emerald,"3,500,000"
7/29/2026,Superior Bracelet Ruby,"2,000,000"
7/29/2026,Superior Bracelet Sapphire,"2,600,000"
7/29/2026,Superior Cloth,"5,957"
7/29/2026,Superior Element Stone,"779,441"
7/29/2026,Superior Enhancement Elixir,"113,556"
7/29/2026,Superior HP Potion,"9,699"
7/29/2026,Superior Iron Ore,"6,995"
7/29/2026,Tarian Steel,"2,890,000"
7/29/2026,Tempestuous Enchant Scroll,"16,463,800"
7/29/2026,Terra Spirit Remnant,"3,500"
7/29/2026,The Dead Enchant Scroll,"350,000"
7/29/2026,The Watcher's Glowing Mysterious Cat Statue,"77,989,796"
7/29/2026,The Watcher's Glowing Succubus Fang,"77,500,000"
7/29/2026,The Watcher's Glowing War Goddess Statue,"77,000,000"
7/29/2026,The Watcher's Glowing Werewolf Paw,"125,999,999"
7/29/2026,The Watcher's Mysterious Cat Statue,"19,000,000"
7/29/2026,The Watcher's Rusty Mysterious Cat Statue,"3,200,000"
7/29/2026,The Watcher's Rusty Succubus Fang,"3,000,000"
7/29/2026,The Watcher's Rusty War Goddess Statue,"5,900,000"
7/29/2026,The Watcher's Rusty Werewolf Paw,"11,999,000"
7/29/2026,The Watcher's Succubus Fang,"27,000,000"
7/29/2026,The Watcher's War Goddess Statue,"28,797,894"
7/29/2026,The Watcher's Werewolf Paw,"50,000,000"
7/29/2026,Thick Additive (Apprentice),"15,555"
7/29/2026,Thick Additive (Beginner),"9,700"
7/29/2026,Thick Additive (Journeyman),"3,500"
7/29/2026,Thick Additive (Professional),"9,949"
7/29/2026,Tragic Enchant Scroll,"38,000,000"
7/29/2026,Transcendent Enchant Scroll,"12,900,000"
7/29/2026,Trial Enchant Scroll,"24,400,000"
7/29/2026,Tricky Enchant Scroll,"25,000"
7/29/2026,Truth Enchant Scroll,"50,000"
7/29/2026,Twilight Desert Source,"5,033"
7/29/2026,Twilight Erg Crystal,"4,000"
7/29/2026,Twisted Enchant Scroll,"10,000,000"
7/29/2026,Uaithne Advancement Stone: Chest Armor,"55,555,555"
7/29/2026,Uaithne Advancement Stone: Feet Armor,"55,555,555"
7/29/2026,Uaithne Advancement Stone: Hand Armor,"55,555,555"
7/29/2026,Uaithne Advancement Stone: Head Armor,"55,555,555"
7/29/2026,Uaithne Advancement Stone: Leg Armor,"55,555,555"
7/29/2026,Uaithne Advancement Stone: Weapon,"88,888,888"
7/29/2026,Uaithne Crystal,"17,500,000"
7/29/2026,Uaithne Fragment: Auxiliary Equipment,"780,000"
7/29/2026,Uaithne Fragment: Feet Armor,"2,700,000"
7/29/2026,Uaithne Fragment: Leg Armor,"2,399,000"
7/29/2026,Uaithne Fragment: The Cursed Belt,"10,405,000"
7/29/2026,Uaithne Fragment: The Sun's Wish,"8,000,000"
7/29/2026,Uaithne Fragment: Token of Silence,"10,000,800"
7/29/2026,Uaithne Remnant,"2,580"
7/29/2026,Unknowable Power: Fragments,"201,000"
7/29/2026,Unrelenting Eriu Crystal,"3,686,625"
7/29/2026,Unrelenting Uaithne Crystal,"710,000"
7/29/2026,Unstable Enhancement Rune,"7,400,000"
7/29/2026,Uscias' Essence,"5,000,000"
7/29/2026,Usurper's Rhod Compass,"10,000,000"
7/29/2026,Usurper's Rusty Rhod Compass,"4,444,444"
7/29/2026,Usurper's Shiny Rhod Compass,"18,000,000"
7/29/2026,Vehement Enchant Scroll,"399,000"
7/29/2026,Veiled Enchant Scroll,"19,000,000"
7/29/2026,Waking Stone: Breakoff DMG +8%,999
7/29/2026,Waking Stone: Cooldown (5 sec),"200,000"
7/29/2026,Waking Stone: Damage Boost (10%),"934,586"
7/29/2026,Waking Stone: Damage Boost (12%),"240,000,000"
7/29/2026,Waking Stone: Damage Boost (8%),400
7/29/2026,Waking Stone: Efficient SP (60),388
7/29/2026,Waking Stone: Efficient SP (70),"99,998"
7/29/2026,Waking Stone: Efficient SP (80),"10,000,000"
7/29/2026,Waking Stone: Efficient Stamina (4),300
7/29/2026,Waking Stone: Efficient Stamina (5),"38,995"
7/29/2026,Waking Stone: Major Cooldown (20 sec),"297,000"
7/29/2026,Wandering Enchant Scroll,"46,000,000"
7/29/2026,Warlord's Enchant Scroll,"25,000"
7/29/2026,Water Erg Crystal,"5,995"
7/29/2026,Wave Enchant Scroll,"37,000,000"
7/29/2026,Wish Enchant Scroll,"1,680,258"
7/29/2026,Withered Enchant Scroll,"30,000,000"
7/29/2026,Yellow Pigment (Apprentice),"4,999"
7/29/2026,Yellow Pigment (Beginner),"9,000"
7/29/2026,Yellow Pigment (Journeyman),"2,700"
7/29/2026,Yellow Pigment (Professional),"2,499"
7/29/2026,Yoke of Mortality,"115,000,000"
8/7/2026,Abomination's Essence: Large Shield,"180,000"
8/7/2026,Abyssal Shard Grade 2,"390,000"
8/7/2026,Abyssal Shard Grade 3,"1,111,717"
8/7/2026,Advance Enchant Scroll,"1,000,000"
8/7/2026,Advent Enchant Scroll,"14,431,526"
8/7/2026,Adversarial Enchant Scroll,"12,000,000"
8/7/2026,Amplified Enchant Scroll,"30,000,000"
8/7/2026,Ancient Elemental Accessory Shard,"13,575"
8/7/2026,Ancient Erg Crystal,"4,000"
8/7/2026,Ancient Spirit Magic Powder,"48,683"
8/7/2026,Ardor Enchant Scroll,"500,000"
8/7/2026,Ardri's Essence,"550,000"
8/7/2026,Ardri's Essence: Chest Armor,"1,199,999"
8/7/2026,Ardri's Essence: Feet Armor,"2,999,800"
8/7/2026,Ardri's Essence: Hand Armor,"2,900,000"
8/7/2026,Ardri's Essence: Head Armor,"1,199,997"
8/7/2026,Ardri's Essence: Leg Armor,"2,500,000"
8/7/2026,Ardri's Essence: Weapon,"1,199,999"
8/7/2026,Artisan's Refined Flask,"52,356"
8/7/2026,Artisan's Sturdy Flask,"396,000"
8/7/2026,Astera's Essence: Chest Armor,"1,800,000"
8/7/2026,Astera's Essence: Feet Armor,"2,999,800"
8/7/2026,Astera's Essence: Head Armor,"2,900,000"
8/7/2026,Astera's Essence: Leg Armor,"2,600,000"
8/7/2026,Astera's Essence: Weapon,"1,332,800"
8/7/2026,Berserker Enchant Scroll,"3,000,000"
8/7/2026,Blessed Magic Elixir,"45,500"
8/7/2026,Blessed Magic Powder,599
8/7/2026,Bloodlust Enchant Scroll,"3,999,999"
8/7/2026,Blue Kitty Brooch,"700,000"
8/7/2026,Blue Kitty Necklace,"300,000"
8/7/2026,Blue Pigment (Apprentice),"8,986"
8/7/2026,Blue Pigment (Beginner),"13,762"
8/7/2026,Blue Pigment (Jlourneyman),"19,700"
8/7/2026,Blue Pigment (Professional),"13,100"
8/7/2026,Bountiful Enchant Scroll,"27,000,000"
8/7/2026,Bracelet Diamond,"9,000"
8/7/2026,Bracelet Emerald,"4,000"
8/7/2026,Bracelet Ruby,"7,000"
8/7/2026,Bracelet Sapphire,800
8/7/2026,Braha's Essence: Chest Armor,"100,000"
8/7/2026,Bres's Moonlight Essence,"4,399,999"
8/7/2026,Bres's Shadow Essence,"4,500,000"
8/7/2026,Brilliant Kitty Necklace,"29,999,900"
8/7/2026,Brutal Enchant Scroll,"676,767"
8/7/2026,Calm Enchant Scroll,"100,500"
8/7/2026,Capture Enchant Scroll,"98,765"
8/7/2026,Cessair's Essence,"4,999,800"
8/7/2026,Character-Specific Hair Coupon,"54,000,000"
8/7/2026,Charging Enchant Scroll,"3,500,000"
8/7/2026,Chaser's Enchant Scroll,"800,000"
8/7/2026,Clash Enchant Scroll,"3,999,999"
8/7/2026,Clear Additive (Apprentice),"6,703"
8/7/2026,Clear Additive (Beginner),"6,716"
8/7/2026,Clear Additive (Journeyman),"2,880"
8/7/2026,Clear Additive (Professional),"1,800"
8/7/2026,Cloth,"2,000"
8/7/2026,Complete Bracelet Diamond,"8,967,676"
8/7/2026,Complete Bracelet Emerald,"5,500,000"
8/7/2026,Complete Bracelet Ruby,"3,300,000"
8/7/2026,Complete Bracelet Sapphire,"6,799,999"
8/7/2026,Concentrated Enchant Scroll,"4,000,000"
8/7/2026,Concerted Enchant Scroll,"950,000"
8/7/2026,Consume Enchant Scroll,"1,900,000"
8/7/2026,Conviction Enchant Scroll,"5,000"
8/7/2026,Cool Enchant Scroll,"600,000"
8/7/2026,Copper Bracelet,"30,000"
8/7/2026,Copper Ore,"1,500"
8/7/2026,Crescent Moon Island Power Crystal,"3,000"
8/7/2026,Cyclical Enchant Scroll,"11,777,777"
8/7/2026,Damascus Steel,"13,000"
8/7/2026,Dash Enchant Scroll,500
8/7/2026,Decisive Enchant Scroll,"300,000"
8/7/2026,Deific Devotion A Prophecy That Cannot Be Followed,"4,300,000"
8/7/2026,Deific Devotion Forest of Abundance,"4,444,440"
8/7/2026,Deific Devotion Golden Tree Hill,"9,999,999"
8/7/2026,Deific Devotion Grave of Swords,"6,666,666"
8/7/2026,Deific Devotion The One Who Protects the Altar,"18,576,550"
8/7/2026,Deific Devotion Unjust Cathedral,"4,599,999"
8/7/2026,Deific Devotion Where Earth Meets Sky,"4,100,000"
8/7/2026,Destructive Enchant Scroll,"900,000"
8/7/2026,Diamond Enchant Scroll,"100,000"
8/7/2026,Dignified Enchant Scroll,"25,000,000"
8/7/2026,Dominance Enchant Scroll,"20,000"
8/7/2026,Dullahan's Essence: Chest Armor,"555,800"
8/7/2026,Dullahan's Essence: Grand Targe,"555,800"
8/7/2026,Dullahan's Essence: Hand Armor,"1,333,800"
8/7/2026,Dullahan's Essence: Large Shield,"100,000"
8/7/2026,Dullahan's Essence: Leg Armor,"555,800"
8/7/2026,Dullahan's Essence: Shield,"555,800"
8/7/2026,Element Shard,"1,027"
8/7/2026,Element Stone,"75,082"
8/7/2026,Element Stone Catalyst,"16,433"
8/7/2026,Elemental Accessory Shard,"3,135"
8/7/2026,Elemental Cloth Bundle,"7,000"
8/7/2026,Elemental Weapon Shard,"2,498"
8/7/2026,Emmett's Essence,"3,999,999"
8/7/2026,Empowered Stone,"2,845"
8/7/2026,Emptiness Erg Crystal,"4,990"
8/7/2026,Enchant Scroll Scrap: Advance,"800,000"
8/7/2026,Enchant Scroll Scrap: Advent,"9,000,000"
8/7/2026,Enchant Scroll Scrap: Adversarial,"8,571,783"
8/7/2026,Enchant Scroll Scrap: Ancient,"4,000,000"
8/7/2026,Enchant Scroll Scrap: Bountiful,"20,969,696"
8/7/2026,Enchant Scroll Scrap: Brutal,"1,060,000"
8/7/2026,Enchant Scroll Scrap: Charge,"2,700,000"
8/7/2026,Enchant Scroll Scrap: Chaser's,"790,000"
8/7/2026,Enchant Scroll Scrap: Clash,"4,950,000"
8/7/2026,Enchant Scroll Scrap: Concentrated,"3,999,100"
8/7/2026,Enchant Scroll Scrap: Consume,"1,500,000"
8/7/2026,Enchant Scroll Scrap: Cool,"499,999"
8/7/2026,Enchant Scroll Scrap: Cyclical,"7,000,000"
8/7/2026,Enchant Scroll Scrap: Destructive,"999,999"
8/7/2026,Enchant Scroll Scrap: Dignified,"2,000,000"
8/7/2026,Enchant Scroll Scrap: Enmity,"2,000,000"
8/7/2026,Enchant Scroll Scrap: Escalating,"14,999,999"
8/7/2026,Enchant Scroll Scrap: Eternal,"12,750,000"
8/7/2026,Enchant Scroll Scrap: Executing,"39,999,999"
8/7/2026,Enchant Scroll Scrap: Fading,"2,111,100"
8/7/2026,Enchant Scroll Scrap: Lament,"2,400,000"
8/7/2026,Enchant Scroll Scrap: Madness,"3,000,000"
8/7/2026,Enchant Scroll Scrap: Mystic,"42,999,999"
8/7/2026,Enchant Scroll Scrap: Petrify,"1,999,100"
8/7/2026,Enchant Scroll Scrap: Praise,"21,999,999"
8/7/2026,Enchant Scroll Scrap: Prophetic,"3,500,000"
8/7/2026,Enchant Scroll Scrap: Raging,"600,000"
8/7/2026,Enchant Scroll Scrap: Reflection,"18,700,000"
8/7/2026,Enchant Scroll Scrap: Revenge,"2,999,999"
8/7/2026,Enchant Scroll Scrap: Sealed,"5,555,555"
8/7/2026,Enchant Scroll Scrap: Shrewd,"3,333,100"
8/7/2026,Enchant Scroll Scrap: Solitude,"9,753,213"
8/7/2026,Enchant Scroll Scrap: Sorrowful,"2,400,000"
8/7/2026,Enchant Scroll Scrap: Space Time,"10,000"
8/7/2026,Enchant Scroll Scrap: Steeping,"26,000,000"
8/7/2026,Enchant Scroll Scrap: Stern,"6,666,666"
8/7/2026,Enchant Scroll Scrap: Stylish,"10,000,000"
8/7/2026,Enchant Scroll Scrap: Subdued,"4,444,444"
8/7/2026,Enchant Scroll Scrap: Tempestuous,"12,000,000"
8/7/2026,Enchant Scroll Scrap: Tragic,"22,989,898"
8/7/2026,Enchant Scroll Scrap: Transcendent,"8,800,000"
8/7/2026,Enchant Scroll Scrap: Trial,"15,000,000"
8/7/2026,Enchant Scroll Scrap: Vehement,"1,000,000"
8/7/2026,Enchant Scroll Scrap: Veiled,"16,000,000"
8/7/2026,Enchant Scroll Scrap: Victorious,"6,700,000"
8/7/2026,Enchant Scroll Scrap: Wandering,"22,000,000"
8/7/2026,Enchant Scroll Scrap: Wave,"19,000,100"
8/7/2026,Enchant Scroll Scrap: Weeping,"5,555,555"
8/7/2026,Enchant Scroll Scrap: Withered,"14,888,888"
8/7/2026,Enhanced New Era Cloth,"53,912"
8/7/2026,Enhanced New Era Leather,"42,881"
8/7/2026,Enhanced New Era Orb,"29,999"
8/7/2026,Enhanced New Era Ore,"57,515"
8/7/2026,Enmity Enchant Scroll,"2,000,000"
8/7/2026,Enthusiastic Enchant Scroll,"290,000"
8/7/2026,Eriu Advancement Stone: Head Armor,"66,666,666"
8/7/2026,Eriu Advancement Stone: Leg Armor,"66,666,666"
8/7/2026,Eriu Advancement Stone: Weapon,"40,000,000"
8/7/2026,Eriu Book,"74,444,444"
8/7/2026,Eriu Fragment: Auxiliary Equipment,"11,550,000"
8/7/2026,Eriu Fragment: Chest Armor,"2,280,000"
8/7/2026,Eriu Fragment: Hand Armor,"5,051,791"
8/7/2026,Eriu Fragment: Head Armor,"2,025,602"
8/7/2026,Eriu Fragment: Leg Armor,"2,543,211"
8/7/2026,Eriu Fragment: Roots of Abundance,"9,000,000"
8/7/2026,Eriu Fragment: Starlight Belt,"13,995,000"
8/7/2026,Eriu Fragment: Weapon,"2,200,000"
8/7/2026,Eriu Fragment: Yoke of Mortality,"7,999,999"
8/7/2026,Escalating Enchant Scroll,"28,000,000"
8/7/2026,Esras' Essence,"12,300,000"
8/7/2026,Eternal Legacy,"2,999,800"
8/7/2026,Eternity Erg Crystal,"20,000"
8/7/2026,Executing Enchant Scroll,"68,893,000"
8/7/2026,Exquisite Cloth,"2,000"
8/7/2026,Exquisite HP Potion,"17,999"
8/7/2026,Exquisite Iron Ore,179
8/7/2026,Fading Enchant Scroll,"1,000,000"
8/7/2026,Fallen One's Rhod Compass,"65,000,000"
8/7/2026,Fallen One's Rusty Rhod Compass,"30,000,000"
8/7/2026,Fallen One's Shiny Rhod Compass,"119,000,000"
8/7/2026,Fast Enchant Scroll,"8,888,888"
8/7/2026,Fate Enchant Scroll,"415,555,555"
8/7/2026,Fighting Belt,"9,778,225"
8/7/2026,Fighting Spirit Enchant Scroll,"20,000,000"
8/7/2026,Fine Bracelet Diamond,"86,800"
8/7/2026,Fine Bracelet Emerald,"90,000"
8/7/2026,Fine Bracelet Ruby,"79,151"
8/7/2026,Fine Bracelet Sapphire,"45,025"
8/7/2026,Fine Cloth,800
8/7/2026,Fine Fobellow Tin,"5,549"
8/7/2026,Fine HP Potion,"1,100"
8/7/2026,Fine Iron Ore,"15,000"
8/7/2026,Fire Spirit Remnant,"2,000"
8/7/2026,Flask of Niflheim,"2,200,000"
8/7/2026,Force Enchant Scroll,"94,500"
8/7/2026,Forgotten Enchant Scroll,"5,000,000"
8/7/2026,Fragrant Additive (Apprentice),"26,900"
8/7/2026,Fragrant Additive (Beginner),"6,300"
8/7/2026,Fragrant Additive (Journeyman),"13,200"
8/7/2026,Fragrant Additive (Professional),"9,169"
8/7/2026,Frenzy Enchant Scroll,"1,600,000"
8/7/2026,Godly Cloth,"6,900"
8/7/2026,Godly Iron Ore,399
8/7/2026,Goibhniu's Enhancement Stone,"2,000,000"
8/7/2026,Goibhniu's Stone+,"5,556,999"
8/7/2026,Gold Bracelet,"21,000,000"
8/7/2026,Gold Ore,"1,890"
8/7/2026,Gorbas' Essence,"13,899,999"
8/7/2026,Gray Twilight Brooch,"24,000,000"
8/7/2026,Greater Bronze Lion Statue,"700,000"
8/7/2026,Greater Mysterious Cat Statue,"777,770"
8/7/2026,Greater Succubus Fang,"700,000"
8/7/2026,Greater Werewolf Paw,"2,999,999"
8/7/2026,Grinding Enchant Scroll,"500,000"
8/7/2026,Heartless Enchant Scroll,"100,000"
8/7/2026,Heavenly Leather,"8,000"
8/7/2026,Hoarfrost Hollow Erg Crystal,"4,509"
8/7/2026,Hollow Enchant Scroll,"36,666,666"
8/7/2026,Immoral Enchant Scroll,"50,000"
8/7/2026,Impaling Enchant Scroll,"599,999"
8/7/2026,Indomitable Enchant Scroll,"9,000,000"
8/7/2026,Infinite Enchant Scroll,"1,000,000"
8/7/2026,Inherited Power: Fragments,"9,988"
8/7/2026,Instant Enchant Scroll,"21,000,000"
8/7/2026,Intermediate Element Stone,"299,000"
8/7/2026,Irate Enchant Scroll,"4,000,000"
8/7/2026,Iron Ore,"15,000"
8/7/2026,Jardin Steel,"27,000"
8/7/2026,Jarnir's Essence,"4,400,000"
8/7/2026,Keen Eriu Crystal,"800,000"
8/7/2026,Keen Legacy Shard,"399,999"
8/7/2026,Keen Legendary Ore,"1,999,800"
8/7/2026,Keen Succession Ore,"800,000"
8/7/2026,Keen Uaithne Crystal,"1,800,000"
8/7/2026,Kitty Brooch,"30,000"
8/7/2026,Lambent Powder,"3,333"
8/7/2026,Lament Enchant Scroll,"2,900,000"
8/7/2026,Life Erg Crystal,"7,000"
8/7/2026,Life Spirit Remnant,"18,000"
8/7/2026,Light Erg Crystal,"4,800"
8/7/2026,Lightweight Eriu Crystal,"805,000"
8/7/2026,Lightweight Legendary Chunk,"1,333,800"
8/7/2026,Lightweight Legendary Ore,"950,000"
8/7/2026,Lightweight Legendary Shard,"1,000,000"
8/7/2026,Lightweight Succession Ore,"940,000"
8/7/2026,Lightweight Succession Shard,"1,987,654"
8/7/2026,Lightweight Uaithne Crystal,"3,080,027"
8/7/2026,Lord's Glowing Obsidian Bracelet,"533,333,333"
8/7/2026,Lord's Obsidian Bracelet,"409,000,000"
8/7/2026,Lord's Rusty Obsidian Bracelet,"325,000,000"
8/7/2026,Lucian's Essence,"4,500,000"
8/7/2026,Madness Enchant Scroll,"2,222,222"
8/7/2026,Maelstrom Enchant Scroll,"300,000"
8/7/2026,Magic Elixir,"60,000"
8/7/2026,Magic Elixir of Life,"7,559"
8/7/2026,Magic Powder,"10,222"
8/7/2026,Magic Stone,"1,661"
8/7/2026,Mana Dust,"8,799"
8/7/2026,Mana Reformer,"2,000"
8/7/2026,Meaningful Enchant Scroll,"1,900,000"
8/7/2026,Milletian's Essence: Chest Armor,"1,234,567"
8/7/2026,Milletian's Essence: Feet Armor,"2,999,980"
8/7/2026,Milletian's Essence: Leg Armor,"1,122,800"
8/7/2026,Milo's Essence,"1,800,000"
8/7/2026,Misty Summit Source,"10,000"
8/7/2026,Morgant's Essence,"4,100,000"
8/7/2026,Mysterious Shard Grade 1,"88,888"
8/7/2026,Mysterious Shard Grade 2,"188,888"
8/7/2026,Mysterious Shard Grade 3,"1,170,000"
8/7/2026,Mystic Enchant Scroll,"69,000,000"
8/7/2026,New Era Cloth,"22,677"
8/7/2026,New Era Leather,"19,540"
8/7/2026,New Era Orb,"1,848"
8/7/2026,New Era Ore,"4,000"
8/7/2026,New Era Stone,"6,128"
8/7/2026,Obsidian Kitty Necklace,"111,000,000"
8/7/2026,Orb,"8,234"
8/7/2026,Orna's Essence,"1,299,999"
8/7/2026,Orna's Essence: Chest Armor,"1,999,990"
8/7/2026,Orna's Essence: Feet Armor,"1,996,749"
8/7/2026,Orna's Essence: Hand Armor,"1,448,999"
8/7/2026,Orna's Essence: Head Armor,"1,300,000"
8/7/2026,Orna's Essence: Leg Armor,"1,300,000"
8/7/2026,Orna's Essence: Weapon,"1,100,000"
8/7/2026,Paradise Orb,"1,999"
8/7/2026,Paradise Stone,"5,000"
8/7/2026,Passion Enchant Scroll,"1,000,000"
8/7/2026,Peaceful Enchant Scroll,"666,666"
8/7/2026,Perfect Eriu Crystal,"2,200,000"
8/7/2026,Perfect Legacy Shard,"888,800"
8/7/2026,Perfect Legendary Chunk,"1,333,800"
8/7/2026,Perfect Succession Ore,"640,000"
8/7/2026,Perfect Succession Shard,"1,000,000"
8/7/2026,Perfect Uaithne Crystal,"3,400,000"
8/7/2026,Petrify Enchant Scroll,"1,800,000"
8/7/2026,Prairie Erg Crystal,"5,000"
8/7/2026,Praise Enchant Scroll,"38,000,000"
8/7/2026,Prophetic Enchant Scroll,"3,999,500"
8/7/2026,Rage Erg Crystal,"12,000"
8/7/2026,Raging Enchant Scroll,"755,554"
8/7/2026,Red Kitty Necklace,"1,500,000"
8/7/2026,Red Moon Brooch,"3,999,999"
8/7/2026,Red Pigment (Apprentice),"19,000"
8/7/2026,Red Pigment (Beginner),"9,200"
8/7/2026,Red Pigment (Journeyman),"19,400"
8/7/2026,Red Pigment (Professional),"13,100"
8/7/2026,Reflection Enchant Scroll,"29,986,329"
8/7/2026,Regina's Feather: Grand Targe,"75,000"
8/7/2026,Regina's Feather: Head Armor,"50,000"
8/7/2026,Regina's Feather: Large Shield,"555,800"
8/7/2026,Resolved Enchant Scroll,"250,000"
8/7/2026,Revenge Enchant Scroll,"5,444,333"
8/7/2026,Robust Eriu Crystal,"2,900,000"
8/7/2026,Robust Uaithne Crystal,"800,000"
8/7/2026,Roots of Abundance,"74,444,444"
8/7/2026,Ruins Erg Crystal,"4,600"
8/7/2026,Sacred Erg Crystal,"5,587"
8/7/2026,Salt Flower,"6,500"
8/7/2026,Sanctuary Earrings,"14,520,002"
8/7/2026,Sealed Power: Fragments,"29,300"
8/7/2026,Semias' Essence,"4,401,765"
8/7/2026,Sentinel Enchant Scroll,"100,000"
8/7/2026,Seraphic Feathers Brooch,"9,499,900"
8/7/2026,Ship Graveyard Power Crystal,"2,000"
8/7/2026,Shrewd Enchant Scroll,"3,500,000"
8/7/2026,Shrouded Moonlight,"56,789,012"
8/7/2026,Significant Enchant Scroll,"50,000"
8/7/2026,Silence Erg Crystal,"7,990"
8/7/2026,Silver Bracelet,"100,000"
8/7/2026,Silver Ore,500
8/7/2026,Smooth Eriu Crystal,"1,141,000"
8/7/2026,Smooth Legacy Shard,"450,000"
8/7/2026,Smooth Legendary Chunk,"1,675,000"
8/7/2026,Smooth Legendary Ore,"398,000"
8/7/2026,Smooth Legendary Shard,"100,000"
8/7/2026,Smooth Succession Ore,"980,571"
8/7/2026,Smooth Succession Shard,"999,800"
8/7/2026,Smooth Uaithne Crystal,"680,000"
8/7/2026,Solid Eriu Crystal,"830,898"
8/7/2026,Solid Legacy Shard,"1,332,800"
8/7/2026,Solid Legendary Chunk,"400,000"
8/7/2026,Solid Legendary Ore,"200,000"
8/7/2026,Solid Legendary Shard,"2,000,000"
8/7/2026,Solid Succession Ore,"694,244"
8/7/2026,Solid Succession Shard,"2,500,000"
8/7/2026,Solid Uaithne Crystal,"777,770"
8/7/2026,Solitude Enchant Scroll,"13,000,000"
8/7/2026,Sorrowful Enchant Scroll,"953,295"
8/7/2026,Soul Enchant Scroll,"100,000"
8/7/2026,Space Time Enchant Scroll,"40,000"
8/7/2026,Sparkling Enchant Scroll,"100,000"
8/7/2026,Special Dungeon: Enchant Pouch,"10,500,000"
8/7/2026,Spinos' Essence,"6,600,000"
8/7/2026,Spirit Magic Powder,"10,381"
8/7/2026,Spirit Remnant,"1,200"
8/7/2026,Spirit Water,"3,630"
8/7/2026,Stable Eriu Crystal,"1,093,000"
8/7/2026,Stable Legendary Ore,"1,000,000"
8/7/2026,Stable Succession Ore,"750,000"
8/7/2026,Stable Uaithne Crystal,"3,100,000"
8/7/2026,Star Fruit,"33,650"
8/7/2026,Starlight Belt,"99,999,999"
8/7/2026,Steeping Enchant Scroll,"39,000,000"
8/7/2026,Stern Enchant Scroll,"6,969,696"
8/7/2026,Stylish Enchant Scroll,"11,999,000"
8/7/2026,Superior Bracelet Diamond,"5,500,000"
8/7/2026,Superior Bracelet Emerald,"3,450,000"
8/7/2026,Superior Bracelet Ruby,"8,300,000"
8/7/2026,Superior Bracelet Sapphire,"2,222,222"
8/7/2026,Superior Cloth,"2,995"
8/7/2026,Superior Element Stone,"829,999"
8/7/2026,Superior Enhancement Elixir,"106,324"
8/7/2026,Superior HP Potion,"7,777"
8/7/2026,Superior Iron Ore,"66,520"
8/7/2026,Tarian Steel,"2,727,200"
8/7/2026,Tempestuous Enchant Scroll,"12,222,222"
8/7/2026,Terminus Sentinel Essence: Chest Armor,"1,000,000"
8/7/2026,Terra Spirit Remnant,"1,699"
8/7/2026,The Book of Orna,"20,000,000"
8/7/2026,The Dead Enchant Scroll,"87,878"
8/7/2026,The Watcher's Glowing Mysterious Cat Statue,"79,000,000"
8/7/2026,The Watcher's Glowing War Goddess Statue,"75,000,000"
8/7/2026,The Watcher's Glowing Werewolf Paw,"109,003,000"
8/7/2026,The Watcher's Mysterious Cat Statue,"17,777,776"
8/7/2026,The Watcher's Rusty Mysterious Cat Statue,"3,999,999"
8/7/2026,The Watcher's Rusty Succubus Fang,"6,900,000"
8/7/2026,The Watcher's Rusty War Goddess Statue,"4,499,000"
8/7/2026,The Watcher's Rusty Werewolf Paw,"8,000,000"
8/7/2026,The Watcher's Succubus Fang,"24,597,895"
8/7/2026,The Watcher's War Goddess Statue,"20,000,000"
8/7/2026,The Watcher's Werewolf Paw,"38,000,000"
8/7/2026,Thick Additive (Apprentice),"9,500"
8/7/2026,Thick Additive (Beginner),"6,400"
8/7/2026,Thick Additive (Journeyman),"34,900"
8/7/2026,Thick Additive (Professional),"8,700"
8/7/2026,Token of Quiet,"140,000,000"
8/7/2026,Token of Silence,"100,000,000"
8/7/2026,Tragic Enchant Scroll,"32,200,500"
8/7/2026,Transcendent Enchant Scroll,"13,000,000"
8/7/2026,Trial Enchant Scroll,"28,500,000"
8/7/2026,Truth Enchant Scroll,"1,000,000"
8/7/2026,Twilight Desert Source,"4,000"
8/7/2026,Twilight Erg Crystal,"3,999"
8/7/2026,Uaithne Advancement Stone: Chest Armor,"55,555,555"
8/7/2026,Uaithne Advancement Stone: Feet Armor,"55,555,555"
8/7/2026,Uaithne Advancement Stone: Hand Armor,"55,555,555"
8/7/2026,Uaithne Advancement Stone: Head Armor,"55,555,555"
8/7/2026,Uaithne Advancement Stone: Leg Armor,"55,555,555"
8/7/2026,Uaithne Advancement Stone: Weapon,"88,888,888"
8/7/2026,Uaithne Crystal,"16,999,000"
8/7/2026,Uaithne Fragment: Auxiliary Equipment,"1,999,999"
8/7/2026,Uaithne Fragment: Chest Armor,"3,222,222"
8/7/2026,Uaithne Fragment: Feet Armor,"2,750,000"
8/7/2026,Uaithne Fragment: Hand Armor,"3,690,000"
8/7/2026,Uaithne Fragment: Head Armor,"4,121,376"
8/7/2026,Uaithne Fragment: Leg Armor,"2,180,000"
8/7/2026,Uaithne Fragment: The Cursed Belt,"9,999,999"
8/7/2026,Uaithne Fragment: The Sun's Wish,"8,000,000"
8/7/2026,Uaithne Fragment: Token of Quiet,"9,000,000"
8/7/2026,Uaithne Fragment: Token of Silence,"7,400,000"
8/7/2026,Uaithne Fragment: Weapon,"3,390,000"
8/7/2026,Uaithne Remnant,"2,491"
8/7/2026,Unknowable Power: Fragments,"165,000"
8/7/2026,Unrelenting Eriu Crystal,"3,200,000"
8/7/2026,Unrelenting Uaithne Crystal,"820,000"
8/7/2026,Unstable Enhancement Rune,"6,650,000"
8/7/2026,Uscias' Essence,"4,074,043"
8/7/2026,Usurper's Rhod Compass,"9,950,000"
8/7/2026,Usurper's Rusty Rhod Compass,"5,000,000"
8/7/2026,Usurper's Shiny Rhod Compass,"17,000,000"
8/7/2026,Valor Enchant Scroll,"3,999,999"
8/7/2026,Vehement Enchant Scroll,"800,000"
8/7/2026,Veiled Enchant Scroll,"24,999,999"
8/7/2026,Victorious Enchant Scroll,"5,500,000"
8/7/2026,Waking Stone: Breakoff DMG +8%,"80,000"
8/7/2026,Waking Stone: Cooldown (5 sec),"100,000"
8/7/2026,Waking Stone: Damage Boost (10%),"999,999"
8/7/2026,Waking Stone: Damage Boost (12%),"190,000,000"
8/7/2026,Waking Stone: Damage Boost (8%),800
8/7/2026,Waking Stone: Efficient SP (60),800
8/7/2026,Waking Stone: Efficient SP (70),"222,221"
8/7/2026,Waking Stone: Efficient SP (80),"150,000,000"
8/7/2026,Waking Stone: Efficient Stamina (5),"30,000"
8/7/2026,Waking Stone: Efficient Stamina (6),"15,000,000"
8/7/2026,Waking Stone: Major Cooldown (20 sec),300
8/7/2026,Waking Stone: Major Cooldown (22 sec),"39,995"
8/7/2026,Wandering Enchant Scroll,"31,000,000"
8/7/2026,Warlord's Enchant Scroll,"13,900"
8/7/2026,Water Erg Crystal,"16,800"
8/7/2026,Wave Enchant Scroll,"28,495,000"
8/7/2026,Weeping Enchant Scroll,"100,000"
8/7/2026,Well-Balanced Enchant Scroll,"4,444,444"
8/7/2026,White Kitty Brooch,"148,888"
8/7/2026,White Kitty Necklace,"388,888"
8/7/2026,Withered Enchant Scroll,"19,200,000"
8/7/2026,Yellow Pigment (Apprentice),"6,522"
8/7/2026,Yellow Pigment (Beginner),"5,125"
8/7/2026,Yellow Pigment (Journeyman),"25,950"
8/7/2026,Yellow Pigment (Professional),"4,321"
8/7/2026,Yoke of Mortality,"111,111,111"
8/7/2026,Abyssal Shard Grade 2,"396,701"
8/7/2026,Abyssal Shard Grade 3,"999,999"
8/7/2026,Advance Enchant Scroll,"2,000,000"
8/7/2026,Advent Enchant Scroll,"13,031,526"
8/7/2026,Adversarial Enchant Scroll,"10,300,000"
8/7/2026,Airtight Exquisite Enchant Rune,"117,999,000"
8/7/2026,Airtight Extraction Rune 1x,"54,420,420"
8/7/2026,Amplified Enchant Scroll,"20,000,000"
8/7/2026,Ancient Element Shard,"39,999"
8/7/2026,Ancient Elemental Accessory Shard,"10,000"
8/7/2026,Ancient Elemental Cloth Bundle,"5,703"
8/7/2026,Ancient Elemental Weapon Shard,"6,844"
8/7/2026,Ancient Enchant Scroll,"5,000,000"
8/7/2026,Ancient Erg Crystal,"17,999"
8/7/2026,Ancient Spirit Magic Powder,"45,000"
8/7/2026,Ardri's Essence,"500,000"
8/7/2026,Ardri's Essence: Leg Armor,"2,900,000"
8/7/2026,Ardri's Essence: Weapon,"1,199,998"
8/7/2026,Armorsmithing Outfit Recipe Scroll: Black Hammer Armor (Female),"9,999,999"
8/7/2026,Armorsmithing Outfit Recipe Scroll: Braha Armor (Male),"399,999"
8/7/2026,Armorsmithing Outfit Recipe Scroll: Champion Armor (Female),"3,749,999"
8/7/2026,Armorsmithing Outfit Recipe Scroll: Champion Armor (Male),"999,999"
8/7/2026,Armorsmithing Outfit Recipe Scroll: Ingkells's Armor (Female),"500,000"
8/7/2026,Armorsmithing Outfit Recipe Scroll: Ingkells's Armor (Male),"1,000,000"
8/7/2026,Armorsmithing Outfit Recipe Scroll: Milletian Armor (Female),"1,900,000"
8/7/2026,Armorsmithing Outfit Recipe Scroll: Milletian Armor (Male),"500,000"
8/7/2026,Armorsmithing Outfit Recipe Scroll: Orna Armor (Female),"2,800,000"
8/7/2026,Armorsmithing Outfit Recipe Scroll: Orna Armor (Male),"2,000,000"
8/7/2026,Armorsmithing Outfit Recipe Scroll: Passionate Debueruke (Male),"25,000,000"
8/7/2026,Armorsmithing Outfit Recipe Scroll: Terminus Sentinel Armor (Female),"3,999,800"
8/7/2026,Armorsmithing Outfit Recipe Scroll: Terminus Sentinel Armor (Male),"3,500,000"
8/7/2026,Armorsmithing Recipe Scroll: Eriu Chest Armor,"4,999,800"
8/7/2026,Armorsmithing Recipe Scroll: Eriu Hand Armor,"15,000,000"
8/7/2026,Armorsmithing Recipe Scroll: Eriu Head Armor,"4,999,999"
8/7/2026,Armorsmithing Recipe Scroll: Eriu Leg Armor,"10,000,000"
8/7/2026,Armorsmithing Recipe Scroll: Eriu Shields Grand Targe,"4,000,000"
8/7/2026,Artisan's Sturdy Flask,"375,000"
8/7/2026,Astera's Essence: Weapon,"1,000,000"
8/7/2026,Berserker Enchant Scroll,"2,500,000"
8/7/2026,Blessed Magic Elixir,"45,000"
8/7/2026,Blessed Magic Powder,495
8/7/2026,Blue Kitty Brooch,"600,000"
8/7/2026,Blue Pigment (Beginner),"30,787"
8/7/2026,Blue Pigment (Jlourneyman),"10,000"
8/7/2026,Blue Pigment (Professional),"12,000"
8/7/2026,Bountiful Enchant Scroll,"32,000,000"
8/7/2026,Bracelet Diamond,500
8/7/2026,Bracelet Emerald,500
8/7/2026,Bracelet Ruby,500
8/7/2026,Bracelet Sapphire,500
8/7/2026,Bres's Moonlight Essence,"4,399,880"
8/7/2026,Brilliant Kitty Necklace,"29,000,000"
8/7/2026,Brutal Enchant Scroll,"499,999"
8/7/2026,Capture Enchant Scroll,"499,999"
8/7/2026,Character-Specific Hair Coupon,"50,000,000"
8/7/2026,Charging Enchant Scroll,"2,500,000"
8/7/2026,Chaser's Enchant Scroll,"25,000,000"
8/7/2026,Clash Enchant Scroll,"4,000,000"
8/7/2026,Clear Additive (Apprentice),"3,500"
8/7/2026,Clear Additive (Beginner),"17,701"
8/7/2026,Clear Additive (Journeyman),"1,800"
8/7/2026,Clear Additive (Professional),"5,000"
8/7/2026,Complete Bracelet Diamond,"9,598,000"
8/7/2026,Complete Bracelet Emerald,"11,003,500"
8/7/2026,Complete Bracelet Ruby,"3,350,000"
8/7/2026,Complete Bracelet Sapphire,"4,000,000"
8/7/2026,Concerted Enchant Scroll,"700,000"
8/7/2026,Consume Enchant Scroll,"4,000,000"
8/7/2026,Conviction Enchant Scroll,"1,000,000"
8/7/2026,Cool Enchant Scroll,"398,765"
8/7/2026,Copper Bracelet,"29,000"
8/7/2026,Copper Ore,"3,548"
8/7/2026,Crescent Moon Island Power Crystal,"2,900"
8/7/2026,Cyclical Enchant Scroll,"11,500,000"
8/7/2026,Damascus Steel,"10,000"
8/7/2026,Deific Devotion A Prophecy That Cannot Be Followed,"3,999,999"
8/7/2026,Deific Devotion Forest of Abundance,"4,444,000"
8/7/2026,Deific Devotion Golden Tree Hill,"8,999,900"
8/7/2026,Deific Devotion Unjust Cathedral,"4,500,000"
8/7/2026,Deific Devotion Where Earth Meets Sky,"4,988,293"
8/7/2026,Destructive Enchant Scroll,"999,999"
8/7/2026,Dignified Enchant Scroll,"3,500,000"
8/7/2026,Divine Punishment Enchant Scroll,"450,000"
8/7/2026,Dullahan's Essence,"500,000"
8/7/2026,Dullahan's Essence: Head Armor,"400,000"
8/7/2026,Element Shard,"1,020"
8/7/2026,Element Stone,"44,444"
8/7/2026,Elemental Accessory Shard,"9,999"
8/7/2026,Elemental Armor Shard,"2,336"
8/7/2026,Elemental Cloth Bundle,"6,500"
8/7/2026,Elemental Weapon Shard,"2,497"
8/7/2026,Emmett's Essence,"4,444,444"
8/7/2026,Emptiness Erg Crystal,"4,895"
8/7/2026,Enchant Scroll Scrap: Advance,"799,999"
8/7/2026,Enchant Scroll Scrap: Advent,"9,999,999"
8/7/2026,Enchant Scroll Scrap: Adversarial,"8,889,999"
8/7/2026,Enchant Scroll Scrap: Amplified,"10,000,000"
8/7/2026,Enchant Scroll Scrap: Bountiful,"20,496,969"
8/7/2026,Enchant Scroll Scrap: Charge,"3,000,000"
8/7/2026,Enchant Scroll Scrap: Chaser's,"1,816,820"
8/7/2026,Enchant Scroll Scrap: Clash,"4,400,000"
8/7/2026,Enchant Scroll Scrap: Cool,"499,998"
8/7/2026,Enchant Scroll Scrap: Cyclical,"10,000,000"
8/7/2026,Enchant Scroll Scrap: Eternal,"14,999,999"
8/7/2026,Enchant Scroll Scrap: Fading,"2,000,000"
8/7/2026,Enchant Scroll Scrap: Fate,"129,454,545"
8/7/2026,Enchant Scroll Scrap: Forgotten,"5,999,999"
8/7/2026,Enchant Scroll Scrap: Heartless,"50,000"
8/7/2026,Enchant Scroll Scrap: Hollow,"20,000,000"
8/7/2026,Enchant Scroll Scrap: Impaling,"800,000"
8/7/2026,Enchant Scroll Scrap: Instant,"13,999,999"
8/7/2026,Enchant Scroll Scrap: Irate,"5,900,699"
8/7/2026,Enchant Scroll Scrap: Mystic,"40,000,000"
8/7/2026,Enchant Scroll Scrap: Praise,"21,900,000"
8/7/2026,Enchant Scroll Scrap: Reflection,"21,711,096"
8/7/2026,Enchant Scroll Scrap: Revenge,"2,666,666"
8/7/2026,Enchant Scroll Scrap: Shrewd,"3,500,000"
8/7/2026,Enchant Scroll Scrap: Sorrowful,"2,000,000"
8/7/2026,Enchant Scroll Scrap: Space Time,"1,000,000"
8/7/2026,Enchant Scroll Scrap: Steeping,"25,000,000"
8/7/2026,Enchant Scroll Scrap: Stern,"6,000,000"
8/7/2026,Enchant Scroll Scrap: Stylish,"10,500,000"
8/7/2026,Enchant Scroll Scrap: Tempestuous,"9,999,999"
8/7/2026,Enchant Scroll Scrap: Tragic,"18,666,666"
8/7/2026,Enchant Scroll Scrap: Transcendent,"11,400,000"
8/7/2026,Enchant Scroll Scrap: Trial,"24,999,999"
8/7/2026,Enchant Scroll Scrap: Wandering,"20,491,808"
8/7/2026,Enchant Scroll Scrap: Withered,"14,444,444"
8/7/2026,Enhanced New Era Cloth,"66,000"
8/7/2026,Enhanced New Era Leather,"34,000"
8/7/2026,Enhanced New Era Orb,"58,887"
8/7/2026,Enhanced New Era Ore,"62,594"
8/7/2026,Enmity Enchant Scroll,"1,500,000"
8/7/2026,Enthusiastic Enchant Scroll,"250,000"
8/7/2026,Eriu Fragment: Auxiliary Equipment,"10,975,000"
8/7/2026,Eriu Fragment: Hand Armor,"6,199,037"
8/7/2026,Eriu Fragment: Head Armor,"2,399,999"
8/7/2026,Eriu Fragment: Roots of Abundance,"8,999,999"
8/7/2026,Eriu Fragment: Starlight Belt,"14,300,000"
8/7/2026,Eriu Fragment: Weapon,"2,357,630"
8/7/2026,Eriu Fragment: Yoke of Mortality,"7,500,000"
8/7/2026,Escalating Enchant Scroll,"27,000,000"
8/7/2026,Esras' Essence,"11,111,111"
8/7/2026,Executing Enchant Scroll,"54,000,000"
8/7/2026,Exquisite Cloth,"1,900"
8/7/2026,Exquisite HP Potion,"20,000"
8/7/2026,Exquisite Iron Ore,"50,000"
8/7/2026,Fading Enchant Scroll,"745,643"
8/7/2026,Fallen One's Rhod Compass,"68,110,000"
8/7/2026,Fallen One's Rusty Rhod Compass,"28,888,000"
8/7/2026,Fallen One's Shiny Rhod Compass,"114,500,000"
8/7/2026,Fate Enchant Scroll,"435,000,000"
8/7/2026,Fine Bracelet Diamond,"50,000"
8/7/2026,Fine Bracelet Emerald,"50,000"
8/7/2026,Fine Bracelet Ruby,"50,000"
8/7/2026,Fine Bracelet Sapphire,"44,025"
8/7/2026,Fine Cloth,500
8/7/2026,Fine HP Potion,"3,200"
8/7/2026,Fire Spirit Remnant,"2,399"
8/7/2026,Flask of Niflheim,"2,220,000"
8/7/2026,Forgotten Enchant Scroll,"3,888,888"
8/7/2026,Fragrant Additive (Beginner),"4,500"
8/7/2026,Fragrant Additive (Journeyman),"13,000"
8/7/2026,Fragrant Additive (Professional),"9,800"
8/7/2026,Frenzy Enchant Scroll,"1,111,111"
8/7/2026,Godly Cloth,"5,000"
8/7/2026,Goibhniu's Enhancement Stone,"2,210,000"
8/7/2026,Goibhniu's Stone+,"5,599,999"
8/7/2026,Gold Bracelet,"23,500,000"
8/7/2026,Gold Ore,"1,750"
8/7/2026,Goldsmithing Recipe Scroll: Eriu Totem Focus,"3,500,000"
8/7/2026,Goldsmithing Recipe Scroll: Eriu Weapon,"4,800,000"
8/7/2026,Goldsmithing Recipe Scroll: Roots of Abundance,"8,000,000"
8/7/2026,Goldsmithing Recipe Scroll: The Cursed Belt,"3,999,800"
8/7/2026,Goldsmithing Recipe Scroll: The Sun's Wish,"6,000,000"
8/7/2026,Goldsmithing Recipe Scroll: Token of Silence,"5,000,000"
8/7/2026,Goldsmithing Recipe Scroll: Yoke of Mortality,"20,000,000"
8/7/2026,Gorbas' Essence,"9,750,000"
8/7/2026,Greater Bronze Lion Statue,"3,000,000"
8/7/2026,Greater Werewolf Paw,"6,000,000"
8/7/2026,Heavenly Leather,"6,000"
8/7/2026,Hollow Enchant Scroll,"35,000,000"
8/7/2026,Ice Spirit Remnant,"1,200"
8/7/2026,Impaling Enchant Scroll,"700,000"
8/7/2026,Indomitable Enchant Scroll,"9,400,000"
8/7/2026,Inherited Power: Fragments,"13,304"
8/7/2026,Instant Enchant Scroll,"19,000,000"
8/7/2026,Intermediate Element Stone,"310,000"
8/7/2026,Irate Enchant Scroll,"6,800,000"
8/7/2026,Iron Ore,"14,372"
8/7/2026,Jardin Steel,"24,999"
8/7/2026,Keen Eriu Crystal,"1,549,000"
8/7/2026,Keen Succession Ore,"500,000"
8/7/2026,Keen Uaithne Crystal,"2,241,793"
8/7/2026,Lament Enchant Scroll,"2,899,999"
8/7/2026,Life Erg Crystal,"4,999"
8/7/2026,Lightweight Eriu Crystal,"819,999"
8/7/2026,Lightweight Legendary Shard,"200,000"
8/7/2026,Lightweight Succession Ore,"1,500,000"
8/7/2026,Lightweight Uaithne Crystal,"3,350,000"
8/7/2026,Lord's Obsidian Bracelet,"405,000,000"
8/7/2026,Lucian's Essence,"6,000,000"
8/7/2026,Madness Enchant Scroll,"3,800,000"
8/7/2026,Magic Elixir,"59,999"
8/7/2026,Magic Elixir of Life,"8,000"
8/7/2026,Magic Powder,"9,199"
8/7/2026,Magic Stone,"1,444"
8/7/2026,Mana Dust,"8,700"
8/7/2026,Mana Reformer,"1,900"
8/7/2026,Meaningful Enchant Scroll,"1,000,000"
8/7/2026,Misty Summit Source,"12,176"
8/7/2026,Morgant's Essence,"8,000,000"
8/7/2026,Mysterious Shard Grade 1,"75,000"
8/7/2026,Mysterious Shard Grade 2,"550,000"
8/7/2026,Mysterious Shard Grade 3,"933,333"
8/7/2026,Mystic Enchant Scroll,"69,696,969"
8/7/2026,New Era Cloth,"20,800"
8/7/2026,New Era Leather,"19,300"
8/7/2026,New Era Ore,"4,800"
8/7/2026,New Era Stone,"39,800"
8/7/2026,Obsidian Kitty Necklace,"110,000,000"
8/7/2026,Orb,"7,777"
8/7/2026,Orna's Essence,"1,199,265"
8/7/2026,Orna's Essence: Feet Armor,"1,099,999"
8/7/2026,Orna's Essence: Hand Armor,"1,210,000"
8/7/2026,Orna's Essence: Head Armor,"1,600,000"
8/7/2026,Orna's Essence: Leg Armor,"3,699,999"
8/7/2026,Orna's Essence: Weapon,"1,312,533"
8/7/2026,Outburst Enchant Scroll,"1,111,111"
8/7/2026,Paradise Orb,"1,900"
8/7/2026,Passion Enchant Scroll,"3,500,000"
8/7/2026,Peaceful Enchant Scroll,"199,999"
8/7/2026,Perfect Eriu Crystal,"1,999,999"
8/7/2026,Perfect Legendary Chunk,"1,222,800"
8/7/2026,Perfect Succession Ore,"500,000"
8/7/2026,Perfect Uaithne Crystal,"3,799,999"
8/7/2026,Petrify Enchant Scroll,"900,000"
8/7/2026,Prairie Erg Crystal,"48,887"
8/7/2026,Praise Enchant Scroll,"40,000,000"
8/7/2026,Prophetic Enchant Scroll,"9,999,999"
8/7/2026,Rage Erg Crystal,"9,899"
8/7/2026,Raging Enchant Scroll,"700,000"
8/7/2026,Red Kitty Necklace,"1,111,111"
8/7/2026,Red Pigment (Apprentice),"10,000"
8/7/2026,Red Pigment (Beginner),"13,005"
8/7/2026,Red Pigment (Journeyman),990
8/7/2026,Red Pigment (Professional),"13,000"
8/7/2026,Reflection Enchant Scroll,"27,000,000"
8/7/2026,Revenge Enchant Scroll,"2,222,222"
8/7/2026,Robust Eriu Crystal,"3,032,931"
8/7/2026,Robust Uaithne Crystal,"904,431"
8/7/2026,Ruins Erg Crystal,"3,500"
8/7/2026,Scattered Essence Box,"5,000,000"
8/7/2026,Sealed Power: Fragments,"31,000"
8/7/2026,Semias' Essence,"9,696,969"
8/7/2026,Ship Graveyard Power Crystal,"1,900"
8/7/2026,Shrewd Enchant Scroll,"10,000,000"
8/7/2026,Significant Enchant Scroll,"450,000"
8/7/2026,Silence Erg Crystal,"19,999"
8/7/2026,Silver Bracelet,"55,555"
8/7/2026,Smooth Eriu Crystal,"1,100,000"
8/7/2026,Smooth Legendary Chunk,"1,111,800"
8/7/2026,Smooth Succession Ore,"449,999"
8/7/2026,Smooth Uaithne Crystal,"600,000"
8/7/2026,Solid Eriu Crystal,"1,100,000"
8/7/2026,Solid Legendary Shard,"1,000,000"
8/7/2026,Solid Succession Ore,"810,000"
8/7/2026,Solid Uaithne Crystal,"850,000"
8/7/2026,Solitude Enchant Scroll,"16,000,000"
8/7/2026,Sorrowful Enchant Scroll,"999,999"
8/7/2026,Special Dungeon: Enchant Pouch,"11,017,025"
8/7/2026,Spinos' Essence,"18,888,888"
8/7/2026,Spirit Magic Powder,"11,400"
8/7/2026,Spirit Remnant,"15,999"
8/7/2026,Spirit Water,"2,995"
8/7/2026,Stable Eriu Crystal,"857,000"
8/7/2026,Stable Uaithne Crystal,"3,500,000"
8/7/2026,Steeping Enchant Scroll,"39,900,000"
8/7/2026,Stern Enchant Scroll,"5,000,000"
8/7/2026,Striking Enchant Scroll,"5,000"
8/7/2026,Stylish Enchant Scroll,"11,844,566"
8/7/2026,Superior Bracelet Diamond,"4,500,000"
8/7/2026,Superior Bracelet Emerald,"3,202,500"
8/7/2026,Superior Bracelet Ruby,"7,500,000"
8/7/2026,Superior Bracelet Sapphire,"2,222,500"
8/7/2026,Superior Cloth,"2,999"
8/7/2026,Superior Element Stone,"824,900"
8/7/2026,Superior Enhancement Elixir,"105,694"
8/7/2026,Superior HP Potion,"8,999"
8/7/2026,Superior Iron Ore,"35,868"
8/7/2026,Tailoring Outfit Recipe Scroll: Braha Armor (Female),"3,000,000"
8/7/2026,Tailoring Outfit Recipe Scroll: Braha Armor (Male),"1,000,000"
8/7/2026,Tailoring Outfit Recipe Scroll: Milletian Armor (Female),"5,000,000"
8/7/2026,Tailoring Outfit Recipe Scroll: Milletian Armor (Male),"500,000"
8/7/2026,Tailoring Outfit Recipe Scroll: Nightmare Armor (Male),"25,000,000"
8/7/2026,Tailoring Outfit Recipe Scroll: Orna Armor (Male),"500,000"
8/7/2026,Tailoring Outfit Recipe Scroll: Pirate Armor (Female),"19,990,000"
8/7/2026,Tailoring Outfit Recipe Scroll: Regina Armor (Male),"1,000,000"
8/7/2026,Tailoring Outfit Recipe Scroll: Royal Cadet Armor (Female),"5,500,000"
8/7/2026,Tailoring Outfit Recipe Scroll: Royal Cadet Armor (Male),"999,999"
8/7/2026,Tailoring Outfit Recipe Scroll: Swift Armor (Male),"280,000"
8/7/2026,Tailoring Outfit Recipe Scroll: Terminus Sentinel Armor (Female),"1,999,999"
8/7/2026,Tailoring Outfit Recipe Scroll: Terminus Sentinel Armor (Male),"2,000,000"
8/7/2026,Tailoring Outfit Recipe Scroll: Viking Armor (Female),"2,800,000"
8/7/2026,Tailoring Outfit Recipe Scroll: Viking Armor (Male),"5,000,000"
8/7/2026,Tailoring Outfit Recipes Scroll: Orna Armor (Female),"90,000"
8/7/2026,Tailoring Outit Recipe Scroll: Swift Armor (Female),"500,000"
8/7/2026,Tailoring Recipe Scroll: Eriu Head Armor,"2,310,000"
8/7/2026,Tailoring Recipe Scroll: Eriu Leg Armor,"1,000,000"
8/7/2026,Tailoring Recipe Scroll: Uaithne Chest Armor,"9,999,999"
8/7/2026,Tailoring Recipe Scroll: Uaithne Feet Armor,"4,999,999"
8/7/2026,Tailoring Recipe Scroll: Uaithne Hand Armor,"950,000"
8/7/2026,Tailoring Recipe Scroll: Uaithne Head Armor,"10,000,000"
8/7/2026,Tarian Steel,"3,100,000"
8/7/2026,Tempestuous Enchant Scroll,"10,999,999"
8/7/2026,Terra Spirit Remnant,"1,698"
8/7/2026,The Cursed Belt,"77,777,777"
8/7/2026,The Dead Enchant Scroll,"333,333"
8/7/2026,The Watcher's Glowing Mysterious Cat Statue,"75,000,000"
8/7/2026,The Watcher's Glowing Succubus Fang,"99,999,999"
8/7/2026,The Watcher's Glowing War Goddess Statue,"74,000,000"
8/7/2026,The Watcher's Glowing Werewolf Paw,"100,000,000"
8/7/2026,The Watcher's Mysterious Cat Statue,"18,000,000"
8/7/2026,The Watcher's Rusty Mysterious Cat Statue,"4,000,000"
8/7/2026,The Watcher's Rusty Succubus Fang,"6,450,000"
8/7/2026,The Watcher's Rusty War Goddess Statue,"3,900,000"
8/7/2026,The Watcher's Rusty Werewolf Paw,"8,277,777"
8/7/2026,The Watcher's Succubus Fang,"24,698,975"
8/7/2026,The Watcher's Werewolf Paw,"37,770,000"
8/7/2026,Thick Additive (Apprentice),"9,873"
8/7/2026,Thick Additive (Journeyman),"10,000"
8/7/2026,Token of Quiet,"83,000,000"
8/7/2026,Token of Silence,"130,000,000"
8/7/2026,Tragic Enchant Scroll,"32,000,000"
8/7/2026,Transcendent Enchant Scroll,"14,400,000"
8/7/2026,Trial Enchant Scroll,"32,000,000"
8/7/2026,Truth Enchant Scroll,"777,777"
8/7/2026,Twilight Desert Source,"5,033"
8/7/2026,Twilight Erg Crystal,"19,999"
8/7/2026,Uaithne Crystal,"17,400,000"
8/7/2026,Uaithne Fragment: Auxiliary Equipment,"2,000,000"
8/7/2026,Uaithne Fragment: Feet Armor,"3,222,222"
8/7/2026,Uaithne Fragment: Hand Armor,"3,696,969"
8/7/2026,Uaithne Fragment: Head Armor,"3,650,000"
8/7/2026,Uaithne Fragment: Leg Armor,"2,780,000"
8/7/2026,Uaithne Fragment: The Cursed Belt,"7,900,000"
8/7/2026,Uaithne Fragment: The Sun's Wish,"7,750,000"
8/7/2026,Uaithne Fragment: Token of Quiet,"19,696,969"
8/7/2026,Uaithne Fragment: Token of Silence,"7,399,999"
8/7/2026,Uaithne Fragment: Weapon,"3,300,000"
8/7/2026,Unknowable Power: Fragments,"170,000"
8/7/2026,Unrelenting Eriu Crystal,"3,541,606"
8/7/2026,Unrelenting Uaithne Crystal,"1,000,000"
8/7/2026,Unstable Enhancement Rune,"7,777,777"
8/7/2026,Uscias' Essence,"4,074,000"
8/7/2026,Usurper's Rusty Rhod Compass,"4,800,000"
8/7/2026,Valor Enchant Scroll,"500,000"
8/7/2026,Veiled Enchant Scroll,"23,900,000"
8/7/2026,Victorious Enchant Scroll,"4,500,000"
8/7/2026,Waking Stone: Breakoff DMG +8%,998
8/7/2026,Waking Stone: Cooldown (5 sec),"300,300"
8/7/2026,Waking Stone: Efficient SP (70),"222,219"
8/7/2026,Wandering Enchant Scroll,"32,200,000"
8/7/2026,Warlord's Enchant Scroll,"444,444"
8/7/2026,Water Erg Crystal,"16,799"
8/7/2026,Wave Enchant Scroll,"28,000,000"
8/7/2026,Weaponsmithing Recipe Scroll: Eriu Weapon,"5,000,800"
8/7/2026,Weeping Enchant Scroll,"55,500"
8/7/2026,White Kitty Brooch,"2,500,000"
8/7/2026,White Kitty Necklace,"6,666,666"
8/7/2026,Wish Enchant Scroll,"1,261,322"
8/7/2026,Withered Enchant Scroll,"18,000,000"
8/7/2026,Yellow Pigment (Apprentice),"6,000"
8/7/2026,Yellow Pigment (Beginner),"4,116"
8/7/2026,Yellow Pigment (Journeyman),"9,900"
8/7/2026,Yellow Pigment (Professional),"2,500"
